"병원","분류","명칭","코드","비용","최저비용","최고비용","치료재료대","약제비포함여부","특이사항"
"대전","약제비","스카이조스터주(대상포진생바이러스백신)(0.5밀리리터)","MZOSTA","140000","","","","",""
"대전","약제비","카티스템(동종제대혈유래중간엽줄기세포)(1.5밀리리터)","4010300054","4776750","","","","",""
"대전","약제비","아세트펜프리믹스주(아세트아미노펜)(100밀리리터)","MAAPNS","9267","","","","",""
"대전","약제비","오메크린크림(퍼메트린)","DOMECLEAN","6500","","","","",""
"대전","약제비","아진탈정(군납명:아진타미드판크레아틴셀루라제정)(50밀리그램)","DAZT","12","","","","",""
"대전","약제비","일양실데나필정50밀리그램(실데나필시트르산염)(50밀리그램)","DSILDE50","7480","","","","",""
"대전","약제비","일양실데나필정100밀리그램(100밀리그램)","DSILDE100","3114","","","","",""
"대전","약제비","삐콤정(6밀리그램)","DBC","14","","","","",""
"대전","약제비","파자임95이중정(70밀리그램)","DPZM","33","","","","",""
"대전","약제비","익스트린엠캡슐(325밀리그램)","DMYDR","90","","","","",""
"대전","약제비","베스타제당의정(75밀리그램)","DBST","27","","","","",""
"대전","약제비","푸레파인연고(28그램)","DPREPAO","2985","","","","",""
"대전","약제비","케어가글액(벤제토늄염화물)","0DCARE","600","","","","",""
"대전","약제비","시알롱기정20mg (대원제약)","DTADA20","745","","","","",""
"대전","약제비","유락신연고(크로타미톤)","DTAMI","11","","","","",""
"대전","약제비","헤파빅주(비형간염사람면역글로불린)(수출명:헤파글로브)(1밀리리터)","MHBIG","33321","","","","",""
"대전","약제비","녹십자-일본뇌염백신주(수출명:재패니즈엔세팔리티스백신-지씨씨주나가박젠세박)(1밀리리터)","MJBE","30000","","","","",""
"대전","약제비","녹십자-세포배양일본뇌염백신주(건조세포배양일본뇌염백신)(0.7밀리리터)","MJBEC","40000","","","","",""
"대전","약제비","녹십자-세포배양일본뇌염백신주(건조세포배양일본뇌염백신)(0.4밀리리터)","MJBEC04","30000","","","","",""
"대전","약제비","액티피드정(60밀리그램)","DACT","18","","","","",""
"대전","약제비","티디백신 0.5ml/syr  (SK 케미칼)","MTD","30000","","","","",""
"대전","약제비","파라손연고(푸시딘산나트륨)","DFCDO","330","","","","",""
"대전","약제비","헤파뮨 PFS 1ml(에스케이바이오사이언스(주))","MHBV","30000","","","","",""
"대전","약제비","레밋치연질캡슐2.5마이크로그램(날푸라핀염산염)(2.5마이크로그램)","DREMITCH","2667","","","","",""
"대전","약제비","크린조(염화나트륨)(1000밀리리터)","MKLEN","779","","","","",""
"대전","약제비","플로실헤모스태틱매트릭스(500IU)","DFLOS","255710","","","","",""
"대전","약제비","서카딘서방정2mg(멜라토닌)(2밀리그램)","DMELATONIN","510","","","","",""
"대전","약제비","오스테민캅셀(결정황산글루코사민)(250밀리그램)","DOST","1","","","","",""
"대전","약제비","그린관장약(농글리세린)(수출명:FIT-APO)","D50GLY","596","","","","",""
"대전","약제비","그린백색바셀린(원료)","DVASE100","482","","","","",""
"대전","약제비","카버젝트주사20마이크로그람(알프로스타딜)(20마이크로그램)","MALP20","14945","","","","",""
"대전","약제비","테라마이신안연고(3.5그램)","DOXYEO","217","","","","",""
"대전","약제비","인판릭스주(흡착디프테리아파상풍톡소이드및정제백일해혼합백신)(0.5밀리리터)","MPDT05","30000","","","","",""
"대전","약제비","스티바에이크림0.05%(트레티노인)","DTRE5","517","","","","",""
"대전","약제비","스티바에이크림0.025%(트레티노인)","DTRE2.5","153","","","","",""
"대전","약제비","바리엘백신주(수두백신)/Vial   ","MBIKEN","30000","","","","",""
"대전","약제비","부롬정5밀리그람(브롬페리돌)(수출용)(5밀리그램)","DBPD5","58","","","","",""
"대전","약제비","프록토세딜연고","DPROO","1005","","","","",""
"대전","약제비","멘비오(수막구균 A,C,W135 & Y-CRM197 단백 접합백신)","MMENVEO","130000","","","","",""
"대전","약제비","신일비사코딜정(5밀리그램)","5080100014","17","","","","",""
"대전","약제비","액상하이랙스주(히알루로니다제)(1밀리리터)","MHLASE-L","10962","","","","",""
"대전","약제비","가다실프리필드시린지[인유두종바이러스4가(6111618형)백신(유전자재조합)](0.5밀리리터)","MGDS","120000","","","","",""
"대전","약제비","로타텍액[경구용약독화로타생바이러스백신(사람-소재배열)]","DROTAV","100000","","","","",""
"대전","약제비","엠엠알II(홍역유행성이하선염및풍진혼합생바이러스백신)(0.5밀리리터)","MMMR2","30000","","","","",""
"대전","약제비","프로디악스-23(폐렴구균백신)(0.5밀리리터)","MPNEUMO","50000","","","","",""
"대전","약제비","박타프리필드시린지(A형간염백신)(0.5밀리리터)","MHAV","30000","","","","",""
"대전","약제비","박타프리필드시린지(A형간염백신)(1밀리리터)","MHAV1","70000","","","","",""
"대전","약제비","브리디온주(슈가마덱스나트륨)(2밀리리터)","MBRID2","79916","","","","",""
"대전","약제비","가다실 9 프리필드시린지[인유두종바이러스9가(6, 11, 16, 18, 31, 33, 45, 52, 58형)백신(유전자재조합)] (0.5밀리리터)","MGDS9","180000","","","","",""
"대전","약제비","설간-구구좌제(200밀리그램)","DSGP","152","","","","",""
"대전","약제비","백색바셀린","DVASE","8","","","","",""
"대전","약제비","예나스테론주(에난토산테스토스테론)(1밀리리터)","MTESTOE","4674","","","","",""
"대전","약제비","로와콜연질캅셀(32밀리그램)","DROWA","428","","","","",""
"대전","약제비","타스나정(탄산수소나트륨)(500밀리그램)","DBIVONT","23","","","","",""
"대전","약제비","이모박스폴리오주(개량불활폴리오백신)(0.5밀리리터)","MIMOPV","30000","","","","",""
"대전","약제비","아다셀주(0.5밀리리터)","MADAC","40000","","","","",""
"대전","약제비","테트락심주","MTETRA","50000","","","","",""
"대전","약제비","펜탁심주","MPENTAXIM","70000","","","","",""
"대전","약제비","박씨그리프테트라주(인플루엔자분할백신)(0.5밀리리터)","MFLU4-A","30000","","","","",""
"대전","약제비","유박스비주(B형간염백신유전자재조합)(수출명:리콤박스주헤파티박스주RecombinantHepatitisBVaccine엘지유박스비주)(0.5밀리리터)","MHBVC","20000","","","","",""
"대전","약제비","뇌수막염백신(뉴힙주)  ","MHPIB","30000","","","","",""
"대전","약제비","다케다알보칠콘센트레이트액","DALBO","239","","","","",""
"대전","약제비","아젤리아크림(아젤라산)","DAZEL","680","","","","",""
"대전","행위료","1인실","ABZ010001","","135410","168650","","",""
"대전","치료재료대","HISTOACRYL 1050060","BB3001BP","42599","","","","",""
"대전","치료재료대","DBX PUTTY","BC0101AT","","434642","869290","","",""
"대전","치료재료대","BONGENER, CGDBM DEEP, EL FUSE INJECTABLE","BC0102QT","","345000","855000","","",""
"대전","치료재료대","TRABECULAR METAL FEMORAL CONE AUGMENT","BE4303DL","1940000","","","","",""
"대전","치료재료대","큐블럭(QBLOCK)","BF0101WC","660000","","","","",""
"대전","치료재료대","일회용 발 조절식 전기수술기용 전극","BF0201SH","1597688","","","","",""
"대전","치료재료대","YES C DISC","BF0202SH","1597688","","","","",""
"대전","치료재료대","DRAIN KEEPER","BJ1001BL","3082","","","","",""
"대전","치료재료대","VNUS CLOSURE FAST","4010200099","880000","","","","","하지정맥류 고주파정맥내막폐쇄술시 사용"
"대전","치료재료대","VENASEAL CLOSURE SYSTEM","BJ4321DU","1639000","","","","",""
"대전","치료재료대","OPTICROSS CORONARY IMAGING CATHETER","BJ4503BM","1090400","","","","",""
"대전","치료재료대","EPISOL","BJ4803GZ","638624","","","","",""
"대전","치료재료대","I-GEL SUPRAGLOTTIC AIRWAY","BK4202DC","53800","","","","",""
"대전","치료재료대","PEHA-HAFT","BK7101DQ","681","","","","",""
"대전","치료재료대","3M COBAN SELF-ADHERENT WRAP","BK7101EA","1435","","","","",""
"대전","치료재료대","PEHA-HAFT","BK7104DQ","1045","","","","",""
"대전","치료재료대","PEHA-HAFT","BK7105DQ","817","","","","",""
"대전","치료재료대","3M NO STING BARRIER FILM","BL3004EA","6920","","","","",""
"대전","치료재료대","PRO ROOT MTA","BL7601NM","59930","","","","",""
"대전","치료재료대","엘라반멸균반창고","BM5008JK","1070","","","","",""
"대전","치료재료대","웰픽스롤 반창고","BM5101BY","235","","","","",""
"대전","행위료","실시간역전사중합효소연쇄반응법-인플루엔자바이러스 A","C6095","44742","","","","",""
"대전","행위료","프로인슐린","CZ206","7147","","","","",""
"대전","행위료","PAPP-A [정밀면역검사](정량)","CZ212","31709","","","","",""
"대전","행위료","항GM1항체 [IgG]","CZ261","21365","","","","",""
"대전","행위료","인플루엔자 A·B 바이러스항원검사 [현장검사]","CZ394","25000","","","","",""
"대전","행위료","항GD1b항체 [IgM]","CZ425","23503","","","","",""
"대전","행위료","진정내시경 환자관리료 Ⅰ ","SEA001","56300","","","","","직장, S상 결장경 검사"
"대전","행위료","진정내시경 환자관리료 Ⅱ","SEA002","81700","","","","","상부소화관내시경검사"
"대전","행위료","진정내시경 환자관리료 Ⅲ","SEA003","125220","","","","","결장경, 담도경, ERCP 내시경적역행성 담췌관조영술"
"대전","행위료","진정내시경 환자관리료 Ⅳ","SEA004","173170","","","","","기본기관지경검사, ERCP 경유두적담(췌)관경검사"
"대전","행위료","단순초음파(Ⅰ)","SEB401","","16300","30000","","","급여 인정기준 외 실시한경우 비급여"
"대전","행위료","단순초음파(Ⅱ)","SEB402","32620","","","","","급여 인정기준 외 실시한경우 비급여"
"대전","행위료","두경부-안 초음파-안구","SEB411","96210","","","","","급여 인정기준 외 실시한경우 비급여"
"대전","행위료","두경부-안 초음파-안와","SEB412","96210","","","","","급여 인정기준 외 실시한경우 비급여"
"대전","행위료","두경부-경부 초음파-갑상선·부갑상선","SEB414","96560","","","","","급여 인정기준 외 실시한경우 비급여"
"대전","행위료","두경부-경부 초음파-갑상선·부갑상선 제외한 경부","SEB415","96560","","","","","급여 인정기준 외 실시한경우 비급여"
"대전","행위료","두경부-비·부비동 초음파","SEB416","63790","","","","","급여 인정기준 외 실시한경우 비급여"
"대전","행위료","흉부-유방·액와부 초음파","SEB421","130140","","","","","급여 인정기준 외 실시한경우 비급여"
"대전","행위료","흉부-유방·액와부 제외한 흉부 초음파","SEB422","90020","","","","","급여 인정기준 외 실시한경우 비급여"
"대전","행위료","심장-선천성 심질환 경흉부 심초음파","SEB430","111330","","","","","급여 인정기준 외 실시한경우 비급여"
"대전","행위료","심장-경흉부 심초음파-단순","SEB431","117550","","","","","급여 인정기준 외 실시한경우 비급여"
"대전","행위료","심장-경흉부 심초음파-일반","SEB432","185550","","","","","급여 인정기준 외 실시한경우 비급여"
"대전","행위료","심장-경흉부 심초음파-전문","SEB433","270560","","","","","급여 인정기준 외 실시한경우 비급여"
"대전","행위료","심장-부하 심초음파-약물부하","SEB434","547260","","","","","급여 인정기준 외 실시한경우 비급여"
"대전","행위료","심장-부하 심초음파-운동부하","SEB435","520340","","","","","급여 인정기준 외 실시한경우 비급여"
"대전","행위료","심장-태아정밀 심초음파","SEB436","406560","","","","","급여 인정기준 외 실시한경우 비급여"
"대전","행위료","복부-복부 초음파-충수","SEB443","116980","","","","","급여 인정기준 외 실시한경우 비급여"
"대전","행위료","복부-복부 초음파-소장·대장","SEB444","117060","","","","","급여 인정기준 외 실시한경우 비급여"
"대전","행위료","복부-복부 초음파-서혜부","SEB445","80820","","","","","급여 인정기준 외 실시한경우 비급여"
"대전","행위료","복부-복부 초음파-직장·항문","SEB446","137760","","","","","급여 인정기준 외 실시한경우 비급여"
"대전","행위료","복부-복부 초음파-항문 ","SEB447","114800","","","","","급여 인정기준 외 실시한경우 비급여"
"대전","행위료","복부-비뇨기계 초음파-신장·부신·방광","SEB448","103090","","","","","급여 인정기준 외 실시한경우 비급여"
"대전","행위료","복부-비뇨기계 초음파-신장·부신","SEB44901","102480","","","","","급여 인정기준 외 실시한경우 비급여"
"대전","행위료","복부-비뇨기계 초음파-신장·부신","SEB449","93170","","","","","급여 인정기준 외 실시한경우 비급여"
"대전","행위료","복부-비뇨기계 초음파-방광","SEB450","84050","","","","","급여 인정기준 외 실시한경우 비급여"
"대전","행위료","복부-남성생식기 초음파-전립선·정낭","SEB451","120910","","","","","급여 인정기준 외 실시한경우 비급여"
"대전","행위료","복부-남성생식기 초음파-전립선·정낭(경복부로 실시)","SEB452","67230","","","","","급여 인정기준 외 실시한경우 비급여"
"대전","행위료","복부-남성생식기 초음파-음경","SEB45301","104510","","","","","급여 인정기준 외 실시한경우 비급여"
"대전","행위료","복부-남성생식기 초음파-음경","SEB453","95010","","","","","급여 인정기준 외 실시한경우 비급여"
"대전","행위료","복부-남성생식기 초음파-음낭","SEB454","95010","","","","","급여 인정기준 외 실시한경우 비급여"
"대전","행위료","복부-여성생식기 초음파-일반","SEB455","108720","","","","","급여 인정기준 외 실시한경우 비급여"
"대전","행위료","복부-여성생식기 초음파-일반-자궁내 생리식염수 주입","SEB456","139070","","","","","급여 인정기준 외 실시한경우 비급여"
"대전","행위료","복부-여성생식기 초음파-정밀","SEB457","159310","","","","","급여 인정기준 외 실시한경우 비급여"
"대전","행위료","근골격, 연부-관절 초음파-손가락(편측)","SEB461","68320","","","","","급여 인정기준 외 실시한경우 비급여"
"대전","행위료","근골격, 연부-관절 초음파-발가락(편측)","SEB462","68320","","","","","급여 인정기준 외 실시한경우 비급여"
"대전","행위료","근골격, 연부-관절 초음파-주관절(편측)","SEB463","75260","","","","","급여 인정기준 외 실시한경우 비급여"
"대전","행위료","근골격, 연부-관절 초음파-슬관절(편측)","SEB464","75260","","","","","급여 인정기준 외 실시한경우 비급여"
"대전","행위료","근골격, 연부-관절 초음파-고관절(편측)","SEB465","94260","","","","","급여 인정기준 외 실시한경우 비급여"
"대전","행위료","근골격, 연부-관절 초음파-견관절(편측)","SEB466","94260","","","","","급여 인정기준 외 실시한경우 비급여"
"대전","행위료","근골격, 연부-관절 초음파-손목관절(편측)","SEB467","94260","","","","","급여 인정기준 외 실시한경우 비급여"
"대전","행위료","근골격, 연부-관절 초음파-발목관절(편측)","SEB468","94260","","","","","급여 인정기준 외 실시한경우 비급여"
"대전","행위료","근골격, 연부-관절 초음파-류마티스 질환에 의한 다발성 관절염","SEB469","146210","","","","","급여 인정기준 외 실시한경우 비급여"
"대전","행위료","근골격, 연부-연부조직 초음파-일반","SEB470","68320","","","","","급여 인정기준 외 실시한경우 비급여"
"대전","행위료","근골격, 연부-연부조직 초음파-정밀","SEB471","57740","","","","","급여 인정기준 외 실시한경우 비급여"
"대전","행위료","혈관-뇌혈류 초음파","SEB481","135650","","","","","급여 인정기준 외 실시한경우 비급여"
"대전","행위료","혈관-두개외 혈관 도플러 초음파-경동맥","SEB482","115790","","","","","급여 인정기준 외 실시한경우 비급여"
"대전","행위료","혈관-두개외 혈관 도플러 초음파-기타 동맥","SEB483","60780","","","","","급여 인정기준 외 실시한경우 비급여"
"대전","행위료","혈관-사지혈관 도플러 초음파-상지-동맥","SEB484","93300","","","","","급여 인정기준 외 실시한경우 비급여"
"대전","행위료","혈관-사지혈관 도플러 초음파-상지-정맥","SEB485","93300","","","","","급여 인정기준 외 실시한경우 비급여"
"대전","행위료","혈관-사지혈관 도플러 초음파-동정맥루의 혈류 및 협착 측정","SEB486","48030","","","","","급여 인정기준 외 실시한경우 비급여"
"대전","행위료","혈관-사지혈관 도플러 초음파-하지-동맥","SEB487","147730","","","","","급여 인정기준 외 실시한경우 비급여"
"대전","행위료","혈관-사지혈관 도플러 초음파-하지-정맥","SEB488","147730","","","","","급여 인정기준 외 실시한경우 비급여"
"대전","행위료","혈관-사지혈관 도플러 초음파-하지 정맥류 검사","SEB489","165920","","","","","급여 인정기준 외 실시한경우 비급여"
"대전","행위료","혈관-대동맥 도플러 초음파","SEB490","89980","","","","","급여 인정기준 외 실시한경우 비급여"
"대전","행위료","신경-중추신경계 초음파-경천문 뇌","SEB501","207470","","","","","급여 인정기준 외 실시한경우 비급여"
"대전","행위료","신경-중추신경계 초음파-척수","SEB502","207470","","","","","급여 인정기준 외 실시한경우 비급여"
"대전","행위료","신경-말초신경 초음파(편측)","SEB503","61870","","","","","급여 인정기준 외 실시한경우 비급여"
"대전","행위료","신경-말초신경 초음파-사지신경 종합 검사","SEB504","161410","","","","","급여 인정기준 외 실시한경우 비급여"
"대전","행위료","임산부-제1삼분기-일반","SEB511","85140","","","","","급여 인정기준 외 실시한경우 비급여"
"대전","행위료","임산부-제1삼분기-일반-임신 여부만 확인","SEB512","57780","","","","","급여 인정기준 외 실시한경우 비급여"
"대전","행위료","임산부-제1삼분기-정밀","SEB513","151920","","","","","급여 인정기준 외 실시한경우 비급여"
"대전","행위료","임산부-제1삼분기-정밀-기형아 계측","SEB514","194830","","","","","급여 인정기준 외 실시한경우 비급여"
"대전","행위료","임산부-제2,3삼분기-일반","SEB515","120510","","","","","급여 인정기준 외 실시한경우 비급여"
"대전","행위료","임산부-제2,3삼분기-일반-고위험 임신","SEB516","156670","","","","","급여 인정기준 외 실시한경우 비급여"
"대전","행위료","임산부-제2,3삼분기-정밀","SEB517","258270","","","","","급여 인정기준 외 실시한경우 비급여"
"대전","행위료","임산부-제2,3삼분기-정밀-기형아 계측","SEB518","302580","","","","","급여 인정기준 외 실시한경우 비급여"
"대전","행위료","유도초음파(Ⅰ)","SEB561","55680","","","","","급여 인정기준 외 실시한경우 비급여"
"대전","행위료","유도초음파(Ⅱ)","SEB562","111360","","","","","급여 인정기준 외 실시한경우 비급여"
"대전","행위료","유도초음파(Ⅲ)","SEB563","133630","","","","","급여 인정기준 외 실시한경우 비급여"
"대전","행위료","유도초음파(Ⅳ)","SEB564","334100","","","","","급여 인정기준 외 실시한경우 비급여"
"대전","행위료","심장-선천성 심질환 경식도 심초음파","SEB610","111330","","","","","급여 인정기준 외 실시한경우 비급여"
"대전","행위료","심장-경식도 심초음파","SEB611","517740","","","","","급여 인정기준 외 실시한경우 비급여"
"대전","행위료","심장-심장내 초음파","SEB612","569520","","","","","급여 인정기준 외 실시한경우 비급여"
"대전","행위료","동맥경화도검사(맥파전달속도측정)","SZ07201","30000","","","","",""
"대전","행위료","신경인지기능검사-지각 및 시공간능력검사-레이 복합도형검사","FZ044","30000","","","","",""
"대전","행위료","신경증 불안평가 - 증상 및 행동 평가 척도(불안척도)","FY705","35000","","","","",""
"대전","행위료","신경증우울평가 - 증상 및 행동 평가 척도(우울척도)","FY713","35000","","","","",""
"대전","행위료","언어전반진단검사","atACT000007","25000","","","","",""
"대전","행위료","비디오전기안진검사","SZ01707","31010","","","","",""
"대전","행위료","비디오전기안진검사","SZ01503","","31010","103500","","",""
"대전","행위료","견관절-일반","HE115","470000","","","","","급여 인정기준 외 실시한 경우 비급여"
"대전","행위료","주관절-일반","HE116","470000","","","","","급여 인정기준 외 실시한 경우 비급여"
"대전","행위료","수관절-일반","HE117","470000","","","","","급여 인정기준 외 실시한 경우 비급여"
"대전","행위료","고관절-일반","HE118","470000","","","","","급여 인정기준 외 실시한 경우 비급여"
"대전","행위료","천장골관절-일반","HE119","470000","","","","","급여 인정기준 외 실시한 경우 비급여"
"대전","행위료","슬관절-일반","HE120","470000","","","","","급여 인정기준 외 실시한 경우 비급여"
"대전","행위료","발목관절-일반","HE121","470000","","","","","급여 인정기준 외 실시한 경우 비급여"
"대전","행위료","관절외상지-일반","HE122","470000","","","","","급여 인정기준 외 실시한 경우 비급여"
"대전","행위료","관절외하지-일반","HE123","470000","","","","","급여 인정기준 외 실시한 경우 비급여"
"대전","행위료","사지혈관-일반","HE139","400000","","","","","급여 인정기준 외 실시한 경우 비급여"
"대전","행위료","관절조영","HE142","470000","","","","","급여 인정기준 외 실시한 경우 비급여"
"대전","행위료","견관절-조영제주입전·후 촬영판독","HE215","470000","","","","","조영제 별도산정 급여 인정기준 외 실시한 경우 비급여"
"대전","행위료","주관절-조영제주입전·후 촬영판독","HE216","470000","","","","","조영제 별도산정 급여 인정기준 외 실시한 경우 비급여"
"대전","행위료","수관절-조영제주입전·후 촬영판독","HE217","470000","","","","","조영제 별도산정 급여 인정기준 외 실시한 경우 비급여"
"대전","행위료","고관절-조영제주입전·후 촬영판독","HE218","470000","","","","","조영제 별도산정 급여 인정기준 외 실시한 경우 비급여"
"대전","행위료","천장골관절-조영제주입전·후 촬영판독","HE219","470000","","","","","조영제 별도산정 급여 인정기준 외 실시한 경우 비급여"
"대전","행위료","슬관절-조영제주입전·후 촬영판독","HE220","470000","","","","","조영제 별도산정 급여 인정기준 외 실시한 경우 비급여"
"대전","행위료","발목관절-조영제주입전·후 촬영판독","HE221","470000","","","","","조영제 별도산정 급여 인정기준 외 실시한 경우 비급여"
"대전","행위료","관절외상지-조영제주입전·후 촬영판독","HE222","470000","","","","","조영제 별도산정 급여 인정기준 외 실시한 경우 비급여"
"대전","행위료","관절외하지-조영제주입전·후 촬영판독","HE223","470000","","","","","조영제 별도산정 급여 인정기준 외 실시한 경우 비급여"
"대전","행위료","사지혈관-조영제주입전·후 촬영판독","HE239","400000","","","","","급여 인정기준 외 실시한 경우 비급여"
"대전","행위료","확산","HF101","231570","","","","","급여 인정기준 외 실시한 경우 비급여"
"대전","행위료","관류[3차원자기공명영상포함]","HF102","354820","","","","","급여 인정기준 외 실시한 경우 비급여"
"대전","행위료","분광영상","HF103","232560","","","","","급여 인정기준 외 실시한 경우 비급여"
"대전","행위료","영화 [기본검사 및 3차원자기공명영상 포함]","HF104","521150","","","","","급여 인정기준 외 실시한 경우 비급여"
"대전","행위료","Dynamic [기본검사 포함]","HF105","409390","","","","","급여 인정기준 외 실시한 경우 비급여"
"대전","행위료","이중조영","HF106","450000","","","","","급여 인정기준 외 실시한 경우 비급여"
"대전","행위료","기능적 [기본검사 및 3차원자기공명영상 포함] ","HF107","597540","","","","","급여 인정기준 외 실시한 경우 비급여"
"대전","행위료","확산-기본검사와동시실시","HF201","128510","","","","","급여 인정기준 외 실시한 경우 비급여"
"대전","행위료","관류[3차원자기공명영상포함]-기본검사와동시실시","HF202","200130","","","","","급여 인정기준 외 실시한 경우 비급여"
"대전","행위료","분광영상-기본검사와동시실시","HF203","137380","","","","","급여 인정기준 외 실시한 경우 비급여"
"대전","행위료","뇌-일반-촬영료,판독료 등","HI101+HJ101","","374420","396820","","","전송비용(금액) 포함 & 조영제 별도산정 급여 인정기준 외 실시한 경우 비급여 (테슬러장비별 금액상이)"
"대전","행위료","안면-일반-촬영료  판독료 등","HI103+HJ103","","406880","431210","","","전송비용(금액) 포함 & 조영제 별도산정 급여 인정기준 외 실시한 경우 비급여 (테슬러장비별 금액상이)"
"대전","행위료","부비동-일반-촬영료  판독료 등","HI104+HJ104","","406880","431210","","","전송비용(금액) 포함 & 조영제 별도산정 급여 인정기준 외 실시한 경우 비급여 (테슬러장비별 금액상이)"
"대전","행위료","안와-일반-촬영료, 판독료  등","HI105+HJ105","","406880","431210","","","전송비용(금액) 포함 & 조영제 별도산정 급여 인정기준 외 실시한 경우 비급여 (테슬러장비별 금액상이)"
"대전","행위료","측두골-일반-촬영료,판독료 등","HI106+HJ106","","406880","431210","","","전송비용(금액) 포함 & 조영제 별도산정 급여 인정기준 외 실시한 경우 비급여 (테슬러장비별 금액상이)"
"대전","행위료","측두하악관절-일반-촬영료,판독료 등","HI107+HJ107","","406880","431210","","","전송비용(금액) 포함 & 조영제 별도산정 급여 인정기준 외 실시한 경우 비급여 (테슬러장비별 금액상이)"
"대전","행위료","경부-일반-촬영료 판독료 등","HI108+HJ108","","406880","431210","","","전송비용(금액) 포함 & 조영제 별도산정 급여 인정기준 외 실시한 경우 비급여 (테슬러장비별 금액상이)"
"대전","행위료","뇌혈관-일반-촬영료 및 판독료 등","HI135+ HJ135","","407990","432400","","","전송비용(금액) 포함 & 조영제 별도산정 급여 인정기준 외 실시한 경우 비급여 (테슬러장비별 금액상이)"
"대전","행위료","경부혈관-일반-촬영료 등","HI136+HJ136","","407990","432400","","","전송비용(금액) 포함 & 조영제 별도산정 급여 인정기준 외 실시한 경우 비급여 (테슬러장비별 금액상이)"
"대전","행위료","뇌-조영제 주입 전·후 촬영 판독-촬영료 등","HI201+HJ201","","497680","527440","","","전송비용(금액) 포함 & 조영제 별도산정 급여 인정기준 외 실시한 경우 비급여 (테슬러장비별 금액상이)"
"대전","행위료","안면-조영제 주입 전·후 촬영 판독-촬영료 등","HI203+HJ203","","540670","573030","","","전송비용(금액) 포함 & 조영제 별도산정 급여 인정기준 외 실시한 경우 비급여 (테슬러장비별 금액상이)"
"대전","행위료","부비동-조영제 주입 전·후 촬영 판독-촬영료 등","HI204+HJ204","","540670","573030","","","전송비용(금액) 포함 & 조영제 별도산정 급여 인정기준 외 실시한 경우 비급여 (테슬러장비별 금액상이)"
"대전","행위료","안와-조영제 주입 전·후 촬영 판독-촬영료 등","HI205+HJ205","","540670","573030","","","전송비용(금액) 포함 & 조영제 별도산정 급여 인정기준 외 실시한 경우 비급여 (테슬러장비별 금액상이)"
"대전","행위료","측두골-조영제 주입 전·후 촬영 판독-촬영료 등","HI206+HJ206","","540670","573030","","","전송비용(금액) 포함 & 조영제 별도산정 급여 인정기준 외 실시한 경우 비급여 (테슬러장비별 금액상이)"
"대전","행위료","측두하악관절-조영제 주입 전·후 촬영 판독-촬영료 등","HI207+HJ207","","540670","573030","","","전송비용(금액) 포함 & 조영제 별도산정 급여 인정기준 외 실시한 경우 비급여 (테슬러장비별 금액상이)"
"대전","행위료","경부-조영제 주입 전·후 촬영 판독-촬영료 등","HI208+ HJ208","","540670","573030","","","전송비용(금액) 포함 & 조영제 별도산정 급여 인정기준 외 실시한 경우 비급여 (테슬러장비별 금액상이)"
"대전","행위료","뇌혈관-조영제 주입 전·후 촬영 판독-촬영료 등","HI235+HJ235","","542270","574700","","","전송비용(금액) 포함 & 조영제 별도산정 급여 인정기준 외 실시한 경우 비급여 (테슬러장비별 금액상이)"
"대전","행위료","경부혈관-조영제 주입 전·후 촬영 판독-촬영료& 판독료 등","HI236+HJ236","","542270","574700","","","전송비용(금액) 포함 & 조영제 별도산정 급여 인정기준 외 실시한 경우 비급여 (테슬러장비별 금액상이)"
"대전","행위료","도수치료","FZ00400","40000","","","","",""
"대전","행위료","증식치료 사지관절부위","FZ01301","20000","","","","",""
"대전","행위료","증식치료 척추부위","FZ01302","30000","","","","",""
"대전","행위료","언어치료","SZ03402-SZ03401","","10000","25000","","",""
"대전","행위료","안구운동 민감소실 및 재처리요법","NZ005","150000","","","","",""
"대전","행위료","하지정맥류 고주파정맥내막폐쇄술 [양측]","HZGS00100B","1300000","","","N","",""
"대전","행위료","하지정맥류 고주파정맥내막폐쇄술 [편측]","HZGS00100A","800000","","","N","",""
"대전","행위료","레이저정맥폐쇄술[유도료 포함]","OZ304","1000000","","","Y","",""
"대전","제증명수수료","영문 등 외국어 일반진단서","AQA02201","15000","","","","",""
"대전","제증명수수료","일반진단서","AQA01601","10000","","","","",""
"대전","제증명수수료","근로능력평가용진단서(1부)","AQA02801","10000","","","","",""
"대전","제증명수수료","일반 채용신체검사서(1부)","AW400602","30000","","","","",""
"대전","제증명수수료","상해 진단서(3주미만)","AQA01001","50000","","","","",""
"대전","제증명수수료","상해 진단서(3주이상)","AQA01003","100000","","","","",""
"대전","제증명수수료","사망진단서","AQA00501","10000","","","","",""
"대전","제증명수수료","사체검안서","AQA00801","30000","","","","",""
"대전","제증명수수료","사산(사태)증명서","AQA00701","2000","","","","",""
"대전","제증명수수료","장애진단서","AQA02002","15000","","","","",""
"대전","제증명수수료","장애정도 심사용 진단서(신체적장애)","AQA01301","15000","","","","",""
"대전","제증명수수료","장애정도 심사용 진단서(정신적장애)","AQA01304","40000","","","","",""
"대전","제증명수수료","후유 장애 진단서 (1부)","AQA02701","100000","","","","",""
"대전","제증명수수료","병사용 진단서","AQA00301","20000","","","","",""
"대전","제증명수수료","입퇴원확인서","AQA01701","3000","","","","",""
"대전","제증명수수료","통원확인서[병명 미기재]","AQA02601","1000","","","","",""
"대전","제증명수수료","통원확인서[병명 기재]","AQA02602","3000","","","","",""
"대전","제증명수수료","진료확인서 [1부]","AQA02401","3000","","","","",""
"대전","제증명수수료","국민연금장애심사용 진단서","AQA00101","6000","","","","",""
"대전","제증명수수료","진료기록영상(CD)-PACS영상(COPY)","AQF00101","5000","","","","",""
"대전","제증명수수료","진료기록사본 매당 (기본5부) ","AQB00101","1000","","","","",""
"대전","제증명수수료","진료기록사본(6매이상, 매당)","AQB00102","100","","","","",""
"대전","제증명수수료","향후 진료비추정서(천만원미만)","AQA02301","50000","","","","",""
"대전","제증명수수료","향후 진료비추정서(천만원이상)","AQA02303","100000","","","","",""
"대전","제증명수수료","제증명료 사본","AQW01200","1000","","","","",""
"대전","제증명수수료","장애자증명서(1부)","AQA01901","1000","","","","",""
"대전","행위료","체외충격파치료[근골격계질환]","HZRM00200","","50000","100000","","",""
"대전","행위료","경피적 경막외강 신경성형술","SZ634","1338624","","","","","재료대 포함"
"대전","행위료","경피적 풍선확장 경막외강 신경성형","SZ6410000","938624","","","","","재료대 포함"
"대전","행위료","크라운-Zirconia","atACT000009","550000","","","","",""
"대전","행위료","1인실","atACT000001","","135410","168650","","",""
"대전","행위료","입원료(1인실:병실차액)","A2Z00201","70000","","","","","호스피스병동"
"대전","행위료","특실","atACT000002","","215410","248650","","",""
"대전","행위료","TBPE(신체검사용 약물(마약)검사)","LXL91316","6000","","","","",""
"대전","행위료","신체검사용 약물(마약)검사 [MET] 필로폰","LZ00104","6000","","","","",""
"대전","행위료","신체검사용 약물(마약)검사 [COC] 코카인","LZ00103","6000","","","","",""
"대전","행위료","세포병리검사-액상세포검사(자궁질세포병리검사)","PWC5624","44946","","","","",""
"대전","행위료","신체검사용 약물(마약)검사 [OPI] 아편","LZ00105","6000","","","","",""
"대전","행위료","신체검사용 약물(마약)검사 [THC] 대마","LZ00106","6000","","","","",""
"대전","행위료","눈의계측검사(편측)레이저 간섭계 이용","SE7801","50000","","","","",""
"대전","행위료","Chromosomal(양수)","LWZ0014","488377","","","","",""
"대전","행위료","SARS-CoV-2 항원검사[일반면역검사]-간이검사","LZ01000","25000","","","","",""
"대전","행위료","기타 검사-아데노바이러스 [실시간 중합효소연쇄반응]","LWCZ994","49810","","","","",""
"대전","행위료","신경인지기능검사-언어능력검사-성인 진단적 이해력검사","FZ039","20000","","","","","(별표)신경인지 기능검사 반영"
"대전","행위료","신경인지기능검사-전두엽 및 고위인지기능검사-논리적 사고력검사","FZ056","25000","","","","","(별표)신경인지 기능검사 반영"
"대전","행위료","신경인지기능검사-전두엽 및 고위인지기능검사-보속성검사","FZ063","18000","","","","","(별표)신경인지 기능검사 반영"
"대전","행위료","신경인지기능검사-전두엽 및 고위인지기능검사-실행증검사","FZ064","18000","","","","",""
"대전","행위료","신경인지기능검사-지각 및 시공간능력검사-구성능력검사","FZ046","20000","","","","","(별표)신경인지 기능검사 반영"
"대전","행위료","신경인지기능검사-지각 및 시공간능력검사-좌-우 구분검사","FZ045","20000","","","","","(별표)신경인지 기능검사 반영"
"대전","행위료","신경인지기능검사-언어능력검사-보스톤 사물이름대기검사","FZ041","30000","","","","","(별표)신경인지 기능검사 반영"
"대전","행위료","신경인지기능검사-기억력검사-홉킨스 언어학습검사","FZ034","35000","","","","",""
"대전","행위료","신경인지기능검사-감각운동협응검사-손잡이검사","FZ055","13000","","","","","(별표)신경인지 기능검사 반영"
"대전","행위료","신경인지기능검사-각성도 및 주의력검사-숫자-기호바꾸기검사","FZ025","15000","","","","",""
"대전","행위료","신경인지기능검사-각성도 및 주의력검사-무시증후군검사","FZ023","25000","","","","",""
"대전","행위료","신경인지기능검사-각성도 및 주의력검사-경계력검사[청각]","FZ022","25000","","","","","(별표)신경인지 기능검사 반영"
"대전","행위료","신경인지기능검사-전두엽 및 고위인지기능검사-카테고리검사","FZ057","22675","","","","",""
"대전","행위료","(정밀)체성분 분석검사","SZ05300","15000","","","","",""
"대전","행위료","항MAG항체","CZ427","52665","","","","",""
"대전","행위료","비디오전기안진검사","FZ733","","31010","103500","","",""
"대전","행위료","초음파 IVUS","RHZ00100","200000","","","","",""
"대전","행위료","자기공명영상진단-기본검사-척추-표준영상범위 외 맥동파순서열 3개 추가 활영한 경우","RMHH003","164560","","","","",""
"대전","행위료","자기공명영상진단-기본검사-척추-표준영상범위 외 맥동파순서열 2개 추가 활영한 경우","RMHH002","131650","","","","",""
"대전","행위료","자기공명영상진단-기본검사-척추-표준영상범위 외 맥동파순서열 1개 추가 활영한 경우","RMHH001","65820","","","","",""
"대전","행위료","MRI 경추 촬영료 +MRI 경추 판독료","RMHI10902, RMHI10903","","454270","477310","","","전송비용(금액) 포함 &  급여 인정기준 외 실시한 경우 비급여 (테슬러장비별 금액상이)"
"대전","행위료","MRI 경추,촬영료 /조영제 사용 + MRI 경추 판독료/조영제 사용","RMHI20902,RMHI20903","","611370","641970","Y","Y","전송비용(금액) 포함 &  급여 인정기준 외 실시한 경우 비급여 (테슬러장비별 금액상이)"
"대전","행위료","MRI 요천추 촬영료 + MRI 요천추 판독료","RMHI11102, RMHI11103","","454270","477310","","","전송비용(금액) 포함 & 급여 인정기준 외 실시한 경우 비급여 (테슬러장비별 금액상이)"
"대전","행위료","MRI 요천추 촬영료/조영제 사용 + MRI 요천추 판독료/조영제 사용","RMHI21102, RMHI21103","","611370","641970","Y","Y","전송비용(금액) 포함 & 급여 인정기준 외 실시한 경우 비급여 (테슬러장비별 금액상이)"
"대전","행위료","MRI 흉추 촬영료+ MRI 흉추 판독료","RMHI11002, RMHI11003","","454270","477310","","","전송비용(금액) 포함 &  급여 인정기준 외 실시한 경우 비급여 (테슬러장비별 금액상이)"
"대전","행위료","MRI 흉추 촬영료/조영제 사용 + MRI 흉추 판독료/조영제 사용","RMHI21002, RMHI21003","","611370","641970","Y","Y","전송비용(금액) 포함 &  급여 인정기준 외 실시한 경우 비급여 (테슬러장비별 금액상이)"
"대전","행위료","담췌관-일반","HI133+HJ133","","406880","431210","","","전송비용(금액) 포함 & 급여 인정기준 외 실시한 경우 비급여 (테슬러장비별 금액상이)"
"대전","행위료","간-일반","HI132+HJ132","","406880","431210","","","전송비용(금액) 포함 & 급여 인정기준 외 실시한 경우 비급여 (테슬러장비별 금액상이)"
"대전","행위료","간-조영제주입전·후 촬영판독","HI232+HJ232","","540620","572970","","","전송비용(금액) 포함 & 조영제 별도산정 급여 인정기준 외 실시한 경우 비급여 (테슬러장비별 금액상이)"
"대전","행위료","전립선-일반","HI134+HJ134","","406880","431210","","","전송비용(금액) 포함 & 급여 인정기준 외 실시한 경우 비급여 (테슬러장비별 금액상이)"
"대전","행위료","전립선-조영제주입전·후 촬영판독","HI234+HJ234","","540620","572970","","","전송비용(금액) 포함 & 조영제 별도산정 급여 인정기준 외 실시한 경우 비급여 (테슬러장비별 금액상이)"
"대전","행위료","췌장-일반","HI129+HJ129","","406880","431210","","","전송비용(금액) 포함 & 급여 인정기준 외 실시한 경우 비급여(테슬러장비별 금액상이)"
"대전","행위료","췌장-조영제주입전·후 촬영판독","HI229+HJ229","","540620","572970","","","전송비용(금액) 포함 & 조영제 별도산정 급여 인정기준 외 실시한 경우 비급여(테슬러장비별 금액상이)"
"대전","행위료","신장및부신-일반","HI130+HJ130","","406880","431210","","","전송비용(금액) 포함 & 급여 인정기준 외 실시한 경우 비급여 (테슬러장비별 금액상이)"
"대전","행위료","신장및부신-조영제주입전·후 촬영판독","HI230_HJ230","","540620","572970","","","전송비용(금액) 포함 & 조영제 별도산정 급여 인정기준 외 실시한 경우 비급여 (테슬러장비별 금액상이)"
"대전","행위료","음낭및음경-조영제주입전·후 촬영판독","HI231+HJ231","","540620","572970","","","전송비용(금액) 포함 & 조영제 별도산정 급여 인정기준 외 실시한 경우 비급여 (테슬러장비별 금액상이)"
"대전","행위료","복부-일반","HI127_HJ127","","406880","431210","","","전송비용(금액) 포함 & 급여 인정기준 외 실시한 경우 비급여 (테슬러장비별 금액상이)"
"대전","행위료","복부-조영제주입전·후 촬영판독","HI227+HJ227","","540620","572970","","","전송비용(금액) 포함 & 조영제 별도산정 급여 인정기준 외 실시한 경우 비급여 (테슬러장비별 금액상이)"
"대전","행위료","골반-일반","HI128+HJ128","","406880","431210","","","전송비용(금액) 포함 & 급여 인정기준 외 실시한 경우 비급여(테슬러장비별 금액상이)"
"대전","행위료","골반-조영제주입전·후 촬영판독","HI228+HJ228","","540620","572970","","","전송비용(금액) 포함 & 조영제 별도산정 급여 인정기준 외 실시한 경우 비급여(테슬러장비별 금액상이)"
"대전","행위료","프리베나 13주(폐렴구균)  0.5ml/vial (한국화이자)","MPVENAR13","90000","","","","",""
"대전","행위료","전산화 인지재활치료 ","FZ01600","35000","","","","",""
"대전","행위료","광치료","GZ00700","15000","","","","",""
"대전","행위료","시아노아크릴레이트를 이용한 복재정맥 폐색술(유도료 포함) [편측]","HZOZ00303","700000","","","N","",""
"대전","행위료","여드름 치료(대)","HZDE02301","10000","","","","","부가가치세 별도"
"대전","행위료","여드름 치료(소)","HZDE02303","3000","","","","","부가가치세 별도"
"대전","행위료","여드름 치료(중)","HZDE02302","5000","","","","","부가가치세 별도"
"대전","행위료","사마귀제거 [대]사마귀 3개 이상인 경우 산정","HZDE02201","10000","","","","",""
"대전","행위료","사마귀제거 [소]사마귀 3개 미만인 경우 산정","HZDE02202","5000","","","","",""
"대전","행위료","기미,주근깨,점 제거술[대]-Size 0.4cm 이상","HZDE00101","30000","","","","","부가가치세 별도"
"대전","행위료","기미,주근깨,점 제거술[소]-Size 0.2cm 이하","HZDE00103","10000","","","","","부가가치세 별도"
"대전","행위료","기미,주근깨,점 제거술[소]-Size 0.3cm","HZDE00102","20000","","","","","부가가치세 별도"
"대전","행위료","메조테라피 (mesotherapy) 1회당","HZFM00100","14000","","","","",""
"대전","행위료","박피술 [화학] [대]","HZDE01901","100000","","","","",""
"대전","행위료","박피술 [화학] [소]","HZDE01903","30000","","","","",""
"대전","행위료","박피술 [화학] [중]","HZDE01902","50000","","","","",""
"대전","행위료","Bleomycin 병변내 주입(대)-비급여","HZDE02001","10000","","","","",""
"대전","행위료","Bleomycin 병변내 주입(소)-비급여","HZDE02101","5000","","","","",""
"대전","행위료","IPL (얼굴전체) - 비급여","HZDE00501","300000","","","","","부가가치세 별도"
"대전","행위료","IPL (이마제외 얼굴전체) - 비급여","HZDE00502","200000","","","","","부가가치세 별도"
"대전","행위료","IPL (코주변만) - 비급여","HZDE00503","100000","","","","","부가가치세 별도"
"대전","행위료","풍선확장 기능을 포함한 경막외강 내 유착부위 박리시술","HZNS00700","938624","","","","","재료대 포함"
"대전","행위료","추간판내고주파열치료술(IDET)","HZOS00200","2297688","","","","","재료대 포함 (재료대:1597688원)"
"대전","행위료","추간판내고주파열응고술(Nucleoplasty)","HZOS00100","2297688","","","","","재료대 포함 ( 재료대-->1597688원)"
"대전","행위료","코골음성형술 [복잡]비급여(구개수/구개[인두포함","HZEN00502","400000","","","","",""
"대전","행위료","코골음성형술 [단순]비급여(구개수/구개만실시)","HZEN00501","200000","","","","",""
"대전","행위료","조루증 수술-음경배부신경차단술(구십만)-비급여","HZUR01500","900000","","","","",""
"대전","행위료","굴곡음경교정 수술(백만)-비급여","HZUR00300","1000000","","","","",""
"대전","행위료","고환삽입술-비급여","HZUR00200","500000","","","","",""
"대전","행위료","음경확대술(이백만)-비급여","HZUR01001","2000000","","","","",""
"대전","행위료","음경주사 Test-비급여","HZUR00900","5000","","","","",""
"대전","행위료","음경보형물 삽입술 C(팽창형(3-piece)인 경우에 산정","HZUR00803","4000000","","","","",""
"대전","행위료","음경보형물 삽입술 A(굽은형 보형물)","HZUR00801","1500000","","","","",""
"대전","행위료","음경보형물 교정술","HZUR00700","1000000","","","","",""
"대전","행위료","조루증 수술(오십만)-비급여","HZUR01400","500000","","","","",""
"대전","행위료","정관절제술 [결찰술]","HZUR01300","200000","","","","",""
"대전","행위료","정관복원술(오십만)-비급여","HZUR01200","500000","","","","",""
"대전","행위료","파라핀 제거술 A(침범범위가 proximal 인 경우 산정","HZUR01701","600000","","","","",""
"대전","행위료","파라핀 제거술 B(침범범위가 1/2 인 경우에 산정","HZUR01702","1000000","","","","",""
"대전","행위료","파라핀 제거술 C(침범범위가 total 인 경우에 산정","HZUR01703","1500000","","","","",""
"대전","행위료","포경수술(배면절개) 비급여","HZUR01800","150000","","","","",""
"대전","행위료","포경수술(환상절개) 비급여","HZUR01801","200000","","","","",""
"대전","행위료","3MIX(Papa+Regi+Car20ug)","HZUR00100","20000","","","","",""
"대전","행위료","음경 이물질 제거술 A","HZUR00501","1000000","","","","",""
"대전","행위료","음경 이물질 제거술 B","HZUR00502","1500000","","","","",""
"대전","행위료","음경 이물질 제거술 C(flap 또는 graft를 한 경우에","HZUR00503","2000000","","","","",""
"대전","행위료","음경바셀린종제거술 [대]","HZUR00601","700000","","","","",""
"대전","행위료","음경바셀린종제거술 [소]","HZUR00602","400000","","","","",""
"대전","행위료","질 및 회음부 성형술 [소]","HZOG01003","400000","","","","",""
"대전","행위료","(비급여) 미레나 삽입술","HZOG00200","90000","","","","",""
"대전","행위료","(비급여) 난관 결찰술","HZOG00100","300000","","","","",""
"대전","행위료","자궁내장치 [IUD] 재료대 별도산정","HZOG00800","30000","","","","",""
"대전","행위료","질 및 회음부 성형술 [대] 비급여","HZOG01001","500000","","","","",""
"대전","행위료","소음순절제술(성형목적)","HZOG00400","50000","","","","",""
"대전","행위료","충수절제술 비급여(Incidental Appendectomy)","HZOG01100","100000","","","","",""
"대전","행위료","보호자식대(일반식,1식)","WZ00100","6000","","","","",""
"대전","행위료","보호자식대(공기밥,1개)","WZ00200","1000","","","","",""
"대전","행위료","Crown, Maryland, Prec., G 금주조관, 메리랜드, 귀금속","JP0015G","370000","","","Y","",""
"대전","행위료","Crown, Maryland, non-Prec., G 주조관, 메리랜드, 비귀금속","JP0014G","290000","","","Y","",""
"대전","행위료","Crown, Metal, G 주조관, N-C 합금","JP0004G","250000","","","Y","",""
"대전","행위료","Crown, PFG, A, G 도재소부전장관, 귀금속, A","JP0008G","520000","","","Y","",""
"대전","행위료","Crown, PFG, B, G 도재소부전장관, 귀금속, B","JP0009G","450000","","","Y","",""
"대전","행위료","Crown, PFM, A, G 도재소부전장관, 비귀금속, A","JP0006G","370000","","","Y","",""
"대전","행위료","Crown, PFM, B, G 도재소부전장관, 비귀금속, B","JP0007G","350000","","","Y","",""
"대전","행위료","Crown, Palladium, G 주조금관, Pd 합금","JP0003G","350000","","","Y","","골드함량 46%"
"대전","행위료","Crown, all ceramic, G 전부도재관, 전세라믹","JP0012G","470000","","","Y","",""
"대전","행위료","Crown, collarless PFG, G 도재소부전장관, 무깃, 귀금속","JP0011G","520000","","","Y","",""
"대전","행위료","Definitive obturator, metal base, G 최종폐쇄장치","JP0050G","1500000","","","Y","",""
"대전","행위료","Denture repair, complex 의치수리, 복잡","JM0009T","100000","","","","",""
"대전","행위료","Denture repair, simple 의치수리, 단순","JM0008T","50000","","","","",""
"대전","행위료","Direct denture reline, complex 의치 직접 이장술, 복잡","JM0011T","150000","","","","",""
"대전","행위료","Direct denture reline, simple 의치 직접 이장술, 단순","JM0010T","100000","","","","",""
"대전","행위료","Direct denture soft reline 탄성 의치상 이장술","JM0012T","50000","","","","",""
"대전","행위료","Dx of implant, complex 치아 매식 진단료, 복잡","JM0029T","100000","","","","",""
"대전","행위료","Dx of implant, simple 치아 매식 진단료, 단순","JM0028T","50000","","","","",""
"대전","행위료","ERA,1ea, G","JP0111G","280000","","","Y","",""
"대전","행위료","Endura resin, ant. Teeth, Mat 경질 레진 전치 [재료]","JK0012M","20000","","","","",""
"대전","행위료","Endura resin, post. Teeth, Mat 경질 레진 구치 [재료]","JK0013M","30000","","","","",""
"대전","행위료","Esthetic resin filling 심미 레진 충전 미용 목적 시술시 국비/감면 환자 공히 전액 본인부담","JM0002T","250000","","","","",""
"대전","행위료","F.D., Immediate, mesh, G 즉시총의치,망사","JP0047G","600000","","","Y","",""
"대전","행위료","F.D., Immediate, resin plate, G 즉치총의치,레진상","JP0048G","500000","","","Y","",""
"대전","행위료","F.D., Mesh or base metal, G 총의치, 비귀금속편, 망사","JP0045G","1400000","","","Y","",""
"대전","행위료","F.D., Prec., base metal, G 총의치, 귀금속편","JP0044G","1600000","","","Y","",""
"대전","행위료","F.D., Temporary, G","JP0049G","350000","","","Y","",""
"대전","행위료","F.D., resin plate, G 총의치, 레진상","JP0046G","1200000","","","Y","",""
"대전","행위료","FIXED ORTHODONTIC TX C 악안면기형안골교정술 C","JM0080T","3000000","","","","",""
"대전","행위료","FIXED ORTHODONTIC TX D 악안면기형안골교정술 D","JM0081T","4000000","","","","",""
"대전","행위료","Flexible denture Flexible denture (비귀금속),복잡","JP0062G","900000","","","Y","",""
"대전","행위료","Flipper, complex, G 임시치, 복잡","JP0042G","150000","","","Y","",""
"대전","행위료","Flipper, simple 임시 의치, 단순","JM0013T","50000","","","","",""
"대전","행위료","Fluorid therapy [1악당] 불소 도포 [1악당] 예방목적시술 국비/감면 환자 공히 감면부담","JM0025T","100000","","","","",""
"대전","행위료","Implant crown, A-gold, G 매식치 A-gold 도재관","JP0110G","570000","","","Y","",""
"대전","행위료","Implant crown, PFG, G 매식치 귀금속 도재관","JP0074G","800000","","","Y","",""
"대전","행위료","Implant crown, PFM, G 매식치 비귀금속 도재관","JP0075G","600000","","","Y","",""
"대전","행위료","Implant crown, Pt-gold, G 매식치금관, 백금가공","JP0072G","660000","","","Y","",""
"대전","행위료","Implant overdenture, complex, G 임플란트 지지의치, 복잡","JP0077G","1800000","","","Y","",""
"대전","행위료","Implant, Cr. Remake fee, A, Mat 인공치매식, 크라운 재제작비, A [재료]","JK0008M","100000","","","","",""
"대전","행위료","Implant, Cr. Remake fee, B, Mat 인공치매식, 크라운 재제작비, B [재료]","JK0009M","200000","","","","",""
"대전","행위료","Implant, Hybrid denture, G 매식술, 혼합형틀니","JP0078G","2500000","","","Y","",""
"대전","행위료","Implant, Hybrid denture,Titanium,Fixture 4ea, G 매식술, 혼합형틀니,Titanium,Fixture 4ea","JP0096G","1500000","","","Y","",""
"대전","행위료","Implant, Hybrid denture,Titanium,Fixture 6ea, G 매식술, 혼합형틀니 ,Titanium,Fixture 6ea","JP0098G","2100000","","","Y","",""
"대전","행위료","Implant, MDI, G 매식 술, MDI","JP0086G","460000","","","Y","",""
"대전","행위료","Implant, Magnetic change, Mat 인공치매식, 자석 교환 [재료]","JK0003M","200000","","","","",""
"대전","행위료","Implant, Magnetic, G 매식술, 자성체","JP0084G","500000","","","Y","",""
"대전","행위료","Implant, O-ring, E.R.A., G 매식술, 오-링, E.R.A.","JP0085G","450000","","","Y","",""
"대전","행위료","Implant, UCLA screw change fee 치아매식, 유씨엘에이 스크류 교환","JM0038T","100000","","","","",""
"대전","행위료","Implant, UCLA screw change, Mat 인공치매식, 유씨엘에이 스크류 교환 [재료]","JK0007M","50000","","","","",""
"대전","행위료","Implant, abutment change fee 치아매식, 지대체 교환","JM0036T","300000","","","","",""
"대전","행위료","Implant, abutment change, A, Mat 인공치매식, 지대치 교환, A [재료]","JK0004M","200000","","","","",""
"대전","행위료","Implant, abutment change, B, Mat 인공치매식, 지대치 교환, B [재료]","JK0005M","400000","","","","",""
"대전","행위료","Implant, coping screw change fee 치아매식, 코핑 스크류 교환","JM0037T","50000","","","","",""
"대전","행위료","Implant, coping screw change, Mat 인공치매식, 코핑 스크류 교환 [재료]","JK0006M","30000","","","","",""
"대전","행위료","Implant, hader bar, G 매식술, 헤더바","JP0080G","1150000","","","Y","",""
"대전","행위료","Implant, hader bar,Fixture 2ea, G 매식술, 헤더바,Fixture 2ea","JP0099G","1200000","","","Y","",""
"대전","행위료","Implant, hader bar,Fixture 3ea, G 매식술, 헤더바,Fixture 3ea","JP0100G","1500000","","","Y","",""
"대전","행위료","Implant, hader bar,Fixture 4ea, G 매식술, 헤더바,Fixture 4ea","JP0101G","1800000","","","Y","",""
"대전","행위료","Implant, magnetic change fee 치아매식, 자석체 교환","JM0035T","300000","","","","",""
"대전","행위료","Implant, milled bar, Gold,Fixture 3ea, G 매식술, 밀드바, Gold,Fixture 3ea","JP0102G","1500000","","","Y","",""
"대전","행위료","Implant, milled bar, Gold,Fixture 4ea, G 매식술, 밀드바, Gold,Fixture 4ea","JP0103G","1900000","","","Y","",""
"대전","행위료","Implant, milled bar, Gold,Fixture 5ea, G 매식술, 밀드바, Gold,Fixture 5ea","JP0104G","2300000","","","Y","",""
"대전","행위료","Implant, milled bar, Gold,Fixture 6eaG 매식술, 밀드바, Gold,Fixture 6ea","JP0105G","2700000","","","Y","",""
"대전","행위료","Implant, milled bar,Titanium,Fixture 3ea, G 매식술, 밀드바,Titanium,Fixture 3ea","JP0106G","1200000","","","Y","",""
"대전","행위료","Implant, milled bar,Titanium,Fixture 4ea, G 매식술, 밀드바,Titanium,Fixture 4ea","JP0107G","1400000","","","Y","",""
"대전","행위료","Implant, milled bar,Titanium,Fixture 5ea, G 매식술, 밀드바,Titanium,Fixture 5ea","JP0108G","1600000","","","Y","",""
"대전","행위료","Implant, milled bar,Titanium,Fixture 6eaG 매식술, 밀드바,Titanium,Fixture 6ea","JP0109G","1800000","","","Y","",""
"대전","행위료","Implant, simple, G 치아 매식술, 단순","JP0070G","1350000","","","Y","",""
"대전","행위료","Implant, temporary resin Cr., complex 치아매식, 임시 레진치, 복잡","JM0042T","200000","","","","",""
"대전","행위료","Implant, temporary resin Cr., simple 치아매식, 임시 레진치, 단순","JM0041T","50000","","","","",""
"대전","행위료","Implant,국산, G 매식술,국산, G","JP0088G","1000000","","","Y","",""
"대전","행위료","Inlay, Por. or resin, complex, G 인레이, 포세라인 or 레진, 복잡","JP0019G","280000","","","Y","",""
"대전","행위료","Inlay, Por. or resin, simple,G 인레이, 포세라인 or 레진, 단순","JP0018G","270000","","","Y","",""
"대전","행위료","Inlay, Prec. Gold complex, G 인레이, 귀금속, 복잡","JP0017G","350000","","","Y","",""
"대전","행위료","Inlay, Prec. Gold simple, G 인레이, 귀금속, 단순","JP0016G","300000","","","Y","",""
"대전","행위료","Konus Teles. crown, inner&outer,PFG, G 코누스 텔레스코픽 내,외관 귀금속","JP0060G","650000","","","Y","",""
"대전","행위료","Konus Teles. crown, inner&outer,PFM, G 코누스 텔레스코픽 내,외관 비귀금속","JP0059G","550000","","","Y","",""
"대전","행위료","Konus Teles. crown, inner&outer,PT.G., G 코누스 텔레스코픽 내,외관 백금합금","JP0056G","700000","","","Y","",""
"대전","행위료","Konus Teles. crown, inner&outer,Palladium, G 코누스 텔레스코픽 내,외관 PD합금","JP0058G","500000","","","Y","",""
"대전","행위료","Konus Teles. crown, inner&outer,Super G., G 코누스 텔레스코픽 내,외관 금합금","JP0057G","600000","","","Y","",""
"대전","행위료","Konus Telescopic Milling fee 코너스 텔레스코픽 크라운 밀링 기공비 [재료]","JK0014M","100000","","","","",""
"대전","행위료","Laser Solder 레이져 솔더","JM0056T","60000","","","","",""
"대전","행위료","Laser 충치예방치료 [1치당] 예방 목적시술 국비/감면 환자 공히 감면 부담","JM0048T","10000","","","","",""
"대전","행위료","Light curing G.I filling 광중합 G.I 충전","JM0003T","80000","","","","",""
"대전","행위료","Locator, G","JP0113G","400000","","","Y","",""
"대전","행위료","Locator, G 로케이터, G","JP0063G","500000","","","Y","",""
"대전","행위료","MANDIBULAR RECONSTRUCTION C 악안면골재건정복술 C","JM0075T","3000000","","","","",""
"대전","행위료","MANDIBULAR RECONSTRUCTION D 악안면골재건정복술 D","JM0076T","4000000","","","","",""
"대전","행위료","MANDIBULAR RECONSTRUCTION E 악안면골재건정복술 E","JM0077T","5000000","","","","",""
"대전","행위료","Magnetic,1ea, G","JP0112G","350000","","","Y","",""
"대전","행위료","Milling 비","JM0053T","100000","","","","",""
"대전","행위료","Attachment, Magnetic, G 자석장치","JP0052G","340000","","","Y","",""
"대전","행위료","Attachment, complex, G 부착장치, 복잡","JP0055G","440000","","","Y","",""
"대전","행위료","Attachment, medium, G 부착장치, 보통","JP0054G","350000","","","Y","",""
"대전","행위료","Attachment, simple, G 부착장치, 단순","JP0053G","300000","","","Y","",""
"대전","행위료","CAD-CAM Ceramic crown, G 캐드캠 세라믹 크라운","JP0116G","550000","","","Y","",""
"대전","행위료","CAD-CAM Ceramic crown,임플란트용(complex), G 캐드캠 세라믹 크라운,임플란트용(복잡)","JP0118G","800000","","","Y","",""
"대전","행위료","CAD-CAM Ceramic crown,임플란트용(simple), G 캐드캠 세라믹 크라운,임플란트용(단순)","JP0117G","700000","","","Y","",""
"대전","행위료","Composite resin filling (light curing) 광중합 복합 레진 충전","JM0001T","80000","","","","",""
"대전","행위료","Cornus Denture [내관 & 외관]","JM0052T","500000","","","","",""
"대전","행위료","Crown, Gold - Pt, G　주조금관, 백금합금","JP0120G","460000","","","Y","","골드함량 72%"
"대전","행위료","Crown, Laminate veneer, G 전부도재관, 순면버니어","JP0013G","400000","","","Y","",""
"대전","행위료","임플란트목적 레이저치료","JM0064T","100000","","","","",""
"대전","행위료","임플란트목적 상악동거상술 [편측]","JM0065T","300000","","","","",""
"대전","행위료","임플란트목적 상악동거상술,측방접근 [단순]","JM0054T","1000000","","","","",""
"대전","행위료","임플란트목적 상악동거상술,측방접근 [복잡]","JM0055T","1500000","","","","",""
"대전","행위료","임플란트목적 하치조측방전위술 [양측]","JM0067T","1500000","","","","",""
"대전","행위료","임플란트목적 하치조측방전위술 [편측]","JM0066T","1000000","","","","",""
"대전","행위료","인상채득 및 모형제작[1악당]","EX934","30000","","","","",""
"대전","행위료","골증대술","JM0082T","500000","","","","",""
"대전","행위료","보격장치 [가철식]","JM0086T","100000","","","","",""
"대전","행위료","보철 치료(CHECK UP)중 주: 보철 장착 당일에는 산정하지 않는다.","JM0083T","10000","","","","",""
"대전","행위료","Novel Guide [Finished Surgical Template 1-4 Implants] 노벨가이드 [서지컬 템플레이트,임플란트4개이하]","JK0017M","1000000","","","","",""
"대전","행위료","Occlusal splint 관리 교합안정장치 관리","JM0024T","30000","","","","",""
"대전","행위료","Oral exam, consult. 구강 검사 및 상담 치료기간중 1회산정","JM0027T","30000","","","","",""
"대전","행위료","Over denture O-ring & ERA 교환 치아지지 가철성 의치 오-링&이알에이 교환","JM0033T","50000","","","","",""
"대전","행위료","Over denture clip 교환 치아지지 가철성 의치 클립 교환","JM0032T","50000","","","","",""
"대전","행위료","Over denture magnetic 교환 치아지지 가철성 의치 자석체 교환","JM0034T","200000","","","","",""
"대전","행위료","Overdenture O-ring change, Mat 오버덴쳐 오-링 교환 [재료]","JK0011M","20000","","","","",""
"대전","행위료","Overdenture clip change, Mat 오버덴쳐 클립 교환 [재료]","JK0010M","10000","","","","",""
"대전","행위료","P.F.M repair, complex 포세린관 수리, 복잡","JM0005T","200000","","","","",""
"대전","행위료","P.F.M repair, simple 포세린관 수리, 단순","JM0004T","100000","","","","",""
"대전","행위료","P.R.P .피.알.피","JM0031T","100000","","","","",""
"대전","행위료","Peri implantitis treatment 임플란트 주위염 치료 주: 임플란트 1차 및 2차 수술 기간중 발생된 염증 치료는 별도 산정하지 않는다.","JM0057T","100000","","","","",""
"대전","행위료","Perio test [인공치아 개당] 치주 테스트 [인공치아 개당]","JM0061T","50000","","","","",""
"대전","행위료","Pin 핀","JM0007T","10000","","","","",""
"대전","행위료","Pit & fissure sealant 치면 열구 전색","JM0045T","30000","","","","",""
"대전","행위료","Post&Core, Para, G 포스트관, 파라 포스트","JP0022G","180000","","","Y","",""
"대전","행위료","Post&Core, glassfiber, G 포스트관, 그래스화이버","JP0023G","220000","","","Y","",""
"대전","행위료","Post&Core, gold complex, G 포스트관, 귀금속, 복잡","JP0021G","260000","","","Y","",""
"대전","행위료","Post&Core, gold simple, G 포스트관, 귀금속, 단순","JP0020G","230000","","","Y","",""
"대전","행위료","Pressure Injection Resin System [재료]","JK0015M","100000","","","","",""
"대전","행위료","R.D, Attachment Change, Mat 가철성 의치 어테치먼트 교환 [재료]","JK0001M","150000","","","","",""
"대전","행위료","R.D, Magnetic change, Mat 가철성 의치, 자석 교환 [재료]","JK0002M","150000","","","","",""
"대전","행위료","R.P.D., Attachment, complex, G 어태치먼트 국소 의치, 복잡","JP0037G","1600000","","","Y","",""
"대전","행위료","R.P.D., Attachment, simple, G 어태치먼트 국소 의치, 간단","JP0036G","1400000","","","Y","",""
"대전","행위료","R.P.D., Half, non-Prec. Elect., G 편측가철성국소의치, 고주파비귀금속","JP0028G","700000","","","Y","",""
"대전","행위료","R.P.D., Overdenture, complex, G 치아지지가철성의치, 복잡","JP0035G","1800000","","","Y","",""
"대전","행위료","R.P.D., Overdenture, simple, G 치아지지가철성의치, 간단","JP0034G","1600000","","","Y","",""
"대전","행위료","R.P.D., Telescopic, complex, G 테레스코픽 국소 의치, 복잡","JP0039G","1100000","","","Y","",""
"대전","행위료","R.P.D., Telescopic, simple, G 테레스코픽 국소 의치, 간단","JP0038G","880000","","","Y","",""
"대전","행위료","R.P.D., Temporary, G 임시 가철성 국소의치","JP0033G","430000","","","Y","",""
"대전","행위료","R.P.D., electronic non-Prec., G 가철성 국소의치, 고주파 비귀금속","JP0032G","1400000","","","Y","",""
"대전","행위료","R.P.D.,non-Prec., G 가철성 국소의치, 비귀금속","JP0031G","1200000","","","Y","",""
"대전","행위료","Rebase, indirect, complex, G 의치 이장술, 간접법, 복잡","JP0041G","300000","","","Y","",""
"대전","행위료","Rebase, indirect, simple, G 의치 이장술, 간접법, 단순","JP0040G","190000","","","Y","",""
"대전","행위료","Resin facing repair [1치당] Resin facing 수리 [1치당]","JM0026T","50000","","","","",""
"대전","행위료","Resin temporary crown 레진 가공 의치 [1치당]","JM0014T","30000","","","","",""
"대전","행위료","SURGICAL UNCOVERING [1치당] 치관노출술 [1치당]","JM0084T","100000","","","","",""
"대전","행위료","Scaling 치석제거","JM0047T","80000","","","","",""
"대전","행위료","Screw post 나선형 합정","JM0006T","70000","","","","",""
"대전","행위료","Study impression [1악당] 모형 분석용 인상 [1악당]","JM0022T","30000","","","","",""
"대전","행위료","Surgical stent, 단순 [임플란트3개이하] 서지컬 스텐트(수술용 스텐트), 단순 [임플란트3개이하]","JM0062T","50000","","","","",""
"대전","행위료","Surgical stent, 복잡 [임플란트4개이상] 서지컬 스텐트(수술용 스텐트), 복잡 [임플란트4개이상]","JM0063T","100000","","","","",""
"대전","행위료","T.B.I 잇솔질 교습 [회당] 예방목적시술 1인 1회(평생) 국비대상자 국비 산정(감면 환자는 최초 1회도 감면산정) 이후 국비/감면 환자 공히 감면부","JM0018T","30000","","","","",""
"대전","행위료","bone graft, complex 골 이식술, 복잡","JM0044T","1000000","","","","",""
"대전","행위료","bone graft, simple 골 이식술, 단순","JM0043T","200000","","","","",""
"대전","행위료","implant repair, complex 치아매식 수리, 복잡","JM0040T","100000","","","","",""
"대전","행위료","implant repair, simple 치아매식 수리, 단순","JM0039T","50000","","","","",""
"대전","행위료","plaque control, complex 치태조절 및 예방술식, 복잡","JM0017T","30000","","","","",""
"대전","행위료","plaque control,simple 치태조절 및 예방술식, 단순","JM0016T","10000","","","","",""
"대전","행위료","Implant overdenture, simple, G 임플란트 지지의치, 단순","JP0076G","1500000","","","Y","",""
"대전","행위료","Implant second surgery ,Simple 임플란트 2차 수술, 간단","JM0058T","100000","","","","",""
"대전","행위료","Implant second surgery, Complex [경조직] 임플란트 2차 수술, 복잡 [경조직]","JM0060T","500000","","","","",""
"대전","행위료","Implant second surgery, Complex [연조직] 임플란트 2차 수술, 복잡 [연조직]","JM0059T","300000","","","","",""
"대전","행위료","흡인음경팽창도측정(비급여)","SZ09800","30000","","","","",""
"대전","행위료","자궁경부촬영확대술","SZ04700","25000","","","","",""
"대전","행위료","자궁암 조기검진(질세포진검사)(비급여)","SZ04800","10000","","","","",""
"대전","행위료","종합검진 (여자) A급","AQH412","270000","","","","",""
"대전","행위료","종합검진(남자)A급","AQH411","250000","","","","",""
"대전","행위료","MMPI(직원채용신검)","SJ09000","12000","","","","",""
"대전","행위료","약물주입발기측정(비급여)","SZ03100","50000","","","","",""
"대전","행위료","소변임신반응검사","SZ04600","8000","","","","",""
"대전","행위료","시청각자극발기측정(비급여)","SZ02500","100000","","","","",""
"대전","행위료","구해면체 반사지연검사(비급여-BCRL Test)","SZ00800","100000","","","","",""
"대전","행위료","야간음경발기력측정(비급여)","SZ02900","100000","","","","",""
"대전","제증명수수료","채용신체검사 추가분(매당)","AQW00102","1000","","","","",""
"대전","치료재료대","척추보조기(나이트테일러형)","QA32023","172000","","","","",""
"대전","치료재료대","척추보조기(나이트형보조기)","QA32021","166000","","","","",""
"대전","치료재료대","척추보조기(나이트형보조기) 기성품","QA32028","106000","","","","",""
"대전","치료재료대","척추보조기(노턴브라운형)","QA32026","223000","","","","",""
"대전","치료재료대","척추보조기(보스톤형)","QA32027","395000","","","","",""
"대전","치료재료대","척추보조기(윌리암스형)","QA32025","182000","","","","",""
"대전","치료재료대","척추보조기(쥬웨트형)","QA32024","242000","","","","",""
"대전","치료재료대","척추보조기(테일러형보조기)","QA32022","160000","","","","",""
"대전","치료재료대","척추보조기(테일러형보조기)  기성품","QA32029","123000","","","","",""
"대전","치료재료대","철크럿치(알루미늄/경량)","QA61001","","","","","",""
"대전","치료재료대","철크럿치(알루미늄/중량)","QA61002","","","","","",""
"대전","치료재료대","치과용 MINOCLINE DENTAL OINT","BL705001","10000","","","","",""
"대전","치료재료대","콜셋(건보형)","QA32043","75000","","","","",""
"대전","치료재료대","콜셋(등,허리.엉치뼈형)","QA32041","144000","","","","",""
"대전","치료재료대","콜셋(허리.엉치뼈형)","QA32042","96000","","","","",""
"대전","제증명수수료","특수구급차사용료 > 심야 (00:00-04:00) 이용시 20% 추가할증 적용됨","AQC220","1300","","","","",""
"대전","제증명수수료","특수구급차사용료 > 심야 (00:00-04:00) 이용시 20% 추가할증 적용됨","AQC210","75000","","","","",""
"대전","치료재료대","팔꿈치관절의지(국-재래/국-PVC미용수)","QA14014","801000","","","","",""
"대전","치료재료대","팔꿈치관절의지(국-재래/국-실리콘미용수)","QA14015","1750000","","","","",""
"대전","치료재료대","팔꿈치관절의지(국-재래/독-기능수/미-작업수)","QA14016","1779000","","","","",""
"대전","치료재료대","팔꿈치관절의지(국-재래/중-작업수)","QA14017","1058000","","","","",""
"대전","치료재료대","팔꿈치관절의지(독-재래/국-PVC미용수)","QA14011","1202000","","","","",""
"대전","치료재료대","팔꿈치관절의지(독-재래/국-실리콘미용수)","QA14012","1867000","","","","",""
"대전","치료재료대","팔꿈치관절의지(독-재래/독-기능수/미-작업수)","QA14013","1897000","","","","",""
"대전","치료재료대","팩시밀리","QA69001","","","","","",""
"대전","치료재료대","표준위팔의지(국-재래/국-PVC미용수)","QA13026","760000","","","","",""
"대전","치료재료대","표준위팔의지(국-재래/국-실리콘미용수)","QA13027","1748000","","","","",""
"대전","치료재료대","표준위팔의지(국-재래/독-기능수/미-작업수)","QA13028","1790000","","","","",""
"대전","치료재료대","표준위팔의지(국-재래/중-작업수)","QA13029","975000","","","","",""
"대전","치료재료대","표준위팔의지(독-골격/국-PVC미용수)","QA13021","1491000","","","","",""
"대전","치료재료대","표준위팔의지(독-골격/국-실리콘미용수)","QA13022","2180000","","","","",""
"대전","치료재료대","표준위팔의지(독-재래/국-PVC미용수)","QA13023","1402000","","","","",""
"대전","치료재료대","표준위팔의지(독-재래/국-실리콘미용수)","QA13024","2284000","","","","",""
"대전","치료재료대","표준위팔의지(독-재래/독-기능수/미-작업수)","QA13025","2583000","","","","",""
"대전","약제비","프리베나 13주(폐렴구균)  0.5ml/vial ","MPVENAR-A","90000","","","","",""
"대전","치료재료대","한쪽편골반의지(골격/회전)","QA21011","7126000","","","","",""
"대전","치료재료대","한쪽편골반의지(재래/국산)","QA21012","2215000","","","","",""
"대전","치료재료대","홍채렌즈","QA69002","","","","","",""
"대전","치료재료대","흰지팡이","QA61005","","","","","",""
"대전","제증명수수료","일반 구급차사용료 (의료인동승)","AQC140","15000","","","","",""
"대전","제증명수수료","일반 구급차사용료 > 심야 (00:00-04:00) 이용시 20% 추가할증 적용됨","AQC120","1000","","","","",""
"대전","제증명수수료","일반 구급차사용료 심야 (00:00-04:00) 이용시 20% 추가할증 적용됨","AQC110","30000","","","","",""
"대전","제증명수수료","일반소견서(보험회사 제출용)","AQA01501","10000","","","","",""
"대전","제증명수수료","자동차 운전면허 신체검사 (1종보통,2종면허)","AW400501","4000","","","","",""
"대전","제증명수수료","자동차 운전면허 신체검사(1종대형,특수면허)","AW400500","5000","","","","",""
"대전","치료재료대","저시력보조안경","QA62003","","","","","",""
"대전","제증명수수료","정신감정서","AQA02101","100000","","","","",""
"대전","치료재료대","정형외과용구두(기성단화/표준)","QA41018","63000","","","","",""
"대전","치료재료대","정형외과용구두(기성장화/표준)","QA41020","74000","","","","",""
"대전","치료재료대","정형외과용구두(기성정형화/표준)","QA41019","71000","","","","",""
"대전","치료재료대","정형외과용구두(수제단화/기능1)","QA42022","175000","","","","",""
"대전","치료재료대","정형외과용구두(수제단화/기능2)","QA42023","243000","","","","",""
"대전","치료재료대","정형외과용구두(수제단화/기능3)","QA42024","276000","","","","",""
"대전","치료재료대","정형외과용구두(수제단화/표준)","QA43030","148000","","","","",""
"대전","치료재료대","정형외과용구두(수제장화/기능1)","QA44042","285000","","","","",""
"대전","치료재료대","정형외과용구두(수제장화/기능2)","QA44043","312000","","","","",""
"대전","치료재료대","정형외과용구두(수제장화/기능3)","QA44044","366000","","","","",""
"대전","치료재료대","정형외과용구두(수제장화/표준)","QA44041","238000","","","","",""
"대전","치료재료대","정형외과용구두(수제정형화/기능1)","QA43032","221000","","","","",""
"대전","치료재료대","정형외과용구두(수제정형화/기능2)","QA43033","289000","","","","",""
"대전","치료재료대","정형외과용구두(수제정형화/기능3)","QA43034","303000","","","","",""
"대전","치료재료대","정형외과용구두(수제정형화/표준)","QA43031","215000","","","","",""
"대전","치료재료대","정형외과용구두(정형제화/보험)","QA45051","209000","","","","",""
"대전","치료재료대","종아리굴곡체중부하의지(건보용/실리콘형)","QA25018","1767000","","","","",""
"대전","치료재료대","종아리굴곡체중부하의지(건보용/일반형)","QA25017","1456000","","","","",""
"대전","치료재료대","종아리의지(골격/건보용/실리콘)","QA25072","1672000","","","","",""
"대전","치료재료대","종아리의지(골격/건보용/일반)","QA25071","1195000","","","","",""
"대전","치료재료대","종아리의지(골격/기능1)","QA25032","2697000","","","","",""
"대전","치료재료대","종아리의지(골격/기능1/고급형실리콘)","QA25052","3097000","","","","",""
"대전","치료재료대","종아리의지(골격/기능1/표준형실리콘)","QA25042","3041000","","","","",""
"대전","치료재료대","종아리의지(골격/기능2)","QA25033","3000000","","","","",""
"대전","치료재료대","종아리의지(골격/기능2/고급형실리콘)","QA25053","3396000","","","","",""
"대전","치료재료대","종아리의지(골격/기능2/표준형실리콘)","QA25043","3343000","","","","",""
"대전","치료재료대","종아리의지(골격/기능3)","QA25034","3916000","","","","",""
"대전","치료재료대","종아리의지(골격/기능3/고급형실리콘)","QA25054","4323000","","","","",""
"대전","치료재료대","종아리의지(골격/기능3/표준형실리콘)","QA25044","4260000","","","","",""
"대전","치료재료대","종아리의지(골격/기능3/하모니형)","QA25061","8553000","","","","",""
"대전","치료재료대","종아리의지(골격/기능4)","QA25035","4521000","","","","",""
"대전","치료재료대","종아리의지(골격/기능4/고급형실리콘)","QA25055","4928000","","","","",""
"대전","치료재료대","종아리의지(골격/기능4/표준형실리콘)","QA25045","4864000","","","","",""
"대전","치료재료대","종아리의지(골격/기능4/하모니형)","QA25062","9157000","","","","",""
"대전","치료재료대","종아리의지(골격/표준)","QA25031","2541000","","","","",""
"대전","치료재료대","종아리의지(골격/표준)","QA25077","2249000","","","","",""
"대전","치료재료대","종아리의지(골격/표준) 아동용","QA25076","2235000","","","","",""
"대전","치료재료대","종아리의지(골격/표준/고급형실리콘)","QA25051","2941000","","","","",""
"대전","치료재료대","종아리의지(골격/표준/보급형실리콘)","QA25041","2885000","","","","",""
"대전","치료재료대","종아리의지(재래/수영용)","QA25075","1686000","","","","",""
"대전","치료재료대","종아리의지(재래/장식)","QA25074","1495000","","","","",""
"대전","치료재료대","종아리의지(재래/표준)","QA25073","1291000","","","","",""
"대전","치료재료대","지팡이(듀랄루민제)","QA61004","","","","","",""
"대전","제증명수수료","진료기록영상(CD)-뇌파영상","AQF00301","5000","","","","",""
"대전","치료재료대","짧은다리보조기(PTB형/국산)","QA33071","359000","","","","",""
"대전","치료재료대","짧은다리보조기(PTB형/외산)","QA33072","594000","","","","",""
"대전","치료재료대","짧은다리플라스틱보조기(기능형)","QA33073","212000","","","","",""
"대전","치료재료대","짧은다리플라스틱보조기(일반형)","QA33074","119000","","","","",""
"대전","치료재료대","짧은위팔의지(국-재래/국-PVC미용수)","QA13015","760000","","","","",""
"대전","치료재료대","짧은위팔의지(국-재래/국-실리콘미용수)","QA13016","1748000","","","","",""
"대전","치료재료대","짧은위팔의지(국-재래/독-기능수/미-작업수)","QA13017","1790000","","","","",""
"대전","치료재료대","짧은위팔의지(국-재래/중-작업수)","QA13014","1038000","","","","",""
"대전","치료재료대","짧은종아리의지(실리콘/장식)","QA25022","2812000","","","","",""
"대전","치료재료대","짧은종아리의지(표준/장식)","QA25021","2327000","","","","",""
"대전","치료재료대","짧은팔보조기(전박골절보조기)","QA31031","205000","","","","",""
"대전","제증명수수료","채용신체검사","AQH421","40000","","","","",""
"대전","치료재료대","보청기(최고급형/X Series-P 110/고막형)","QA55017","2511000","","","","",""
"대전","치료재료대","보청기(최고급형/X Series-P 110/귀속형)","QA55015","2392000","","","","",""
"대전","치료재료대","보청기(최고급형/Xino 110/개방형)","QA56006","2324000","","","","",""
"대전","치료재료대","보행보조벨트","QA33011","80000","","","","",""
"대전","치료재료대","브레일라이트","QA65002","","","","","",""
"대전","치료재료대","비데","QA67001","","","","","",""
"대전","제증명수수료","사체부검료","AQA00901","20000","","","","",""
"대전","제증명수수료","선원건강진단서","AW401500G","40000","","","","",""
"대전","제증명수수료","성별감정서","AQA01101","10000","","","","",""
"대전","치료재료대","손가락관절보조기(고정형)","QA31043","97000","","","","",""
"대전","치료재료대","손가락관절보조기(운동형)","QA31042","125000","","","","",""
"대전","치료재료대","손가락관절보조기(유텐실홀더형)","QA31044","26000","","","","",""
"대전","치료재료대","손가락의지(국-PVC미용수)","QA17011","46000","","","","",""
"대전","치료재료대","손가락의지(국-실리콘미용수)","QA17012","325000","","","","",""
"대전","치료재료대","손의지(국-PVC미용수)","QA16011","115000","","","","",""
"대전","치료재료대","손의지(국-실리콘미용수)","QA16012","858000","","","","",""
"대전","제증명수수료","수술확인서 [1부]","AQA03001","10000","","","","",""
"대전","제증명수수료","신체감정료(과목당)","AQA01200","150000","","","","",""
"대전","제증명수수료","신체검사 [잠수기능사]","AW400301","29000","","","","",""
"대전","치료재료대","실리콘커버","QA28011","1040000","","","","",""
"대전","치료재료대","싸임식발목관절의지(골격/고급형)","QA25083","4240000","","","","",""
"대전","치료재료대","싸임식발목관절의지(재래/실리콘형)","QA25082","2309000","","","","",""
"대전","치료재료대","싸임식발목관절의지(재래/일반형)","QA25081","1358000","","","","",""
"대전","치료재료대","아주짧은아래팔의지(국-재래/국-PVC미용수)","QA15011","745000","","","","",""
"대전","치료재료대","아주짧은아래팔의지(국-재래/국-실리콘미용수)","QA15012","1644000","","","","",""
"대전","치료재료대","아주짧은아래팔의지(국-재래/독-기능수/미-작업수)","QA15013","1984000","","","","",""
"대전","치료재료대","아주짧은아래팔의지(국-재래/중-작업수)","QA15014","890000","","","","",""
"대전","치료재료대","아트란타","QA33022","505000","","","","",""
"대전","치료재료대","어깨가슴의지(국-재래/국-PVC미용수)","QA11012","951000","","","","",""
"대전","치료재료대","어깨가슴의지(국-재래/국-실리콘미용수)","QA11011","2150000","","","","",""
"대전","치료재료대","어깨가슴의지(국-재래/중-작업수)","QA11013","1142000","","","","",""
"대전","치료재료대","어깨가슴의지(독-골격/국-PVC미용수)","QA11015","1993000","","","","",""
"대전","치료재료대","어깨가슴의지(독-골격/국-실리콘미용수)","QA11014","2755000","","","","",""
"대전","치료재료대","어깨관절의지(국-재래/국-PVC미용수)","QA12012","828000","","","","","수가종료"
"대전","치료재료대","어깨관절의지(국-재래/국-실리콘미용수)","QA12011","1939000","","","","",""
"대전","치료재료대","어깨관절의지(국-재래/중-작업수)","QA12013","1142000","","","","",""
"대전","치료재료대","어깨관절의지(독-골격/국-PVC미용수)","QA12015","1742000","","","","",""
"대전","치료재료대","어깨관절의지(독-골격/국-실리콘미용수)","QA12014","2468000","","","","",""
"대전","치료재료대","어깨뼈외전보조기(견관절외전보조기)","QA31011","389000","","","","",""
"대전","치료재료대","어깨뼈외전보조기(견관절외전필로우)","QA31012","74000","","","","",""
"대전","치료재료대","어깨뼈외전보조기(견관절탈구슬링)","QA31014","95000","","","","",""
"대전","치료재료대","어깨뼈외전보조기(쇄골지지 보조기)","QA31013","71000","","","","",""
"대전","치료재료대","어깨뼈외전보조기(암슬링)","QA31016","30000","","","","",""
"대전","치료재료대","어깨뼈외전보조기(울트라슬링)","QA31015","63000","","","","",""
"대전","치료재료대","엉덩이관절의지(골격/회전)","QA22021","7111000","","","","",""
"대전","치료재료대","엉덩이관절의지(재래/국산)","QA22032","2215000","","","","",""
"대전","제증명수수료","연령감정서","AQA01401","20000","","","","",""
"대전","제증명수수료","영문사망진단서","AQA00503","15000","","","","",""
"대전","제증명수수료","영문일반소견서(보험회사 제출용)","AQA01503","15000","","","","",""
"대전","치료재료대","욕창매트리스","QA68002","","","","","",""
"대전","치료재료대","욕창방석","QA68001","","","","","",""
"대전","제증명수수료","의사소견서발급의뢰서(노인장기요양보험용)","AQA00200","39640","","","","",""
"대전","치료재료대","의안(고정)","QA51011","435000","","","","",""
"대전","치료재료대","의안(동작)","QA51012","1612000","","","","",""
"대전","치료재료대","의이","QA52000","2918000","","","","",""
"대전","치료재료대","의족(재래/실리콘)","QA26012","1645000","","","","",""
"대전","치료재료대","의족(재래/피혁)","QA26011","498000","","","","",""
"대전","치료재료대","인공뇨장","QA64002","","","","","",""
"대전","치료재료대","인공후두","QA64001","","","","","",""
"대전","치료재료대","인솔","QA46011","71000","","","","",""
"대전","치료재료대","발목관절보조기(국산/크렌쟉식)","QA33083","302000","","","","",""
"대전","치료재료대","발목관절보조기(연성)","QA33086","31000","","","","",""
"대전","치료재료대","발목관절보조기(외산/고정형)","QA33082","420000","","","","",""
"대전","치료재료대","발목관절보조기(외산/크렌쟉식)","QA33084","486000","","","","",""
"대전","제증명수수료","방문간호지시서(노인장기요양보험용) 1회당(내원시)","AQA00903","21080","","","","",""
"대전","치료재료대","밸포밴드(중) Velpeau Brace 이노메디","3011200086","3000","","","","",""
"대전","치료재료대","벨포밴드 M(Velpeau Brace)","BZ101009","3000","","","","",""
"대전","치료재료대","변색안경","QA62002","","","","","",""
"대전","제증명수수료","보장구검진소견서","AQA00400","10000","","","","",""
"대전","치료재료대","보청기(고급형/SoundLens-P 11 90/초소형 고막형)","QA55014","2440000","","","","",""
"대전","치료재료대","보청기(고급형/X Series-P 90/고막형)","QA55013","2206000","","","","",""
"대전","치료재료대","보청기(고급형/X Series-P 90/귀속형)","QA55011","2103000","","","","",""
"대전","치료재료대","보청기(고급형/X Series-P 90/소형 귀속형)","QA55012","3103000","","","","",""
"대전","치료재료대","보청기(고급형/Xino 90/개방형)","QA56005","1474000","","","","",""
"대전","치료재료대","보청기(고출력보급형/DP 8 귀걸이형)","QA56007","611000","","","","",""
"대전","치료재료대","보청기(고출력일반형/I-Power/고막형)","QA55020","1754000","","","","",""
"대전","치료재료대","보청기(고출력일반형/I-Power/귀속형)","QA55019","1653000","","","","",""
"대전","치료재료대","보청기(고출력최고급형/X-Power/고막형)","QA55022","2281000","","","","",""
"대전","치료재료대","보청기(고출력최고급형/X-Power/귀속형)","QA55021","2239000","","","","",""
"대전","치료재료대","보청기(귀걸이/디지털/DAVINCI PSP)","QA54075","969000","","","","",""
"대전","치료재료대","보청기(귀걸이/디지털/DAVINCI PXP)","QA54074","1010000","","","","",""
"대전","치료재료대","보청기(귀걸이/디지털/DESTINY 1200 BTE)","QA54084","1367000","","","","",""
"대전","치료재료대","보청기(귀걸이/디지털/DESTINY 200 BTE)","QA54081","519000","","","","",""
"대전","치료재료대","보청기(귀걸이/디지털/DESTINY 200 BTE)","QA54082","902000","","","","",""
"대전","치료재료대","보청기(귀걸이/디지털/DESTINY 800 BTE)","QA54083","1162000","","","","",""
"대전","치료재료대","보청기(귀걸이/디지털/DP 7 BTE)","QA54076","451000","","","","",""
"대전","치료재료대","보청기(귀걸이/압축형/A675SEQ AV)","QA54073","696000","","","","",""
"대전","치료재료대","보청기(귀걸이/파워형/A13HDP)","QA54071","433000","","","","",""
"대전","치료재료대","보청기(귀걸이/파워형/A675TSP)","QA54072","448000","","","","",""
"대전","치료재료대","보청기(귀속형/디지털/AXENT)","QA53033","1744000","","","","",""
"대전","치료재료대","보청기(귀속형/디지털/DESTINY 1200 CIC)","QA53064","3642000","","","","",""
"대전","치료재료대","보청기(귀속형/디지털/DESTINY 1200 ITC)","QA53044","2168000","","","","",""
"대전","치료재료대","보청기(귀속형/디지털/DESTINY 1200 M-ITC)","QA53054","3419000","","","","",""
"대전","치료재료대","보청기(귀속형/디지털/DESTINY 200 CIC)","QA53061","1574000","","","","",""
"대전","치료재료대","보청기(귀속형/디지털/DESTINY 200 CIC)","QA53062","2344000","","","","",""
"대전","치료재료대","보청기(귀속형/디지털/DESTINY 200 ITC)","QA53041","970000","","","","",""
"대전","치료재료대","보청기(귀속형/디지털/DESTINY 200 M-ITC)","QA53051","1444000","","","","",""
"대전","치료재료대","보청기(귀속형/디지털/DESTINY 400 ITC)","QA53042","1335000","","","","",""
"대전","치료재료대","보청기(귀속형/디지털/DESTINY 400 M-ITC)","QA53052","2154000","","","","",""
"대전","치료재료대","보청기(귀속형/디지털/DESTINY 800 CIC)","QA53063","2831000","","","","",""
"대전","치료재료대","보청기(귀속형/디지털/DESTINY 800 ITC)","QA53043","1628000","","","","",""
"대전","치료재료대","보청기(귀속형/디지털/DESTINY 800 M-ITC)","QA53053","2619000","","","","",""
"대전","치료재료대","보청기(귀속형/디지털/DXW)","QA53038","1283000","","","","",""
"대전","치료재료대","보청기(귀속형/디지털/ENDEAVOUR INTRA)","QA53037","825000","","","","",""
"대전","치료재료대","보청기(귀속형/디지털/ENDEAVOUR INTRA)","QA53036","825000","","","","",""
"대전","치료재료대","보청기(귀속형/디지털/ENDEAVOUR TYM)","QA53035","959000","","","","",""
"대전","치료재료대","보청기(귀속형/디지털/SEQUEL II)","QA53034","1507000","","","","",""
"대전","치료재료대","보청기(귀속형/압축형/SECRET)","QA53031","1266000","","","","",""
"대전","치료재료대","보청기(귀속형/파워형/MEGA X)","QA53032","1278000","","","","",""
"대전","치료재료대","보청기(기본형/Ignite 20 Power Plus/귀걸이형)","QA56002","570000","","","","",""
"대전","치료재료대","보청기(기본형/Ignite-P 20/고막형)","QA55003","1059000","","","","",""
"대전","치료재료대","보청기(기본형/Ignite-P 20/귀속형)","QA55001","969000","","","","",""
"대전","치료재료대","보청기(보급형Aries/귀걸이형)","QA56001","440000","","","","",""
"대전","치료재료대","보청기(일반형 1/Ignite 30 Power Plus/귀걸이형)","QA56003","796000","","","","",""
"대전","치료재료대","보청기(일반형 1/Ignite-P 30/고막형)","QA55006","1429000","","","","",""
"대전","치료재료대","보청기(일반형 1/Ignite-P 30/귀속형)","QA55004","1278000","","","","",""
"대전","치료재료대","보청기(일반형 2/SoundLens-P 11 70/초소형 고막형)","QA55010","2069000","","","","",""
"대전","치료재료대","보청기(일반형 2/X Series-P 70/고막형)","QA55009","1930000","","","","",""
"대전","치료재료대","보청기(일반형 2/X Series-P 70/귀속형)","QA55007","1807000","","","","",""
"대전","치료재료대","보청기(일반형 2/Xino 70/개방형)","QA56004","1365000","","","","",""
"대전","치료재료대","보청기(최고급형/SoundLens-P 11 110/초소형 고막형)","QA55018","2598000","","","","",""
"대전","제증명수수료","노인 장기요양보험(5등급예상 치매진단)의사소견서","AQA00202","55730","","","","",""
"대전","치료재료대","대퇴의지(골격/회전/C-leg/기능4/실리콘/구형)","QA23049","26973000","","","","",""
"대전","치료재료대","대퇴의지(골격/회전/C-leg/기능4/실리콘/신형)","QA23048","30887000","","","","",""
"대전","치료재료대","대퇴의지(골격/회전/C-leg/기능4/진공/구형)","QA23039","26540000","","","","",""
"대전","치료재료대","대퇴의지(골격/회전/C-leg/기능4/진공/신형)","QA23038","30565000","","","","",""
"대전","치료재료대","대퇴의지(골격/회전/기계/ 표준/실리콘)","QA23041","6294000","","","","",""
"대전","치료재료대","대퇴의지(골격/회전/기계/ 표준/허리반도)","QA23021","5696000","","","","",""
"대전","치료재료대","대퇴의지(골격/회전/기계/표준/골반대)","QA23000","6216000","","","","",""
"대전","치료재료대","대퇴의지(골격/회전/기계/표준/진공)","QA23031","6015000","","","","",""
"대전","치료재료대","대퇴의지(골격/회전/기압/기능1/실리콘)","QA23042","7468000","","","","",""
"대전","치료재료대","대퇴의지(골격/회전/기압/기능1/진공)","QA23032","7021000","","","","",""
"대전","치료재료대","대퇴의지(골격/회전/기압/기능1/허리반도)","QA23022","6870000","","","","",""
"대전","치료재료대","대퇴의지(골격/회전/기압/기능2/실리콘)","QA23043","7915000","","","","",""
"대전","치료재료대","대퇴의지(골격/회전/기압/기능2/진공)","QA23033","7468000","","","","",""
"대전","치료재료대","대퇴의지(골격/회전/기압/기능2/허리반도)","QA23023","7317000","","","","",""
"대전","치료재료대","대퇴의지(골격/회전/유압/기능1/실리콘)","QA23044","9515000","","","","",""
"대전","치료재료대","대퇴의지(골격/회전/유압/기능1/진공)","QA23034","9068000","","","","",""
"대전","치료재료대","대퇴의지(골격/회전/유압/기능1/허리반도)","QA23024","8925000","","","","",""
"대전","치료재료대","대퇴의지(골격/회전/유압/기능2/실리콘)","QA23045","9962000","","","","",""
"대전","치료재료대","대퇴의지(골격/회전/유압/기능2/진공)","QA23035","9515000","","","","",""
"대전","치료재료대","대퇴의지(골격/회전/유압/기능2/허리반도)","QA23025","9372000","","","","",""
"대전","치료재료대","대퇴의지(골격/회전/유압/기능3/실리콘)","QA23046","10886000","","","","",""
"대전","치료재료대","대퇴의지(골격/회전/유압/기능3/진공)","QA23036","10427000","","","","",""
"대전","치료재료대","대퇴의지(골격/회전/유압/기능4/실리콘)","QA23047","11452000","","","","",""
"대전","치료재료대","대퇴의지(골격/회전/유압/기능4/진공)","QA23037","10924000","","","","",""
"대전","치료재료대","독서확대기","QA66001","","","","","",""
"대전","치료재료대","디스크닥터","QA32051","242000","","","","",""
"대전","치료재료대","맹인용시계(음성)","QA63002","","","","","",""
"대전","치료재료대","맹인용시계(점자)","QA63001","","","","","",""
"대전","치료재료대","맹인용안경","QA62001","","","","","",""
"대전","치료재료대","맹인용컴퓨터","QA65001","","","","","",""
"대전","치료재료대","목발(목)","QA61003","","","","","",""
"대전","치료재료대","목발(소)","3011200032","9805","","","","",""
"대전","치료재료대","목뼈보조기(4지주경추보조기)","QA32014","106000","","","","",""
"대전","치료재료대","목뼈보조기(몰딩경추 보조기)","QA32016","381000","","","","",""
"대전","치료재료대","목뼈보조기(미네르바경추보조기)","QA32015","447000","","","","",""
"대전","치료재료대","목뼈보조기(토마스소프트칼라)","QA32012","21000","","","","",""
"대전","치료재료대","목뼈보조기(필라델피아)","QA32011","26000","","","","",""
"대전","치료재료대","무릎관절보조기(각도조절/돈죠이/A/P/M/LCL brace)","QA33061","166000","","","","",""
"대전","치료재료대","무릎관절보조기(갤텍스)","QA33065","92000","","","","",""
"대전","치료재료대","무릎관절보조기(니써포트)","QA33064","83000","","","","",""
"대전","치료재료대","무릎관절보조기(슬관절보조기)","QA33063","256000","","","","",""
"대전","치료재료대","무릎관절의지(골격/건보용/실리콘)","QA24023","3793000","","","","",""
"대전","치료재료대","무릎관절의지(골격/건보용/일반)","QA24022","3226000","","","","",""
"대전","치료재료대","무릎관절의지(골격/기능1/유압)","QA24015","6460000","","","","",""
"대전","치료재료대","무릎관절의지(골격/기능1/일반형)","QA24014","5433000","","","","",""
"대전","치료재료대","무릎관절의지(골격/기능2/유압)","QA24016","6907000","","","","",""
"대전","치료재료대","무릎관절의지(골격/기능3/유압)","QA24017","7831000","","","","",""
"대전","치료재료대","무릎관절의지(골격/기능4/유압)","QA24018","8398000","","","","",""
"대전","치료재료대","무릎관절의지(골격/유압/표준)","QA24013","6280000","","","","",""
"대전","치료재료대","무릎관절의지(골격/유압1/표준)","QA24027","6280000","","","","",""
"대전","치료재료대","무릎관절의지(골격/일반/표준)","QA24011","4495000","","","","",""
"대전","치료재료대","무릎관절의지(골격/잠김형/표준)","QA24012","5417000","","","","",""
"대전","치료재료대","무릎관절의지(재래/일반형)","QA24021","3213000","","","","",""
"대전","치료재료대","바디쟈켓(단순형/LSO형)","QA32031","374000","","","","",""
"대전","치료재료대","바디쟈켓(단순형/TLSO형)  기성품","QA32033","76000","","","","",""
"대전","치료재료대","바디쟈켓(복잡형/LSO형)","QA32032","377000","","","","",""
"대전","치료재료대","바디쟈켓(복잡형/TLSO형)  기성품","QA32034","87000","","","","",""
"대전","치료재료대","발가락의지(재래/실리콘)","QA27014","1337000","","","","",""
"대전","치료재료대","발가락의지(재래/피혁)","QA27013","479000","","","","",""
"대전","치료재료대","발목관절보조기(경성)","QA33085","47000","","","","",""
"대전","치료재료대","발목관절보조기(국산/고정형)","QA33081","251000","","","","",""
"대전","치료재료대","(DT) BIO-GIDE 25*25mm","L7414221","206000","","","","",""
"대전","치료재료대","(DT) BIO-GIDE　13*25mm","L7414220","164672","","","","",""
"대전","치료재료대","(DT) BIO-OSS 0.25-1mm 0.25G","L7401220","73854","","","","",""
"대전","치료재료대","(DT) BIO-OSS 0.25-1mm 0.5G","L7401221","113300","","","","",""
"대전","치료재료대","(DT)COLLA TAPE/ 한국 바이텍","BL702005","27180","","","","",""
"대전","치료재료대","(DT)Tutoplast pericardium(15*15) 거인씨앤아이","BL702011","145167","","","","",""
"대전","치료재료대","(DT)Tutoplast pericardium(20*30) 거인씨앤아이","BL702012","183878","","","","",""
"대전","치료재료대","(DT)Tutoplast spongiosa microchip 0.3 cc zimmer","BL701017","109000","","","","",""
"대전","치료재료대","(DT)Tutoplast spongiosa microchip 0.5cc","BL701015","121003","","","","",""
"대전","치료재료대","(DT)Tutoplast spongiosa microchip 1.0 cc","BL701016","217805","","","","",""
"대전","치료재료대","(OR)Gelfoam(Spongostan 7*5)　EA","4020100020","7438","","","","",""
"대전","치료재료대","(OR)Spongostan Anal (MS0004)EA","4020300002","9760","","","","",""
"대전","치료재료대","(OR)음경보형물 Malleable 600 (Road형) 한스무역","4011100002","1644252","","","","",""
"대전","치료재료대","(짧은)표준아래팔의지(국-재래/국-PVC미용수)","QA15021","729000","","","","",""
"대전","치료재료대","(짧은)표준아래팔의지(국-재래/국-실리콘미용수)","QA15022","1648000","","","","",""
"대전","치료재료대","(짧은)표준아래팔의지(국-재래/독-기능수/미-작업수)","QA15023","1976000","","","","",""
"대전","치료재료대","(짧은)표준아래팔의지(국-재래/중-작업수)","QA15024","883000","","","","",""
"대전","치료재료대","(짧은)표준아래팔의지(독일-전자의수)","QA15025","11075000","","","","",""
"대전","치료재료대","8자 붕대(소)","VM062","","1700","2130","","",""
"대전","치료재료대","All Silastic Foley Cathe. 24Fr","K5001009","4020","","","","",""
"대전","치료재료대","Arm sling( 팔걸이 성인용)","VM061","","902","965","","",""
"대전","치료재료대","BCM Electrode","BK001001","2280","","","","",""
"대전","치료재료대","Bed Pan(대변기) (pvc)","3011600002","1316","","","","",""
"대전","치료재료대","Cast Shoes(대)","BZ101003","","1153","1940","","",""
"대전","치료재료대","Cast shoes(대)","VM070","1153","","","","",""
"대전","치료재료대","Chest tube 28fr","K3006111","4469","","","","",""
"대전","치료재료대","Cool hot bag","BZ001006","5265","","","","",""
"대전","치료재료대","Crutch(대)　알루미늄","3011200030","9641","","","","",""
"대전","치료재료대","Crutch(중) 알루미늄 1쌍(2개)","3011200031","9641","","","","",""
"대전","치료재료대","Crutch(특대)","3011200033","9641","","","","",""
"대전","치료재료대","T-Lens 1ea (존슨앤존슨)","3011600008","4877","","","","",""
"대전","치료재료대","The Graft 0.25g","4110500011","29163","","","","",""
"대전","치료재료대","Thomas collar 대","3011200081","1102","","","","",""
"대전","치료재료대","Thomas collar 소","3011200082","1160","","","","",""
"대전","치료재료대","Thomas collar 중","3011200083","1130","","","","",""
"대전","치료재료대","Tomas colar (소)","BZ101007","1160","","","","",""
"대전","치료재료대","Urine bottle with cap 1000ml (소변기)","3011500001","1073","","","","",""
"대전","치료재료대","mega-derm (전규격)","atMDS000001","89559","","","","",""
"대전","제증명수수료","개인택시면허용건강진단서(1부)","AQW00401","20000","","","","",""
"대전","제증명수수료","건강진단서","AQH423","20000","","","","",""
"대전","치료재료대","고관절외전보조기","QA33021","302000","","","","",""
"대전","치료재료대","골반보조기","QA33012","95000","","","","",""
"대전","제증명수수료","국내외 입양용신체검사서","AQP4103","23500","","","","",""
"대전","치료재료대","긴다리보조기(골반대부착)(국산/표준)","QA33031","569000","","","","",""
"대전","치료재료대","긴다리보조기(골반대부착)(외산/반자동)","QA33033","977000","","","","",""
"대전","치료재료대","긴다리보조기(골반대부착)(외산/표준)","QA33032","877000","","","","",""
"대전","치료재료대","긴다리보조기(국산/표준)","QA33044","333000","","","","",""
"대전","치료재료대","긴다리보조기(보우레그형)","QA33048","362000","","","","",""
"대전","치료재료대","긴다리보조기(외산/반자동)","QA33046","895000","","","","",""
"대전","치료재료대","긴다리보조기(외산/표준)","QA33045","763000","","","","",""
"대전","치료재료대","긴다리보조기(프라스틱형)","QA33047","586000","","","","",""
"대전","치료재료대","긴팔보조기(일반형/각도조절형)","QA31023","265000","","","","",""
"대전","치료재료대","긴팔보조기(일반형/상박고정형)","QA31021","249000","","","","",""
"대전","치료재료대","긴팔보조기(일반형/팔꿈치고정형)","QA31022","214000","","","","",""
"대전","치료재료대","넓적다리의지(골격/건보용/실리콘)","QA23054","4003000","","","","",""
"대전","치료재료대","넓적다리의지(골격/건보용/표준)","QA23053","3346000","","","","",""
"대전","치료재료대","넓적다리의지(골격/회전/기계/표준/허리반도)","QA23065","5696000","","","","",""
"대전","치료재료대","넓적다리의지(재래/골반대/국산)","QA23052","3595000","","","","",""
"대전","치료재료대","넓적다리의지(재래/표준/국산)","QA23051","3200000","","","","",""
