"대분류","중분류명","항목코드","항목명칭","의료기관사용코드","의료기관사용명칭","구분","비용","최저비용","최고비용","치료재료대포함여부","약제비포함여부","특이사항","고지시작일","고지종료일"
"행위료","상급병실료(차액)","ABZ010001","1인실","A2Z0010203","1인실","","233290","","","N","N","간호간병","2020-02-06","2999-12-31"
"행위료","상급병실료(차액)","ABZ010001","1인실","A2Z0010205","1인실","","248840","","","N","N","간호간병","2020-02-06","2999-12-31"
"행위료","상급병실료(차액)","ABZ010001","1인실","A2Z0010201","1인실","","137250","","","N","N","","2020-02-06","2999-12-31"
"행위료","상급병실료(차액)","ABZ010001","1인실","A2Z0010202","1인실","","151750","","","N","N","","2020-02-06","2999-12-31"
"행위료","상급병실료(차액)","ABZ010001","1인실","A2Z00102","1인실","","70000","","","N","N","호스피스1인실","2020-02-06","2999-12-31"
"행위료","검사료","CZ394","인플루엔자 A·B 바이러스항원검사 [현장검사]","LZ00900","인플루엔자 A·B 바이러스항원검사 [현장검사]","","25000","","","N","N","","2020-02-06","2999-12-31"
"행위료","검사료","EZ886","자궁경부확대촬영검사","SZ04700","자궁경부확대촬영검사","","25000","","","N","N","","2020-02-06","2999-12-31"
"행위료","검사료","EZ868","동맥경화도검사(맥파전달속도측정)","SZ07201","동맥경화도검사(맥파전달속도측정)","","","30000","50000","N","N","1부위/2부위","2020-02-06","2999-12-31"
"행위료","검사료","EZ797","눈의 계측검사 (레이저간섭계 이용)","SZ04000A","눈의 계측검사 (레이저간섭계 이용)","","50000","","","N","N","","2020-02-06","2999-12-31"
"행위료","검사료","EZ796","안구광학단층촬영[편측]","SEZ796","안구광학단층촬영[편측]","","50000","","","N","N","","2020-02-06","2999-12-31"
"행위료","검사료","FZ689","언어전반진단검사","SZ11500","언어전반진단검사","","25000","","","N","N","","2020-02-06","2999-12-31"
"행위료","검사료","FZ688","발음 및 발성검사","SZ10802","발음 및 발성검사","","50000","","","N","N","","2020-02-06","2999-12-31"
"행위료","검사료","FY894","자율신경계이상검사-심박변이도검사","SZ11200","자율신경계이상검사-심박변이도검사","","30000","","","N","N","","2020-02-06","2999-12-31"
"행위료","검사료","FY883","정량적감각기능검사-전류인지역치","SZ10900","정량적감각기능검사-전류인지역치","","30000","","","N","N","","2020-02-06","2999-12-31"
"행위료","검사료","EZ777","동적 족저압측정","SZ01200","동적 족저압측정","","20000","","","N","N","","2020-02-06","2999-12-31"
"행위료","검사료","EZ776","체온열검사","SZ05101-9","체온열검사","","50000","","","N","N","부위별","2020-02-06","2999-12-31"
"행위료","검사료","EZ776","체온열검사","SZ05110","체온열검사","","100000","","","N","N","전신","2020-02-06","2999-12-31"
"행위료","검사료","EZ775","관절계를 이용한 무릎관절인대검사","HZOS00300","관절계를 이용한 무릎관절인대검사","","30000","","","N","N","","2020-02-06","2999-12-31"
"행위료","검사료","EZ774","동작분석(생역학검사)","FZ01000","동작분석(생역학검사)","","80000","","","N","N","","2020-02-06","2999-12-31"
"행위료","검사료","FZ733","비디오전기안진검사","SZ01703","비디오전기안진검사","","","31010","103500","N","N","검사방법에 따라","2020-02-06","2999-12-31"
"행위료","검사료","FZ731","동적체평형검사","FZ00300","동적체평형검사","","30000","","","N","N","","2020-02-06","2999-12-31"
"행위료","검사료","FZ672","호기 산화질소 측정","SZ09701","호기 산화질소 측정","","50000","","","N","N","","2020-02-06","2999-12-31"
"행위료","검사료","FZ671","후각기능(인지 및 역치)검사","SZ09700","후각기능(인지 및 역치)검사","","20000","","","N","N","","2020-02-06","2999-12-31"
"행위료","검사료","EA004","진정내시경 환자관리료 Ⅳ","SEA004","진정내시경 환자관리료 Ⅳ","","168300","","","N","N","","2020-02-06","2999-12-31"
"행위료","검사료","EA003","진정내시경 환자관리료 Ⅲ","SEA003","진정내시경 환자관리료 Ⅲ","","121700","","","N","N","","2020-02-06","2999-12-31"
"행위료","검사료","EA002","진정내시경 환자관리료 Ⅱ","SEA002","진정내시경 환자관리료 Ⅱ","","79410","","","N","N","","2020-02-06","2999-12-31"
"행위료","검사료","EA001","진정내시경 환자관리료 Ⅰ","SEA001","진정내시경 환자관리료 Ⅰ","","54740","","","N","N","","2020-02-06","2999-12-31"
"행위료","초음파 검사료","EZ994","혈관내초음파","RHZ00100","혈관내초음파","","200000","","","N","N","재료대 별도산정-1419835원","2020-02-05","2999-12-31"
"행위료","초음파 검사료","EZ992","내시경초음파","SZ06202","내시경초음파","","250000","","","N","N","","2020-02-06","2999-12-31"
"행위료","초음파 검사료","EZ992","내시경초음파","SZ06201","내시경초음파","","150000","","","N","N","","2020-02-06","2999-12-31"
"행위료","초음파 검사료","EZ992","내시경초음파","SZ06302","내시경초음파","","80000","","","N","N","","2020-02-06","2999-12-31"
"행위료","초음파 검사료","EZ992","내시경초음파","SZ06303","내시경초음파","","60000","","","N","N","","2020-02-06","2999-12-31"
"행위료","초음파 검사료","EZ992","내시경초음파","SEZ992","내시경초음파","","800000","","","N","N","","2020-02-05","2999-12-31"
"행위료","초음파 검사료","EB612","심장-심장내 초음파","SEB612","심장-심장내 초음파","","325620","","","N","N","","2020-02-05","2999-12-31"
"행위료","초음파 검사료","EB611","심장-경식도 심초음파","SEB611","심장-경식도 심초음파","","296020","","","N","N","","2020-02-05","2999-12-31"
"행위료","초음파 검사료","EB564","유도초음파-Ⅳ","SEB564","유도초음파-Ⅳ","","324720","","","N","N","","2020-02-05","2999-12-31"
"행위료","초음파 검사료","EB563","유도초음파-Ⅲ","SEB563","유도초음파-Ⅲ","","129890","","","N","N","","2020-02-05","2999-12-31"
"행위료","초음파 검사료","EB562","유도초음파-Ⅱ","SEB562","유도초음파-Ⅱ","","108240","","","N","N","","2020-02-05","2999-12-31"
"행위료","초음파 검사료","EB561","유도초음파-Ⅰ","SEB561","유도초음파-Ⅰ","","54130","","","N","N","","2020-02-05","2999-12-31"
"행위료","초음파 검사료","EB523","응급·중환자 초음파-복합 표적 초음파","SEB523","응급·중환자 초음파-복합 표적 초음파","","81580","","","N","N","","2020-02-05","2999-12-31"
"행위료","초음파 검사료","EB522","응급·중환자 초음파-단일 표적 초음파(1일당)-2부위 이상","SEB522","응급·중환자 초음파-단일 표적 초음파(1일당)-2부위 이상","","31700","","","N","N","","2020-02-05","2999-12-31"
"행위료","초음파 검사료","EB521","응급·중환자 초음파-단일 표적 초음파(1일당)-1부위","SEB521","응급·중환자 초음파-단일 표적 초음파(1일당)-1부위","","15850","","","N","N","","2020-02-05","2999-12-31"
"행위료","초음파 검사료","EB518","임산부-제2,3삼분기-정밀-기형아 계측","SEB518","임산부-제2,3삼분기-정밀-기형아 계측","","294080","","","N","N","","2020-02-05","2999-12-31"
"행위료","초음파 검사료","EB517","임산부-제2,3삼분기-정밀","SEB517","임산부-제2,3삼분기-정밀","","251020","","","N","N","","2020-02-05","2999-12-31"
"행위료","초음파 검사료","EB516","임산부-제2,3삼분기-일반-고위험 임신","SEB516","임산부-제2,3삼분기-일반-고위험 임신","","152270","","","N","N","","2020-02-05","2999-12-31"
"행위료","초음파 검사료","EB515","임산부-제2,3삼분기-일반","SEB515","임산부-제2,3삼분기-일반","","117140","","","N","N","","2020-02-05","2999-12-31"
"행위료","초음파 검사료","EB514","임산부-제1삼분기-정밀-기형아 계측","SEB514","임산부-제1삼분기-정밀-기형아 계측","","189360","","","N","N","","2020-02-05","2999-12-31"
"행위료","초음파 검사료","EB513","임산부-제1삼분기-정밀","SEB513","임산부-제1삼분기-정밀","","147660","","","N","N","","2020-02-05","2999-12-31"
"행위료","초음파 검사료","EB512","임산부-제1삼분기-일반-임신 여부만 확인","SEB512","임산부-제1삼분기-일반-임신 여부만 확인","","56140","","","N","N","","2020-02-05","2999-12-31"
"행위료","초음파 검사료","EB511","임산부-제1삼분기-일반","SEB511","임산부-제1삼분기-일반","","82750","","","N","N","","2020-02-05","2999-12-31"
"행위료","초음파 검사료","EB504","신경-말초신경 초음파-사지신경 모두를 종합적으로 검사","SEB504","신경-말초신경 초음파-사지신경 모두를 종합적으로 검사","","156880","","","N","N","","2020-02-05","2999-12-31"
"행위료","초음파 검사료","EB503","신경-말초신경 초음파-편측","SEB503","신경-말초신경 초음파-편측","","60140","","","N","N","","2020-02-05","2999-12-31"
"행위료","초음파 검사료","EB502","신경-중추신경계 초음파-척수","SEB502","신경-중추신경계 초음파-척수","","201650","","","N","N","","2020-02-05","2999-12-31"
"행위료","초음파 검사료","EB501","신경-중추신경계 초음파-경천문 뇌","SEB501","신경-중추신경계 초음파-경천문 뇌","","201650","","","N","N","","2020-02-05","2999-12-31"
"행위료","초음파 검사료","EB490","혈관-대동맥 도플러 초음파","SEB490","혈관-대동맥 도플러 초음파","","87460","","","N","N","","2020-02-05","2999-12-31"
"행위료","초음파 검사료","EB489","혈관-사지혈관 도플러 초음파-하지정맥류","SEB489","혈관-사지혈관 도플러 초음파-하지정맥류","","161260","","","N","N","","2020-02-05","2999-12-31"
"행위료","초음파 검사료","EB488","혈관-사지혈관 도플러 초음파-하지-정맥","SEB488","혈관-사지혈관 도플러 초음파-하지-정맥","","143580","","","N","N","","2020-02-05","2999-12-31"
"행위료","초음파 검사료","EB487","혈관-사지혈관 도플러 초음파-하지-동맥","SEB487","혈관-사지혈관 도플러 초음파-하지-동맥","","143580","","","N","N","","2020-02-05","2999-12-31"
"행위료","초음파 검사료","EB486","혈관-사지혈관 도플러 초음파-동정맥루의 혈류 및 협착 측정","SEB486","혈관-사지혈관 도플러 초음파-동정맥루의 혈류 및 협착 측정","","46670","","","N","N","","2020-02-05","2999-12-31"
"행위료","초음파 검사료","EB485","혈관-사지혈관 도플러 초음파-상지-정맥","SEB485","혈관-사지혈관 도플러 초음파-상지-정맥","","90670","","","N","N","","2020-02-05","2999-12-31"
"행위료","초음파 검사료","EB484","혈관-사지혈관 도플러 초음파-상지-동맥","SEB484","혈관-사지혈관 도플러 초음파-상지-동맥","","90670","","","N","N","","2020-02-05","2999-12-31"
"행위료","초음파 검사료","EB483","혈관-두개외 혈관 도플러 초음파-기타 동맥","SEB483","혈관-두개외 혈관 도플러 초음파-기타 동맥","","59070","","","N","N","","2020-02-05","2999-12-31"
"행위료","초음파 검사료","EB482","혈관-두개외 혈관 도플러 초음파-경동맥","SEB482","혈관-두개외 혈관 도플러 초음파-경동맥","","112540","","","N","N","","2020-02-05","2999-12-31"
"행위료","초음파 검사료","EB481","혈관-뇌혈류 초음파","SEB481","혈관-뇌혈류 초음파","","131840","","","N","N","","2020-02-05","2999-12-31"
"행위료","초음파 검사료","EB471","근골격, 연부-연부조직 초음파-정밀","SEB471","근골격, 연부-연부조직 초음파-정밀","","85300","","","N","N","","2020-02-05","2999-12-31"
"행위료","초음파 검사료","EB470","근골격, 연부-연부조직 초음파-일반","SEB470","근골격, 연부-연부조직 초음파-일반","","66400","","","N","N","","2020-02-05","2999-12-31"
"행위료","초음파 검사료","EB469","근골격, 연부-관절 초음파-류마티스성 질환에 의한 다발성 관절염 진단 또는 평가","SEB469","근골격, 연부-관절 초음파-류마티스성 질환에 의한 다발성 관절염 진단 또는 평가","","142110","","","N","N","","2020-02-05","2999-12-31"
"행위료","초음파 검사료","EB468","근골격, 연부-관절 초음파-발목관절(편측)","SEB468","근골격, 연부-관절 초음파-발목관절(편측)","","91600","","","N","N","","2020-02-05","2999-12-31"
"행위료","초음파 검사료","EB467","근골격, 연부-관절 초음파-손목관절(편측)","SEB467","근골격, 연부-관절 초음파-손목관절(편측)","","91600","","","N","N","","2020-02-05","2999-12-31"
"행위료","초음파 검사료","EB466","근골격, 연부-관절 초음파-견관절(편측)","SEB466","근골격, 연부-관절 초음파-견관절(편측)","","91600","","","N","N","","2020-02-05","2999-12-31"
"행위료","초음파 검사료","EB465","근골격, 연부-관절 초음파-고관절(편측)","SEB465","근골격, 연부-관절 초음파-고관절(편측)","","91600","","","N","N","","2020-02-05","2999-12-31"
"행위료","초음파 검사료","EB464","근골격, 연부-관절 초음파-무릎관절(편측)","SEB464","근골격, 연부-관절 초음파-무릎관절(편측)","","73150","","","N","N","","2020-02-05","2999-12-31"
"행위료","초음파 검사료","EB463","근골격, 연부-관절 초음파-주관절(편측)","SEB463","근골격, 연부-관절 초음파-주관절(편측)","","73150","","","N","N","","2020-02-05","2999-12-31"
"행위료","초음파 검사료","EB462","근골격, 연부-관절 초음파-발가락(편측)","SEB462","근골격, 연부-관절 초음파-발가락(편측)","","66400","","","N","N","","2020-02-05","2999-12-31"
"행위료","초음파 검사료","EB461","근골격, 연부-관절 초음파-손가락(편측)","SEB461","근골격, 연부-관절 초음파-손가락(편측)","","66400","","","N","N","","2020-02-05","2999-12-31"
"행위료","초음파 검사료","EB458","복부-소아 복부 초음파","SEB458","복부-소아 복부 초음파","","226720","","","N","N","","2020-02-05","2999-12-31"
"행위료","초음파 검사료","EB457","복부-여성생식기 초음파-정밀","SEB457","복부-여성생식기 초음파-정밀","","154850","","","N","N","","2020-02-05","2999-12-31"
"행위료","초음파 검사료","EB456","복부-여성생식기 초음파-일반-자궁내 생리식염수 주입","SEB456","복부-여성생식기 초음파-일반-자궁내 생리식염수 주입","","135180","","","N","N","","2020-02-05","2999-12-31"
"행위료","초음파 검사료","EB455","복부-여성생식기 초음파-일반","SEB455","복부-여성생식기 초음파-일반","","105680","","","N","N","","2020-02-05","2999-12-31"
"행위료","초음파 검사료","EB454","복부-남성생식기 초음파-음낭","SEB454001","복부-남성생식기 초음파-음낭","","46180","","","N","N","","2020-02-05","2999-12-31"
"행위료","초음파 검사료","EB454","복부-남성생식기 초음파-음낭","SEB45401","복부-남성생식기 초음파-음낭","","101570","","","N","N","","2020-02-05","2999-12-31"
"행위료","초음파 검사료","EB454","복부-남성생식기 초음파-음낭","SEB454","복부-남성생식기 초음파-음낭","","92340","","","N","N","","2020-02-05","2999-12-31"
"행위료","초음파 검사료","EB453","복부-남성생식기 초음파-음경","SEB453001","복부-남성생식기 초음파-음경","","46180","","","N","N","","2020-02-05","2999-12-31"
"행위료","초음파 검사료","EB453","복부-남성생식기 초음파-음경","SEB45301","복부-남성생식기 초음파-음경","","101570","","","N","N","","2020-02-05","2999-12-31"
"행위료","초음파 검사료","EB453","복부-남성생식기 초음파-음경","SEB453","복부-남성생식기 초음파-음경","","92340","","","N","N","","2020-02-05","2999-12-31"
"행위료","초음파 검사료","EB452","복부-남성생식기 초음파-전립선·정낭-경복부로 실시","SEB452001","복부-남성생식기 초음파-전립선·정낭-경복부로 실시","","32670","","","N","N","","2020-02-05","2999-12-31"
"행위료","초음파 검사료","EB452","복부-남성생식기 초음파-전립선·정낭-경복부로 실시","SEB45201","복부-남성생식기 초음파-전립선·정낭-경복부로 실시","","71890","","","N","N","","2020-02-05","2999-12-31"
"행위료","초음파 검사료","EB452","복부-남성생식기 초음파-전립선·정낭-경복부로 실시","SEB452","복부-남성생식기 초음파-전립선·정낭-경복부로 실시","","65340","","","N","N","","2020-02-05","2999-12-31"
"행위료","초음파 검사료","EB451","복부-남성생식기 초음파-전립선·정낭","SEB451001","복부-남성생식기 초음파-전립선·정낭","","58750","","","N","N","","2020-02-05","2999-12-31"
"행위료","초음파 검사료","EB451","복부-남성생식기 초음파-전립선·정낭","SEB45101","복부-남성생식기 초음파-전립선·정낭","","129260","","","N","N","","2020-02-05","2999-12-31"
"행위료","초음파 검사료","EB451","복부-남성생식기 초음파-전립선·정낭","SEB451","복부-남성생식기 초음파-전립선·정낭","","117520","","","N","N","","2020-02-05","2999-12-31"
"행위료","초음파 검사료","EB450","복부-비뇨기계 초음파-방광","SEB450","복부-비뇨기계 초음파-방광","","81680","","","N","N","","2020-02-05","2999-12-31"
"행위료","초음파 검사료","EB449","복부-비뇨기계 초음파-신장·부신","SEB449001","복부-비뇨기계 초음파-신장·부신","","45280","","","N","N","","2020-02-05","2999-12-31"
"행위료","초음파 검사료","EB449","복부-비뇨기계 초음파-신장·부신","SEB449","복부-비뇨기계 초음파-신장·부신","","90540","","","N","N","","2020-02-05","2999-12-31"
"행위료","초음파 검사료","EB448","복부-비뇨기계 초음파-신장·부신·방광","SEB448001","복부-비뇨기계 초음파-신장·부신·방광","","50100","","","N","N","","2020-02-05","2999-12-31"
"행위료","초음파 검사료","EB448","복부-비뇨기계 초음파-신장·부신·방광","SEB448","복부-비뇨기계 초음파-신장·부신·방광","","100190","","","N","N","","2020-02-05","2999-12-31"
"행위료","초음파 검사료","EB447","복부-복부 초음파-항문","SEB447","복부-복부 초음파-항문","","111580","","","N","N","","2020-02-05","2999-12-31"
"행위료","초음파 검사료","EB446","복부-복부 초음파-직장·항문","SEB446","복부-복부 초음파-직장·항문","","133900","","","N","N","","2020-02-05","2999-12-31"
"행위료","초음파 검사료","EB445","복부-복부 초음파-서혜부","SEB445","복부-복부 초음파-서혜부","","78560","","","N","N","","2020-02-05","2999-12-31"
"행위료","초음파 검사료","EB444","복부-복부 초음파-소장·대장","SEB444","복부-복부 초음파-소장·대장","","113780","","","N","N","","2020-02-05","2999-12-31"
"행위료","초음파 검사료","EB443","복부-복부 초음파-충수","SEB443","복부-복부 초음파-충수","","113700","","","N","N","","2020-02-05","2999-12-31"
"행위료","초음파 검사료","EB442","복부-복부 초음파-간·담낭·담도·비장·췌장-정밀","SEB442","복부-복부 초음파-간·담낭·담도·비장·췌장-정밀","","184980","","","N","N","","2020-02-05","2999-12-31"
"행위료","초음파 검사료","EB441","복부-복부 초음파-간·담낭·담도·비장·췌장-일반","SEB441001","복부-복부 초음파-간·담낭·담도·비장·췌장-일반","","62270","","","N","N","","2020-02-05","2999-12-31"
"행위료","초음파 검사료","EB441","복부-복부 초음파-간·담낭·담도·비장·췌장-일반","SEB441","복부-복부 초음파-간·담낭·담도·비장·췌장-일반","","124560","","","N","N","","2020-02-05","2999-12-31"
"행위료","초음파 검사료","EB436","심장-태아정밀 심초음파","SEB436","심장-태아정밀 심초음파","","395150","","","N","N","","2020-02-05","2999-12-31"
"행위료","초음파 검사료","EB435","심장-부하 심초음파-운동부하","SEB435","심장-부하 심초음파-운동부하","","297490","","","N","N","","2020-02-05","2999-12-31"
"행위료","초음파 검사료","EB434","심장-부하 심초음파-약물부하","SEB434","심장-부하 심초음파-약물부하","","312880","","","N","N","","2020-02-05","2999-12-31"
"행위료","초음파 검사료","EB433","심장-경흉부 심초음파-전문","SEB433","심장-경흉부 심초음파-전문","","262960","","","N","N","","2020-02-05","2999-12-31"
"행위료","초음파 검사료","EB432","심장-경흉부 심초음파-일반","SEB432","심장-경흉부 심초음파-일반","","180350","","","N","N","","2020-02-05","2999-12-31"
"행위료","초음파 검사료","EB431","심장-경흉부 심초음파-단순","SEB431","심장-경흉부 심초음파-단순","","114260","","","N","N","","2020-02-05","2999-12-31"
"행위료","초음파 검사료","EB430","심장-선천성 심질환 경흉부 심초음파","SEB430","심장-선천성 심질환 경흉부 심초음파","","36060","","","N","N","","2020-02-05","2999-12-31"
"행위료","초음파 검사료","EB422","흉부-유방·액와부 제외한 흉부 초음파","SEB422","흉부-유방·액와부 제외한 흉부 초음파","","87490","","","N","N","","2020-02-05","2999-12-31"
"행위료","초음파 검사료","EB421","흉부-유방·액와부 초음파","SEB421","흉부-유방·액와부 초음파","","126500","","","N","N","","2020-02-05","2999-12-31"
"행위료","초음파 검사료","EB416","두경부-비·부비동 초음파","SEB416","두경부-비·부비동 초음파","","62000","","","N","N","","2020-02-05","2999-12-31"
"행위료","초음파 검사료","EB415","두경부-경부 초음파-갑상선·부갑상선 제외한 경부","SEB415","두경부-경부 초음파-갑상선·부갑상선 제외한 경부","","93860","","","N","N","","2020-02-05","2999-12-31"
"행위료","초음파 검사료","EB414","두경부-경부 초음파-갑상선·부갑상선","SEB414","두경부-경부 초음파-갑상선·부갑상선","","93860","","","N","N","","2020-02-05","2999-12-31"
"행위료","초음파 검사료","EB413","두경부-안 초음파-계측","SEB413","두경부-안 초음파-계측","","93500","","","N","N","","2020-02-05","2999-12-31"
"행위료","초음파 검사료","EB412","두경부-안 초음파-안와","SEB412","두경부-안 초음파-안와","","93500","","","N","N","","2020-02-05","2999-12-31"
"행위료","초음파 검사료","EB411","두경부-안 초음파-안구","SEB411","두경부-안 초음파-안구","","93500","","","N","N","","2020-02-05","2999-12-31"
"행위료","초음파 검사료","EB402","단순초음파-Ⅱ","SEB402","단순초음파-Ⅱ","","31700","","","N","N","","2020-02-05","2999-12-31"
"행위료","초음파 검사료","EB401","단순초음파-Ⅰ","SEB401","단순초음파-Ⅰ","","15860","","","N","N","","2020-02-05","2999-12-31"
"행위료","영상진단 및 방사선치료료","HA497","Cone beam 전산화단층영상진단-3차원 CT, 관절강내조영촬영","RCHA497A","Cone beam 전산화단층영상진단-3차원 CT, 관절강내조영촬영","","65790","","","N","N","촬영료+PACS","2020-02-06","2999-12-31"
"행위료","영상진단 및 방사선치료료","HA496","Cone beam 전산화단층영상진단-일반","RCHA496A","Cone beam 전산화단층영상진단-일반","","51540","","","N","N","촬영료+PACS","2020-02-06","2999-12-31"
"행위료","영상진단 및 방사선치료료","HA415","일반전산화단층영상진단-안면및두개기저-기타-이중,삼중,삼차원CT,CT혈관,관절강내조영촬영,Cine,뇌조CT","RCHA415A","일반전산화단층영상진단-안면및두개기저-기타-이중,삼중,삼차원CT,CT혈관,관절강내조영촬영,Cine,뇌조CT","","151660","","","N","N","촬영료+PACS","2020-02-06","2999-12-31"
"행위료","자기공명영상진단료(MRI)","HE223","관절외 하지-조영제주입전·후 촬영판독","RMHE223","관절외 하지-조영제주입전·후 촬영판독","","470000","","","N","N","","2020-02-05","2999-12-31"
"행위료","자기공명영상진단료(MRI)","HE222","관절외 상지-조영제주입전·후 촬영판독","RMHE222","관절외 상지-조영제주입전·후 촬영판독","","470000","","","N","N","","2020-02-05","2999-12-31"
"행위료","자기공명영상진단료(MRI)","HE221","발목관절-조영제주입전·후 촬영판독","RMHE221","발목관절-조영제주입전·후 촬영판독","","470000","","","N","N","","2020-02-05","2999-12-31"
"행위료","자기공명영상진단료(MRI)","HE220","슬관절-조영제주입전·후 촬영판독","RMHE220","슬관절-조영제주입전·후 촬영판독","","470000","","","N","N","","2020-02-05","2999-12-31"
"행위료","자기공명영상진단료(MRI)","HE219","천장골관절-조영제주입전·후 촬영판독","RMHE219","천장골관절-조영제주입전·후 촬영판독","","470000","","","N","N","","2020-02-05","2999-12-31"
"행위료","자기공명영상진단료(MRI)","HE218","고관절-조영제주입전·후 촬영판독","RMHE218","고관절-조영제주입전·후 촬영판독","","470000","","","N","N","","2020-02-05","2999-12-31"
"행위료","자기공명영상진단료(MRI)","HE217","수관절-조영제주입전·후 촬영판독","RMHE217","수관절-조영제주입전·후 촬영판독","","470000","","","N","N","","2020-02-05","2999-12-31"
"행위료","자기공명영상진단료(MRI)","HE216","주관절-조영제주입전·후 촬영판독","RMHE216","주관절-조영제주입전·후 촬영판독","","470000","","","N","N","","2020-02-05","2999-12-31"
"행위료","자기공명영상진단료(MRI)","HE215","견관절-조영제주입전·후 촬영판독","RMHE215","견관절-조영제주입전·후 촬영판독","","470000","","","N","N","","2020-02-05","2999-12-31"
"행위료","자기공명영상진단료(MRI)","HE123","관절외 하지-일반","RMHE123","관절외 하지-일반","","470000","","","N","N","","2020-02-05","2999-12-31"
"행위료","자기공명영상진단료(MRI)","HE122","관절외 상지-일반","RMHE122","관절외 상지-일반","","470000","","","N","N","","2020-02-05","2999-12-31"
"행위료","자기공명영상진단료(MRI)","HE121","발목관절-일반","RMHE121","발목관절-일반","","470000","","","N","N","","2020-02-05","2999-12-31"
"행위료","자기공명영상진단료(MRI)","HE120","슬관절-일반","RMHE120","슬관절-일반","","470000","","","N","N","","2020-02-05","2999-12-31"
"행위료","자기공명영상진단료(MRI)","HE119","천장골관절-일반","RMHE119","천장골관절-일반","","470000","","","N","N","","2020-02-05","2999-12-31"
"행위료","자기공명영상진단료(MRI)","HE118","고관절-일반","RMHE118","고관절-일반","","470000","","","N","N","","2020-02-05","2999-12-31"
"행위료","자기공명영상진단료(MRI)","HE117","수관절-일반","RMHE117","수관절-일반","","470000","","","N","N","","2020-02-05","2999-12-31"
"행위료","자기공명영상진단료(MRI)","HE116","주관절-일반","RMHE116","주관절-일반","","470000","","","N","N","","2020-02-05","2999-12-31"
"행위료","자기공명영상진단료(MRI)","HE115","견관절-일반","RMHE115","견관절-일반","","470000","","","N","N","","2020-02-05","2999-12-31"
"행위료","자기공명영상진단료(MRI)","HI201","뇌-조영제 주입 전·후 촬영 판독-촬영료 등","HI201","뇌-조영제 주입 전·후 촬영 판독-촬영료 등","","","487000","515940","N","N","장비별금액상이,PACS비용(3280원) 포함, 조영제별도","2020-02-05","2999-12-31"
"행위료","자기공명영상진단료(MRI)","HI101","뇌-일반-촬영료 등","HI101","뇌-일반-촬영료 등","","","367190","388960","N","N","장비별(테슬라) 금액상이,PACS비용(3280원) 포함","2020-02-05","2999-12-31"
"행위료","자기공명영상진단료(MRI)","HI208","경부-조영제 주입 전·후 촬영 판독-촬영료 등","HI208","경부-조영제 주입 전·후 촬영 판독-촬영료 등","","","528780","560220","N","N","장비별금액상이,PACS비용(3280원) 포함, 조영제별도","2020-02-05","2999-12-31"
"행위료","자기공명영상진단료(MRI)","HI207","측두하악관절-조영제 주입 전·후 촬영 판독-촬영료 등","HI207","측두하악관절-조영제 주입 전·후 촬영 판독-촬영료 등","","","528780","560220","N","N","장비별금액상이,PACS비용(3280원) 포함, 조영제별도","2020-02-05","2999-12-31"
"행위료","자기공명영상진단료(MRI)","HI206","측두골-조영제 주입 전·후 촬영 판독-촬영료 등","HI206","측두골-조영제 주입 전·후 촬영 판독-촬영료 등","","","528780","560220","N","N","장비별금액상이,PACS비용(3280원) 포함, 조영제별도","2020-02-05","2999-12-31"
"행위료","자기공명영상진단료(MRI)","HI205","안와-조영제 주입 전·후 촬영 판독-촬영료 등","HI205","안와-조영제 주입 전·후 촬영 판독-촬영료 등","","","528780","560220","N","N","장비별금액상이,PACS비용(3280원) 포함, 조영제별도","2020-02-05","2999-12-31"
"행위료","자기공명영상진단료(MRI)","HI204","부비동-조영제 주입 전·후 촬영 판독-촬영료 등","HI204","부비동-조영제 주입 전·후 촬영 판독-촬영료 등","","","528780","560220","N","N","장비별금액상이,PACS비용(3280원) 포함, 조영제별도","2020-02-05","2999-12-31"
"행위료","자기공명영상진단료(MRI)","HI203","안면-조영제 주입 전·후 촬영 판독-촬영료 등","HI203","안면-조영제 주입 전·후 촬영 판독-촬영료 등","","","528780","560220","N","N","장비별금액상이,PACS비용(3280원) 포함, 조영제별도","2020-02-05","2999-12-31"
"행위료","자기공명영상진단료(MRI)","HI108","경부-일반-촬영료 등","HI108","경부-일반-촬영료 등","","","398740","422400","N","N","장비별(테슬라) 금액상이,PACS비용(3280원) 포함","2020-02-05","2999-12-31"
"행위료","자기공명영상진단료(MRI)","HI107","측두하악관절-일반-촬영료 등","HI107","측두하악관절-일반-촬영료 등","","","398740","422400","N","N","장비별(테슬라) 금액상이,PACS비용(3280원) 포함","2020-02-05","2999-12-31"
"행위료","자기공명영상진단료(MRI)","HI106","측두골-일반-촬영료 등","HI106","측두골-일반-촬영료 등","","","398740","422400","N","N","장비별(테슬라) 금액상이,PACS비용(3280원) 포함","2020-02-05","2999-12-31"
"행위료","자기공명영상진단료(MRI)","HI105","안와-일반-촬영료 등","HI105","안와-일반-촬영료 등","","","398740","422400","N","N","장비별(테슬라) 금액상이,PACS비용(3280원) 포함","2020-02-05","2999-12-31"
"행위료","자기공명영상진단료(MRI)","HI104","부비동-일반-촬영료 등","HI104","부비동-일반-촬영료 등","","","398740","422400","N","N","장비별(테슬라) 금액상이,PACS비용(3280원) 포함","2020-02-05","2999-12-31"
"행위료","자기공명영상진단료(MRI)","HI103","안면-일반-촬영료 등","HI103","안면-일반-촬영료 등","","","398740","422400","N","N","장비별(테슬라) 금액상이,PACS비용(3280원) 포함","2020-02-05","2999-12-31"
"행위료","자기공명영상진단료(MRI)","HI234","전립선-조영제 주입 전·후 촬영 판독-촬영료 등","HI234","전립선-조영제 주입 전·후 촬영 판독-촬영료 등","","","528740","560180","N","N","장비별금액상이,PACS비용(3280원) 포함, 조영제별도","2020-02-05","2999-12-31"
"행위료","자기공명영상진단료(MRI)","HI233","담췌관-조영제 주입 전·후 촬영 판독-촬영료 등","HI233","담췌관-조영제 주입 전·후 촬영 판독-촬영료 등","","","528740","560180","N","N","장비별금액상이,PACS비용(3280원) 포함, 조영제별도","2020-02-05","2999-12-31"
"행위료","자기공명영상진단료(MRI)","HI232","간-조영제 주입 전·후 촬영 판독-촬영료 등","HI232","간-조영제 주입 전·후 촬영 판독-촬영료 등","","","528740","560180","N","N","장비별금액상이,PACS비용(3280원) 포함, 조영제별도","2020-02-05","2999-12-31"
"행위료","자기공명영상진단료(MRI)","HI231","음낭 및 음경-조영제 주입 전·후 촬영 판독-촬영료 등","HI231","음낭 및 음경-조영제 주입 전·후 촬영 판독-촬영료 등","","","528780","560220","N","N","장비별금액상이,PACS비용(3280원) 포함, 조영제별도","2020-02-05","2999-12-31"
"행위료","자기공명영상진단료(MRI)","HI230","신장 및 부신-조영제 주입 전·후 촬영 판독-촬영료 등","HI230","신장 및 부신-조영제 주입 전·후 촬영 판독-촬영료 등","","","528780","560220","N","N","장비별금액상이,PACS비용(3280원) 포함, 조영제별도","2020-02-05","2999-12-31"
"행위료","자기공명영상진단료(MRI)","HI229","췌장-조영제 주입 전·후 촬영 판독-촬영료 등","HI229","췌장-조영제 주입 전·후 촬영 판독-촬영료 등","","","528780","560220","N","N","장비별금액상이,PACS비용(3280원) 포함, 조영제별도","2020-02-05","2999-12-31"
"행위료","자기공명영상진단료(MRI)","HI228","골반-조영제 주입 전·후 촬영 판독-촬영료 등","HI228","골반-조영제 주입 전·후 촬영 판독-촬영료 등","","","528780","560220","N","N","장비별금액상이,PACS비용(3280원) 포함, 조영제별도","2020-02-05","2999-12-31"
"행위료","자기공명영상진단료(MRI)","HI227","복부-조영제 주입 전·후 촬영 판독-촬영료 등","HI227","복부-조영제 주입 전·후 촬영 판독-촬영료 등","","","528780","560220","N","N","장비별금액상이,PACS비용(3280원) 포함, 조영제별도","2020-02-05","2999-12-31"
"행위료","자기공명영상진단료(MRI)","HI134","전립선-일반-촬영료 등","HI134","전립선-일반-촬영료 등","","","398740","422400","N","N","장비별(테슬라) 금액상이,PACS비용(3280원) 포함","2020-02-05","2999-12-31"
"행위료","자기공명영상진단료(MRI)","HI133","담췌관-일반-촬영료 등","HI133","담췌관-일반-촬영료 등","","","398740","422400","N","N","장비별(테슬라) 금액상이,PACS비용(3280원) 포함","2020-02-05","2999-12-31"
"행위료","자기공명영상진단료(MRI)","HI132","간-일반-촬영료 등","HI132","간-일반-촬영료 등","","","398740","422400","N","N","장비별(테슬라) 금액상이,PACS비용(3280원) 포함","2020-02-05","2999-12-31"
"행위료","자기공명영상진단료(MRI)","HI131","음낭 및 음경-일반-촬영료 등","HI131","음낭 및 음경-일반-촬영료 등","","","398740","422400","N","N","장비별(테슬라) 금액상이,PACS비용(3280원) 포함","2020-02-05","2999-12-31"
"행위료","자기공명영상진단료(MRI)","HI130","신장 및 부신-일반-촬영료 등","HI130","신장 및 부신-일반-촬영료 등","","","398740","422400","N","N","장비별(테슬라) 금액상이,PACS비용(3280원) 포함","2020-02-05","2999-12-31"
"행위료","자기공명영상진단료(MRI)","HI129","췌장-일반-촬영료 등","HI129","췌장-일반-촬영료 등","","","398740","422400","N","N","장비별(테슬라) 금액상이,PACS비용(3280원) 포함","2020-02-05","2999-12-31"
"행위료","자기공명영상진단료(MRI)","HI128","골반-일반-촬영료 등","HI128","골반-일반-촬영료 등","","","398740","422400","N","N","장비별(테슬라) 금액상이,PACS비용(3280원) 포함","2020-02-05","2999-12-31"
"행위료","자기공명영상진단료(MRI)","HI127","복부-일반-촬영료 등","HI127","복부-일반-촬영료 등","","","398740","422400","N","N","장비별(테슬라) 금액상이,PACS비용(3280원) 포함","2020-02-05","2999-12-31"
"행위료","자기공명영상진단료(MRI)","HI241","전신-조영제 주입 전·후 촬영 판독-촬영료 등","HI241","전신-조영제 주입 전·후 촬영 판독-촬영료 등","","","909360","963570","N","N","장비별금액상이,PACS비용(3280원) 포함, 조영제별도","2020-02-05","2999-12-31"
"행위료","자기공명영상진단료(MRI)","HI141","전신-일반-촬영료 등","HI141","전신-일반-촬영료 등","","","685060","725840","N","N","장비별(테슬라) 금액상이,PACS비용(3280원) 포함","2020-02-05","2999-12-31"
"행위료","자기공명영상진단료(MRI)","HE212","척추강-조영제주입전·후 촬영판독","RMHE212","척추강-조영제주입전·후 촬영판독","","470000","","","N","N","","2020-02-05","2999-12-31"
"행위료","자기공명영상진단료(MRI)","HE211","요천추-조영제주입전·후 촬영판독","RMHE211","요천추-조영제주입전·후 촬영판독","","470000","","","N","N","","2020-02-05","2999-12-31"
"행위료","자기공명영상진단료(MRI)","HE210","흉추-조영제주입전·후 촬영판독","RMHE210","흉추-조영제주입전·후 촬영판독","","470000","","","N","N","","2020-02-05","2999-12-31"
"행위료","자기공명영상진단료(MRI)","HE209","경추-조영제주입전·후 촬영판독","RMHE209","경추-조영제주입전·후 촬영판독","","470000","","","N","N","","2020-02-05","2999-12-31"
"행위료","자기공명영상진단료(MRI)","HE114","척추강-경추,흉추,요천추와동시촬영-일반","RMHE114","척추강-경추,흉추,요천추와동시촬영-일반","","705000","","","N","N","","2020-02-05","2999-12-31"
"행위료","자기공명영상진단료(MRI)","HE113","요천추-흉추와동시촬영-일반","RMHE113","요천추-흉추와동시촬영-일반","","235000","","","N","N","","2020-02-05","2999-12-31"
"행위료","자기공명영상진단료(MRI)","HE112","척추강-일반","RMHE112","척추강-일반","","470000","","","N","N","","2020-02-05","2999-12-31"
"행위료","자기공명영상진단료(MRI)","HE111","요천추-일반","RMHE111","요천추-일반","","470000","","","N","N","","2020-02-05","2999-12-31"
"행위료","자기공명영상진단료(MRI)","HE110","흉추-일반","RMHE110","흉추-일반","","470000","","","N","N","","2020-02-05","2999-12-31"
"행위료","자기공명영상진단료(MRI)","HE109","경추-일반","RMHE109","경추-일반","","470000","","","N","N","","2020-02-05","2999-12-31"
"행위료","자기공명영상진단료(MRI)","HF107","기능적 [기본검사 및 3차원자기공명영상 포함]","RMHF107","기능적 [기본검사 및 3차원자기공명영상 포함]","","584050","","","N","N","PACS비용(3280원) 포함","2020-02-05","2999-12-31"
"행위료","자기공명영상진단료(MRI)","HF105","Dynamic [기본검사 포함]","RMHF105","Dynamic [기본검사 포함]","","401180","","","N","N","PACS비용(3280원) 포함","2020-02-05","2999-12-31"
"행위료","자기공명영상진단료(MRI)","HF104","영화 [기본검사 및 3차원자기공명영상 포함]","RMHF104","영화 [기본검사 및 3차원자기공명영상 포함]","","509810","","","N","N","PACS비용(3280원) 포함","2020-02-05","2999-12-31"
"행위료","자기공명영상진단료(MRI)","HF103","분광영상","RMHF103","분광영상","","229310","","","N","N","PACS비용(3280원) 포함","2020-02-05","2999-12-31"
"행위료","자기공명영상진단료(MRI)","HF102","관류[3차원자기공명영상포함]","RMHF102","관류[3차원자기공명영상포함]","","348140","","","N","N","PACS비용(3280원) 포함","2020-02-05","2999-12-31"
"행위료","자기공명영상진단료(MRI)","HF101","확산","RMHF101","확산","","228350","","","N","N","PACS비용(3280원) 포함","2020-02-05","2999-12-31"
"행위료","자기공명영상진단료(MRI)","HI240","심혈관-조영제 주입 전·후 촬영 판독-촬영료 등","HI240","심혈관-조영제 주입 전·후 촬영 판독-촬영료 등","","","528740","560180","N","N","장비별금액상이,PACS비용(3280원) 포함, 조영제별도","2020-02-05","2999-12-31"
"행위료","자기공명영상진단료(MRI)","HI238","복부혈관-조영제 주입 전·후 촬영 판독-촬영료 등","HI238","복부혈관-조영제 주입 전·후 촬영 판독-촬영료 등","","","528740","560180","N","N","장비별금액상이,PACS비용(3280원) 포함, 조영제별도","2020-02-05","2999-12-31"
"행위료","자기공명영상진단료(MRI)","HI237","흉부혈관-조영제 주입 전·후 촬영 판독-촬영료 등","HI237","흉부혈관-조영제 주입 전·후 촬영 판독-촬영료 등","","","528740","560180","N","N","장비별금액상이,PACS비용(3280원) 포함, 조영제별도","2020-02-05","2999-12-31"
"행위료","자기공명영상진단료(MRI)","HI236","경부혈관-조영제 주입 전·후 촬영 판독-촬영료 등","HI236","경부혈관-조영제 주입 전·후 촬영 판독-촬영료 등","","","528740","560180","N","N","장비별금액상이,PACS비용(3280원) 포함, 조영제별도","2020-02-05","2999-12-31"
"행위료","자기공명영상진단료(MRI)","HI235","뇌혈관-조영제 주입 전·후 촬영 판독-촬영료 등","HI235","뇌혈관-조영제 주입 전·후 촬영 판독-촬영료 등","","","528740","560180","N","N","장비별금액상이,PACS비용(3280원) 포함, 조영제별도","2020-02-05","2999-12-31"
"행위료","자기공명영상진단료(MRI)","HI140","심혈관-일반-촬영료 등","HI140","심혈관-일반-촬영료 등","","","399830","423540","N","N","장비별(테슬라) 금액상이,PACS비용(3280원) 포함","2020-02-05","2999-12-31"
"행위료","자기공명영상진단료(MRI)","HI138","복부혈관-일반-촬영료 등","HI138","복부혈관-일반-촬영료 등","","","399830","423540","N","N","장비별(테슬라) 금액상이,PACS비용(3280원) 포함","2020-02-05","2999-12-31"
"행위료","자기공명영상진단료(MRI)","HI137","흉부혈관-일반-촬영료 등","HI137","흉부혈관-일반-촬영료 등","","","399830","423540","N","N","장비별(테슬라) 금액상이,PACS비용(3280원) 포함","2020-02-05","2999-12-31"
"행위료","자기공명영상진단료(MRI)","HI136","경부혈관-일반-촬영료 등","HI136","경부혈관-일반-촬영료 등","","","399830","423540","N","N","장비별(테슬라) 금액상이,PACS비용(3280원) 포함","2020-02-05","2999-12-31"
"행위료","자기공명영상진단료(MRI)","HI135","뇌혈관-일반-촬영료 등","HI135","뇌혈관-일반-촬영료 등","","","399830","423540","N","N","장비별(테슬라) 금액상이,PACS비용(3280원) 포함","2020-02-05","2999-12-31"
"행위료","자기공명영상진단료(MRI)","HE239","사지혈관-조영제주입전·후 촬영판독","RMHE239","사지혈관-조영제주입전·후 촬영판독","","400000","","","N","N","","2020-02-05","2999-12-31"
"행위료","자기공명영상진단료(MRI)","HE139","사지혈관-일반","RMHE139","사지혈관-일반","","400000","","","N","N","","2020-02-05","2999-12-31"
"행위료","자기공명영상진단료(MRI)","HI226","유방-조영제 주입 전·후 촬영 판독-촬영료 등","HI226","유방-조영제 주입 전·후 촬영 판독-촬영료 등","","","528780","560220","N","N","장비별금액상이,PACS비용(3280원) 포함, 조영제별도","2020-02-05","2999-12-31"
"행위료","자기공명영상진단료(MRI)","HI225","흉부-조영제 주입 전·후 촬영 판독-촬영료 등","HI225","흉부-조영제 주입 전·후 촬영 판독-촬영료 등","","","528780","560220","N","N","장비별금액상이,PACS비용(3280원) 포함, 조영제별도","2020-02-05","2999-12-31"
"행위료","자기공명영상진단료(MRI)","HI126","유방-일반-촬영료 등","HI126","유방-일반-촬영료 등","","","398740","422400","N","N","장비별(테슬라) 금액상이,PACS비용(3280원) 포함","2020-02-05","2999-12-31"
"행위료","자기공명영상진단료(MRI)","HI125","흉부-일반-촬영료 등","HI125","흉부-일반-촬영료 등","","","595910","631360","N","N","장비별(테슬라) 금액상이,PACS비용(3280원) 포함","2020-02-05","2999-12-31"
"행위료","자기공명영상진단료(MRI)","HI224","심장-조영제 주입 전·후 촬영 판독-촬영료 등","HI224","심장-조영제 주입 전·후 촬영 판독-촬영료 등","","","773690","819790","N","N","장비별금액상이,PACS비용(3280원) 포함, 조영제별도","2020-02-05","2999-12-31"
"행위료","자기공명영상진단료(MRI)","HI124","심장-일반-촬영료 등","HI124","심장-일반-촬영료 등","","","595910","631360","N","N","PACS비용(3280원) 포함","2020-02-05","2999-12-31"
"행위료","이학요법료","MZ012","비침습적 무통증 신호요법","FZ02200","비침습적 무통증 신호요법","","100000","","","N","N","","2020-02-06","2999-12-31"
"행위료","이학요법료","MZ009","전산화 인지재활치료[주의·기억]","FZ01600","전산화 인지재활치료[주의·기억]","","35000","","","N","N","","2020-02-06","2999-12-31"
"행위료","이학요법료","MZ007","신장분사치료","FZ02100","신장분사치료","","18000","","","N","N","","2020-02-06","2999-12-31"
"행위료","이학요법료","MZ006","언어치료","SZ03402","언어치료","","10000","","","N","N","언어장애치료/초과10분당","2020-02-06","2999-12-31"
"행위료","이학요법료","MZ006","언어치료","SZ03401","언어치료","","25000","","","N","N","언어장애치료/기본30분까지","2020-02-06","2999-12-31"
"행위료","이학요법료","MZ001","FIMS(Functional Intramuscular Stimulation)","FZ00301~FZ00305","FIMS(Functional Intramuscular Stimulation)","","","5000","50000","N","N","부위별","2020-02-06","2999-12-31"
"행위료","이학요법료","MY143","증식치료-척추부위","FZ01302","증식치료-척추부위","","30000","","","N","N","","2020-02-06","2999-12-31"
"행위료","이학요법료","MY142","증식치료-사지관절부위","FZ01301","증식치료-사지관절부위","","20000","","","N","N","","2020-02-06","2999-12-31"
"행위료","이학요법료","MX122","도수치료 [1일당]","FZ00400","도수치료 [1일당]","","40000","","","N","N","","2020-02-06","2999-12-31"
"행위료","이학요법료","MX033","체외자기장 요실금치료 [1일당]","HZUR01602","체외자기장 요실금치료 [1일당]","","20000","","","N","N","","2020-02-06","2999-12-31"
"행위료","이학요법료","MX033","체외자기장 요실금치료 [1일당]","HZUR01603","체외자기장 요실금치료 [1일당]","","30000","","","N","N","","2020-02-06","2999-12-31"
"행위료","정신요법료","NZ008","기타 행동치료-정신신체적 생체되먹이기","GZ00800","바이오피드백-정신신체적 생체되먹이기","","60000","","","N","N","","2020-02-06","2999-12-31"
"행위료","처치 및 수술료 등","SZ084","체외충격파치료[근골격계질환]","HZRM00200","체외충격파치료[근골격계질환]","","","50000","100000","N","N","","2020-02-06","2999-12-31"
"행위료","처치 및 수술료 등","SZ083","추간판내 고주파 열치료술","HZOS00200","추간판내 고주파 열치료술","","2097688","","","N","N","재료대포함","2020-02-06","2999-12-31"
"행위료","처치 및 수술료 등","OY201","고주파정맥내막폐쇄술 [유도료 포함]-교통정맥결찰술을 동반한 경우","HZGS00100A","고주파정맥내막폐쇄술 [유도료 포함]-교통정맥결찰술을 동반한 경우","","800000","","","N","N","재료대별도(88만원)","2020-02-06","2999-12-31"
"행위료","처치 및 수술료 등","SZ634","경피적 경막외강 신경성형술","HZNS00500","경피적 경막외강 신경성형술","","","989832","1200000","N","N","재료대포함","2020-02-06","2999-12-31"
"행위료","처치 및 수술료 등","SZ631","내시경적 경막외강 신경근성형술","HZNS00800","내시경적 경막외강 신경근성형술","","1970000","","","N","N","재료대포함","2020-02-06","2999-12-31"
"행위료","치과 처치·수술료","U0241","광중합형 복합레진충전 우식-3면 이상","JU0241","광중합형 복합레진충전 우식-3면 이상","","80000","","","N","N","","2020-02-06","2999-12-31"
"행위료","치과 처치·수술료","U0240","광중합형 복합레진충전 우식-2면","JU0240","광중합형 복합레진충전 우식-2면","","80000","","","N","N","","2020-02-06","2999-12-31"
"행위료","치과 처치·수술료","U0239","광중합형 복합레진충전 우식-1면","JU0239","광중합형 복합레진충전 우식-1면","","80000","","","N","N","","2020-02-06","2999-12-31"
"행위료","검사료","","","PWCZ862","BRAF 유전자,유전자 돌연변이검사 [중합효소연쇄반응-교잡반응법]","","128160","","","N","N","위탁검사","2020-02-07","2999-12-31"
"행위료","검사료","","","LZ1400","당알부민","","12000","","","N","N","","2020-02-07","2999-12-31"
"행위료","검사료","","","LZ01100","항 CCP항체(IgG)","","25300","","","N","N","","2020-02-07","2999-12-31"
"행위료","검사료","","","LZW0053","Wilsion disease선별검사","","99660","","","N","N","위탁검사","2020-02-07","2999-12-31"
"행위료","검사료","","","LZW0052","SHOX gene mutation(저신장관련유전자검사)","","316670","","","N","N","위탁검사","2020-02-07","2999-12-31"
"행위료","검사료","","","LZW0051","Entamoeba histolytica IgG","","86900","","","N","N","위탁검사","2020-02-07","2999-12-31"
"행위료","검사료","","","LZW0050","cytogenomic microarray","","701790","","","N","N","위탁검사","2020-02-07","2999-12-31"
"행위료","검사료","","","LZW0049","FISH(XY)","","313870","","","N","N","위탁검사","2020-02-07","2999-12-31"
"행위료","검사료","","","LZW0046","니코틴","","12250","","","N","N","위탁검사","2020-02-07","2999-12-31"
"행위료","검사료","","","LWZ0046","INTERFERON-감마","","394160","","","N","N","위탁검사","2020-02-07","2999-12-31"
"행위료","검사료","","","LWZ0014","CHROMOSOM(AF)양수검사","","537210","","","N","N","위탁검사","2020-02-07","2999-12-31"
"행위료","검사료","","","LWCZ996","인플루엔자바이러스 A&B","","65620","","","N","N","위탁검사","2020-02-07","2999-12-31"
"행위료","검사료","","","LWCZ994","호흡기바이러스PCR","","67530","","","N","N","위탁검사","2020-02-07","2999-12-31"
"행위료","검사료","","","LWCZ909","HLA-B51 유전자","","28970","","","N","N","위탁검사","2020-02-07","2999-12-31"
"행위료","검사료","","","LWC4502390","Amphetamine(나450가2)","","9590","","","N","N","위탁검사","2020-02-07","2999-12-31"
"행위료","검사료","","","LZW0047","MERS-CoV","","152650","","","N","N","위탁검사","2020-02-07","2999-12-31"
"행위료","검사료","","","LWZ0006","Anti GD1b Ab IgM","","28970","","","N","N","위탁검사","2020-02-07","2999-12-31"
"행위료","검사료","","","LWCZ262","Anti GM1 Ab IgM","","28970","","","N","N","위탁검사","2020-02-07","2999-12-31"
"행위료","검사료","","","LWCZ261","Anti GM1 Ab IgG","","28970","","","N","N","위탁검사","2020-02-07","2999-12-31"
"행위료","검사료","","","LWZ0015","PAPP-A","","35480","","","N","N","위탁검사","2020-02-07","2999-12-31"
"행위료","검사료","","","LWCZ213","TS Ab(Thyroid stimulating)","","43360","","","N","N","위탁검사","2020-02-07","2999-12-31"
"행위료","검사료","","","FZ00100","균형검사","","10000","","","N","N","","2020-02-07","2999-12-31"
"행위료","검사료","","","SF6290A","간이 수면다원검사","","100000","","","N","N","","2020-02-06","2999-12-31"
"행위료","검사료","","","LWCZ581","사람유전자 분자병리검사-Russell-silver syndrome","","210500","","","N","N","위탁검사","2020-02-07","2999-12-31"
"행위료","초음파 검사료","","","SZ08001","소아용 심장 초음파","","100000","","","N","N","","2020-02-07","2999-12-31"
"행위료","초음파 검사료","","","SZ09302","근골격계초음파,복잡","","80000","","","N","N","","2020-02-07","2999-12-31"
"행위료","초음파 검사료","","","SZ09301","근골격계초음파,단순","","30000","","","N","N","","2020-02-07","2999-12-31"
"행위료","영상진단 및 방사선치료료","","","RCZ00100","CT 저용량 폐 (폐암조기진단목적-건강검진)","","100000","","","N","N","","2020-02-06","2999-12-31"
"행위료","이학요법료","","","FZ00200","균형훈련","","8000","","","N","N","","2020-02-07","2999-12-31"
"행위료","이학요법료","","","FZ02300","보툴리눔 독소 주사요법","","150000","","","N","N","","2020-02-06","2999-12-31"
"행위료","정신요법료","","","GZ00600","안구운동 민감소실 및 재처리 요법(EMDR)","GZ00600","150000","","","N","N","","2020-02-07","2999-12-31"
"행위료","처치 및 수술료 등","","","HZOP01200","보톡스주입술(시술건당)","","100000","","","N","N","","2020-02-07","2999-12-31"
"행위료","처치 및 수술료 등","","","HZUR01801","포경수술(환상절개)","","200000","","","N","N","","2020-02-07","2999-12-31"
"행위료","처치 및 수술료 등","","","HZUR01800","포경수술(배면절개)","","150000","","","N","N","","2020-02-07","2999-12-31"
"행위료","처치 및 수술료 등","","","HZUR01300","정관절제술 [결찰술]","","200000","","","N","N","","2020-02-07","2999-12-31"
"행위료","처치 및 수술료 등","","","HZUR01200","정관복원술","","500000","","","N","N","","2020-02-07","2999-12-31"
"행위료","처치 및 수술료 등","","","HZUR01100","인공 괄약근 설치술","","1000000","","","N","N","","2020-02-07","2999-12-31"
"행위료","처치 및 수술료 등","","","HZUR00900","음경주사","","5000","","","N","N","","2020-02-07","2999-12-31"
"행위료","처치 및 수술료 등","","","HZUR00801","음경보형물 삽입술 A","","1000000","","","N","N","","2020-02-07","2999-12-31"
"행위료","처치 및 수술료 등","","","HZUR00502","음경 이물질 제거술 B","","800000","","","N","N","","2020-02-07","2999-12-31"
"행위료","처치 및 수술료 등","","","HZUR00501","음경 이물질 제거술 A","","500000","","","N","N","","2020-02-07","2999-12-31"
"행위료","처치 및 수술료 등","","","HZUR00400","약물유도사정술","","100000","","","N","N","","2020-02-07","2999-12-31"
"행위료","처치 및 수술료 등","","","HZUR00200","고환삽입술","","500000","","","N","N","","2020-02-07","2999-12-31"
"행위료","처치 및 수술료 등","","","HZOG01003","질 및 회음부 성형술(소)","","500000","","","N","N","","2020-02-07","2999-12-31"
"행위료","처치 및 수술료 등","","","HZOG01002","질 및 회음부 성형술(중)(비보험)-560","","800000","","","N","N","","2020-02-07","2999-12-31"
"행위료","처치 및 수술료 등","","","HZOG01001","질 및 회음부 성형술(대)","","1000000","","","N","N","","2020-02-07","2999-12-31"
"행위료","처치 및 수술료 등","","","HZOG00900","자궁내정액주입법 [IUI]","","100000","","","N","N","","2020-02-07","2999-12-31"
"행위료","처치 및 수술료 등","","","HZOG00800","자궁내장치 [IUD]","","30000","","","N","N","","2020-02-07","2999-12-31"
"행위료","처치 및 수술료 등","","","HZOG00400","소음순절제술(간단,성형목적)","","50000","","","N","N","","2020-02-07","2999-12-31"
"행위료","처치 및 수술료 등","","","HZOG00300","미세난관문합술","","500000","","","N","N","","2020-02-07","2999-12-31"
"행위료","처치 및 수술료 등","","","HZOG00200","미레나 삽입술","","90000","","","N","N","","2020-02-07","2999-12-31"
"행위료","처치 및 수술료 등","","","HZOG00100","난관결찰술(비급여)","","300000","","","N","N","","2020-02-07","2999-12-31"
"행위료","처치 및 수술료 등","","","HZGT00700","맘모톰","","800000","","","N","N","","2020-02-07","2999-12-31"
"행위료","처치 및 수술료 등","","","HZEN00502","코골음성형술 복잡","","400000","","","N","N","","2020-02-07","2999-12-31"
"행위료","처치 및 수술료 등","","","HZEN00501","코골음성형술 간단","","200000","","","N","N","","2020-02-07","2999-12-31"
"행위료","처치 및 수술료 등","","","HZDE02503","피부전기소작,냉동술(소)","","30000","","","N","N","","2020-02-07","2999-12-31"
"행위료","처치 및 수술료 등","","","HZDE02502","피부전기소작,냉동술(중)","","50000","","","N","N","","2020-02-07","2999-12-31"
"행위료","처치 및 수술료 등","","","HZDE02501","피부전기소작,냉동술(대)","","100000","","","N","N","","2020-02-07","2999-12-31"
"행위료","처치 및 수술료 등","","","HZDE02303","여드름 제거(소)","","3000","","","N","N","","2020-02-07","2999-12-31"
"행위료","처치 및 수술료 등","","","HZDE02302","여드름 제거(중)","","5000","","","N","N","","2020-02-07","2999-12-31"
"행위료","처치 및 수술료 등","","","HZDE02301","여드름 제거(대)","","10000","","","N","N","","2020-02-07","2999-12-31"
"행위료","처치 및 수술료 등","","","HZDE02202","사마귀제거 [소]","","5000","","","N","N","","2020-02-07","2999-12-31"
"행위료","처치 및 수술료 등","","","HZDE02201","사마귀제거 [대]","","10000","","","N","N","","2020-02-07","2999-12-31"
"행위료","처치 및 수술료 등","","","HZDE02102","병변내주입요법,B","","10000","","","N","N","","2020-02-07","2999-12-31"
"행위료","처치 및 수술료 등","","","HZDE02101","병변내주입요법,A","","5000","","","N","N","","2020-02-07","2999-12-31"
"행위료","처치 및 수술료 등","","","HZDE02002","병변내주사(대),Bleomycin ,B","","20000","","","N","N","","2020-02-07","2999-12-31"
"행위료","처치 및 수술료 등","","","HZDE02001","병변내주사(대),Bleomycin ,A","","10000","","","N","N","","2020-02-07","2999-12-31"
"행위료","처치 및 수술료 등","","","HZDE01903","박피술 [화학] (소)","","30000","","","N","N","","2020-02-07","2999-12-31"
"행위료","처치 및 수술료 등","","","HZDE01902","박피술 [화학] (중)","","50000","","","N","N","","2020-02-07","2999-12-31"
"행위료","처치 및 수술료 등","","","HZDE01901","박피술 [화학] (대)","","100000","","","N","N","","2020-02-07","2999-12-31"
"행위료","처치 및 수술료 등","","","HZDE00103","기미,주근깨,점 제거술 [소]","","10000","","","N","N","","2020-02-07","2999-12-31"
"행위료","처치 및 수술료 등","","","HZDE00102","점제거소작술(중)(비보험)","","20000","","","N","N","","2020-02-07","2999-12-31"
"행위료","치과 처치·수술료","","","JM0001T","광중합 복합 레진 충전","","80000","","","N","N","","2020-02-06","2999-12-31"
"행위료","치과 처치·수술료","","","JM0016T","치태조절 및 예방술식, 단순","","10000","","","N","N","","2020-02-06","2999-12-31"
"행위료","치과 처치·수술료","","","JM0017T","치태조절 및 예방술식, 복잡","","30000","","","N","N","","2020-02-06","2999-12-31"
"행위료","입원환자 식대","","","WZ00100","보호자식대 (일반식,1식)","","6000","","","N","N","","2020-02-06","2999-12-31"
"행위료","입원환자 식대","","","WZ00200","보호자식대(공기밥, 1개)","","1000","","","N","N","","2020-02-06","2999-12-31"
"행위료","치과의 보철료","","","JM0063T","Surgical stent,복잡(임플란트4개이상)","","100000","","","N","N","","2020-02-07","2999-12-31"
"행위료","치과의 보철료","","","JM0062T","Surgical stent,단순(임플란트3개이하)","","50000","","","N","N","","2020-02-07","2999-12-31"
"행위료","치과의 보철료","","","JM0009T","Denture repair, complex","","100000","","","N","N","","2020-02-07","2999-12-31"
"행위료","치과의 보철료","","","JM0042T","Implant, temporary resin Cr., complex","","200000","","","N","N","","2020-02-07","2999-12-31"
"행위료","치과의 보철료","","","JM0027T","Oral exam, consult.","","30000","","","N","N","","2020-02-07","2999-12-31"
"행위료","치과의 보철료","","","JM0011T","Direct denture reline, complex","","150000","","","N","N","","2020-02-07","2999-12-31"
"행위료","치과의 보철료","","","JM0014T","Resin temporary crown","","30000","","","N","N","","2020-02-07","2999-12-31"
"행위료","치과의 보철료","","","JM0008T","Denture repair, simple","","50000","","","N","N","","2020-02-07","2999-12-31"
"행위료","치과의 보철료","","","JM0047T","Scaling 치석제거","","80000","","","N","N","","2020-02-07","2999-12-31"
"행위료","치과의 보철료","","","JM0051T","Sp cr","","60000","","","N","N","","2020-02-07","2999-12-31"
"행위료","치과의 보철료","","","JM0023T","Occlusal splint (1악당), simple","","300000","","","N","N","","2020-02-07","2999-12-31"
"행위료","치과의 보철료","","","JM0083T","보철 치료(CHECK UP)중","","10000","","","N","N","","2020-02-07","2999-12-31"
"행위료","치과의 보철료","","","JM0076T","MANDIBULAR RECONSTRUCTION D","","4000000","","","N","N","","2020-02-07","2999-12-31"
"행위료","치과의 보철료","","","JM0043T","bone graft, simple","","200000","","","N","N","","2020-02-07","2999-12-31"
"행위료","치과의 보철료","","","JM0021T","S.S crown","","150000","","","N","N","","2020-02-07","2999-12-31"
"행위료","치과의 보철료","","","JM0019T","Teeth bleaching, simple","","30000","","","N","N","","2020-02-07","2999-12-31"
"행위료","치과의 보철료","","","JM0082T","골증대술","","500000","","","N","N","","2020-02-07","2999-12-31"
"행위료","치과의 보철료","","","JM0074T","MANDIBULAR RECONSTRUCTION B","","2000000","","","N","N","","2020-02-07","2999-12-31"
"행위료","치과의 보철료","","","JM0061T","Perio test(인공치아 개당)","","50000","","","N","N","","2020-02-07","2999-12-31"
"행위료","치과의 보철료","","","JM0085T","보격장치(고정식)","","50000","","","N","N","","2020-02-07","2999-12-31"
"행위료","치과의 보철료","","","JM0033T","Over denture O-ring & ERA 교환","","50000","","","N","N","","2020-02-07","2999-12-31"
"행위료","치과의 보철료","","","JM0036T","Implant, abutment change fee","","300000","","","N","N","","2020-02-07","2999-12-31"
"행위료","치과의 보철료","","","JM0025T","Fluorid therapy (1악당)","","100000","","","N","N","","2020-02-07","2999-12-31"
"행위료","치과의 보철료","","","JM0022T","Study impression/1악당","","30000","","","N","N","","2020-02-07","2999-12-31"
"행위료","치과의 보철료","","","JM0010T","Direct denture reline, simple","","100000","","","N","N","","2020-02-07","2999-12-31"
"행위료","치과의 보철료","","","JM0034T","Over denture magnetic 교환","","200000","","","N","N","","2020-02-07","2999-12-31"
"행위료","치과의 보철료","","","JM0012T","Direct denture soft reline","","50000","","","N","N","","2020-02-07","2999-12-31"
"행위료","치과의 보철료","","","JM0006T","Screw post","","70000","","","N","N","","2020-02-07","2999-12-31"
"행위료","치과의 보철료","","","JM0004T","P.F.M repair, simple","","100000","","","N","N","","2020-02-07","2999-12-31"
"행위료","치과의 보철료","","","JM0002T","Esthetic resin filling","","250000","","","N","N","","2020-02-07","2999-12-31"
"행위료","치과의 보철료","","","JM0081T","FIXED ORTHODONTIC TX D","","4000000","","","N","N","","2020-02-07","2999-12-31"
"행위료","치과의 보철료","","","JM0078T","FIXED ORTHODONTIC TX A","","1000000","","","N","N","","2020-02-07","2999-12-31"
"행위료","치과의 보철료","","","JM0029T","Dx of implant, complex","","100000","","","N","N","","2020-02-07","2999-12-31"
"행위료","치과의 보철료","","","JM0020T","Teeth bleaching, complex","","50000","","","N","N","","2020-02-07","2999-12-31"
"행위료","치과의 보철료","","","JM0013T","Flipper (simple)","","50000","","","N","N","","2020-02-07","2999-12-31"
"행위료","치과의 보철료","","","JM0086T","보격장치(가철식)","","100000","","","N","N","","2020-02-07","2999-12-31"
"행위료","치과의 보철료","","","JM0084T","SURGICAL UNCOVERING(1치당)치관노출술","","100000","","","N","N","","2020-02-07","2999-12-31"
"행위료","치과의 보철료","","","JM0055T","임플란트목적/상악동거상술,측방접근(복잡)","","1500000","","","N","N","","2020-02-07","2999-12-31"
"행위료","치과의 보철료","","","JM0087T","BR-SONIC 초음파골재생촉진술","","100000","","","N","N","","2020-02-07","2999-12-31"
"행위료","치과의 보철료","","","JM0037T","Implant, coping screw change fee","","50000","","","N","N","","2020-02-07","2999-12-31"
"행위료","치과의 보철료","","","JM0028T","Dx of implant, simple","","50000","","","N","N","","2020-02-07","2999-12-31"
"행위료","치과의 보철료","","","JM0007T","Pin","","10000","","","N","N","","2020-02-07","2999-12-31"
"행위료","치과의 보철료","","","JM0039T","implant repair, simple","","50000","","","N","N","","2020-02-07","2999-12-31"
"행위료","치과의 보철료","","","JM0032T","Over denture clip 교환","","50000","","","N","N","","2020-02-07","2999-12-31"
"행위료","치과의 보철료","","","JM0015T","Face mask impression","","200000","","","N","N","","2020-02-07","2999-12-31"
"행위료","치과의 보철료","","","JM0075T","MANDIBULAR RECONSTRUCTION C","","3000000","","","N","N","","2020-02-07","2999-12-31"
"행위료","치과의 보철료","","","JM0060T","Implant second surgery,Complex(경조직)","","500000","","","N","N","","2020-02-07","2999-12-31"
"행위료","치과의 보철료","","","JM0056T","Laser Solder","","60000","","","N","N","","2020-02-07","2999-12-31"
"행위료","치과의 보철료","","","JM0005T","P.F.M repair, complex","","200000","","","N","N","","2020-02-07","2999-12-31"
"행위료","치과의 보철료","","","JM0003T","Light curing G.I filling","","80000","","","N","N","","2020-02-07","2999-12-31"
"행위료","치과의 보철료","","","JM0077T","MANDIBULAR RECONSTRUCTION E","","5000000","","","N","N","","2020-02-07","2999-12-31"
"행위료","치과의 보철료","","","JM0018T","T.B.I 잇솔질 교습, 회당","","30000","","","N","N","","2020-02-07","2999-12-31"
"행위료","치과의 보철료","","","JM0040T","implant repair, complex","","100000","","","N","N","","2020-02-07","2999-12-31"
"행위료","치과의 보철료","","","JM0031T","P.R.P.","","100000","","","N","N","","2020-02-07","2999-12-31"
"행위료","치과의 보철료","","","JM0058T","Implant second surgery,Simple","","100000","","","N","N","","2020-02-07","2999-12-31"
"행위료","치과의 보철료","","","JM0054T","임플란트목적/상악동거상술,측방접근(단순)","","1000000","","","N","N","","2020-02-07","2999-12-31"
"행위료","치과의 보철료","","","JM0050T","구취측정검사","","30000","","","N","N","","2020-02-07","2999-12-31"
"행위료","치과의 보철료","","","JM0048T","Laser 충치예방치료(1치당)","","10000","","","N","N","","2020-02-07","2999-12-31"
"행위료","치과의 보철료","","","JM0024T","Occlusal splint 관리","","30000","","","N","N","","2020-02-07","2999-12-31"
"행위료","치과의 보철료","","","JM0073T","MANDIBULAR RECONSTRUCTION A","","1000000","","","N","N","","2020-02-07","2999-12-31"
"행위료","치과의 보철료","","","JM0080T","FIXED ORTHODONTIC TX C","","3000000","","","N","N","","2020-02-07","2999-12-31"
"행위료","치과의 보철료","","","JM0065T","임플란트목적/상악동거상술(편측)","","300000","","","N","N","","2020-02-07","2999-12-31"
"행위료","치과의 보철료","","","JM0059T","Implant second surgery,Complex(연조직)","","300000","","","N","N","","2020-02-07","2999-12-31"
"행위료","치과의 보철료","","","JM0057T","Peri implantitis treatment","","100000","","","N","N","","2020-02-07","2999-12-31"
"행위료","치과의 보철료","","","JM0079T","FIXED ORTHODONTIC TX B","","2000000","","","N","N","","2020-02-07","2999-12-31"
"행위료","치과의 보철료","","","JM0064T","임플란트목적 레이저치료","","100000","","","N","N","","2020-02-07","2999-12-31"
"행위료","치과의 보철료","","","JM0053T","Milling 비","","100000","","","N","N","","2020-02-07","2999-12-31"
"행위료","치과의 보철료","","","JM0052T","Cornus Denture(내관 & 외관)","","500000","","","N","N","","2020-02-07","2999-12-31"
"행위료","치과의 보철료","","","JM0045T","Pit & fissure sealant","","30000","","","N","N","","2020-02-07","2999-12-31"
"행위료","치과의 보철료","","","JM0044T","bone graft, complex","","1000000","","","N","N","","2020-02-07","2999-12-31"
"행위료","치과의 보철료","","","JM0041T","Implant, temporary resin Cr., simple","","50000","","","N","N","","2020-02-07","2999-12-31"
"행위료","치과의 보철료","","","JM0038T","Implant, UCLA screw change fee","","100000","","","N","N","","2020-02-07","2999-12-31"
"행위료","치과의 보철료","","","JM0035T","Implant, magnetic change fee","","300000","","","N","N","","2020-02-07","2999-12-31"
"행위료","치과의 보철료","","","JM0026T","Resin facing repair (1치당)","","50000","","","N","N","","2020-02-07","2999-12-31"
"행위료","치과의 보철료","","","JP0121G","주조금관, 금합금","","420000","","","Y","N","","2020-02-07","2999-12-31"
"행위료","치과의 보철료","","","JP0120G","주조금관, 백금합금","","460000","","","Y","N","","2020-02-07","2999-12-31"
"행위료","치과의 보철료","","","JP0118G","캐드캠 세라믹 크라운,임플란트용(복잡)","","800000","","","Y","N","","2020-02-07","2999-12-31"
"행위료","치과의 보철료","","","JP0117G","캐드캠 세라믹 크라운,임플란트용(단순)","","700000","","","Y","N","","2020-02-07","2999-12-31"
"행위료","치과의 보철료","","","JP0116G","캐드캠 세라믹 크라운","","550000","","","Y","N","","2020-02-07","2999-12-31"
"행위료","치과의 보철료","","","JP0114G","Spark elosin","","160000","","","Y","N","","2020-02-07","2999-12-31"
"행위료","치과의 보철료","","","JP0113G","Locator","","400000","","","Y","N","","2020-02-07","2999-12-31"
"행위료","치과의 보철료","","","JP0112G","Magnetic,1ea","","350000","","","Y","N","","2020-02-07","2999-12-31"
"행위료","치과의 보철료","","","JP0111G","ERA,1ea","","280000","","","Y","N","","2020-02-07","2999-12-31"
"행위료","치과의 보철료","","","JP0110G","매식치 A-gold 도재관","","570000","","","Y","N","","2020-02-07","2999-12-31"
"행위료","치과의 보철료","","","JP0109G","매식술, 밀드바,Titanium,Fixture 6ea","","1800000","","","Y","N","","2020-02-07","2999-12-31"
"행위료","치과의 보철료","","","JP0108G","매식술, 밀드바,Titanium,Fixture 5ea","","1600000","","","Y","N","","2020-02-07","2999-12-31"
"행위료","치과의 보철료","","","JP0107G","매식술, 밀드바,Titanium,Fixture 4ea","","1400000","","","Y","N","","2020-02-07","2999-12-31"
"행위료","치과의 보철료","","","JP0106G","매식술, 밀드바,Titanium,Fixture 3ea","","1200000","","","Y","N","","2020-02-07","2999-12-31"
"행위료","치과의 보철료","","","JP0105G","매식술, 밀드바,Gold,Fixture 6ea","","2700000","","","Y","N","","2020-02-07","2999-12-31"
"행위료","치과의 보철료","","","JP0104G","매식술, 밀드바,Gold,Fixture 5ea","","2300000","","","Y","N","","2020-02-07","2999-12-31"
"행위료","치과의 보철료","","","JP0103G","매식술, 밀드바,Gold,Fixture 4ea","","1900000","","","Y","N","","2020-02-07","2999-12-31"
"행위료","치과의 보철료","","","JP0102G","매식술, 밀드바,Gold,Fixture 3ea","","1500000","","","Y","N","","2020-02-07","2999-12-31"
"행위료","치과의 보철료","","","JP0101G","매식술, 헤더바,Fixture 4ea","","1800000","","","Y","N","","2020-02-07","2999-12-31"
"행위료","치과의 보철료","","","JP0100G","매식술, 헤더바,Fixture 3ea","","1500000","","","Y","N","","2020-02-07","2999-12-31"
"행위료","치과의 보철료","","","JP0099G","매식술, 헤더바,Fixture 2ea","","1200000","","","Y","N","","2020-02-07","2999-12-31"
"행위료","치과의 보철료","","","JP0098G","매식술, 혼합형틀니 ,Titanium,Fixture 6ea","","2100000","","","Y","N","","2020-02-07","2999-12-31"
"행위료","치과의 보철료","","","JP0097G","매식술, 혼합형틀니,Titanium,Fixture 5ea,","","1800000","","","Y","N","","2020-02-07","2999-12-31"
"행위료","치과의 보철료","","","JP0096G","매식술, 혼합형틀니,Titanium,Fixture 4ea","","1500000","","","Y","N","","2020-02-07","2999-12-31"
"행위료","치과의 보철료","","","JP0092G","치아 매식술, 복잡, NOBEL","","1500000","","","Y","N","","2020-02-07","2999-12-31"
"행위료","치과의 보철료","","","JP0088G","매식술,국산,G","","1000000","","","Y","N","","2020-02-07","2999-12-31"
"행위료","치과의 보철료","","","JP0087G","매식술, 임시 MDI","","230000","","","Y","N","","2020-02-07","2999-12-31"
"행위료","치과의 보철료","","","JP0086G","매식술, MDI","","460000","","","Y","N","","2020-02-07","2999-12-31"
"행위료","치과의 보철료","","","JP0085G","매식술, 오-링, E.R.A.,","","450000","","","Y","N","","2020-02-07","2999-12-31"
"행위료","치과의 보철료","","","JP0084G","매식술, 자성체","","500000","","","Y","N","","2020-02-07","2999-12-31"
"행위료","치과의 보철료","","","JP0080G","매식술, 헤더바","","1150000","","","Y","N","","2020-02-07","2999-12-31"
"행위료","치과의 보철료","","","JP0078G","매식술, 혼합형틀니","","2500000","","","Y","N","","2020-02-07","2999-12-31"
"행위료","치과의 보철료","","","JP0077G","임플란트 지지의치, 복잡","","1800000","","","Y","N","","2020-02-07","2999-12-31"
"행위료","치과의 보철료","","","JP0076G","임플란트 지지의치, 단순","","1500000","","","Y","N","","2020-02-07","2999-12-31"
"행위료","치과의 보철료","","","JP0075G","매식치 비귀금속 도재관","","600000","","","Y","N","","2020-02-07","2999-12-31"
"행위료","치과의 보철료","","","JP0074G","매식치 귀금속 도재관","","800000","","","Y","N","","2020-02-07","2999-12-31"
"행위료","치과의 보철료","","","JP0073G","매식치금관, 슈퍼골드","","620000","","","Y","N","","2020-02-07","2999-12-31"
"행위료","치과의 보철료","","","JP0072G","매식치금관, 백금가공","","660000","","","Y","N","","2020-02-07","2999-12-31"
"행위료","치과의 보철료","","","JP0071G","치아 매식술, 복잡, ASTRA","","1450000","","","Y","N","","2020-02-07","2999-12-31"
"행위료","치과의 보철료","","","JP0070G","치아 매식술, 단순","","1350000","","","Y","N","","2020-02-07","2999-12-31"
"행위료","치과의 보철료","","","JP0067G","교정, Fixed type, 단순","","380000","","","Y","N","","2020-02-07","2999-12-31"
"행위료","치과의 보철료","","","JP0063G","로케이터,G","","500000","","","Y","N","","2020-02-07","2999-12-31"
"행위료","치과의 보철료","","","JP0062G","Flexible denture (비귀금속),복잡","","900000","","","Y","N","","2020-02-07","2999-12-31"
"행위료","치과의 보철료","","","JP0061G","세미리지드 연결체","","150000","","","Y","N","","2020-02-07","2999-12-31"
"행위료","치과의 보철료","","","JP0060G","코누스 텔레스코픽 내,외관 귀금속","","650000","","","Y","N","","2020-02-07","2999-12-31"
"행위료","치과의 보철료","","","JP0059G","코누스 텔레스코픽 내,외관 비귀금속","","550000","","","Y","N","","2020-02-07","2999-12-31"
"행위료","치과의 보철료","","","JP0058G","코누스 텔레스코픽 내,외관 PD합금","","500000","","","Y","N","","2020-02-07","2999-12-31"
"행위료","치과의 보철료","","","JP0057G","코누스 텔레스코픽 내,외관 금합금","","600000","","","Y","N","","2020-02-07","2999-12-31"
"행위료","치과의 보철료","","","JP0056G","코누스 텔레스코픽 내,외관 백금합금","","700000","","","Y","N","","2020-02-07","2999-12-31"
"행위료","치과의 보철료","","","JP0055G","부착장치, 복잡","","440000","","","Y","N","","2020-02-07","2999-12-31"
"행위료","치과의 보철료","","","JP0054G","부착장치, 보통","","350000","","","Y","N","","2020-02-07","2999-12-31"
"행위료","치과의 보철료","","","JP0053G","부착장치, 단순","","300000","","","Y","N","","2020-02-07","2999-12-31"
"행위료","치과의 보철료","","","JP0052G","자석장치","","340000","","","Y","N","","2020-02-07","2999-12-31"
"행위료","치과의 보철료","","","JP0051G","즉시 or 임시폐쇄장치","","400000","","","Y","N","","2020-02-07","2999-12-31"
"행위료","치과의 보철료","","","JP0050G","최종폐쇄장치","","1500000","","","Y","N","","2020-02-07","2999-12-31"
"행위료","치과의 보철료","","","JP0049G","F.D. Temporary","","350000","","","Y","N","","2020-02-07","2999-12-31"
"행위료","치과의 보철료","","","JP0048G","즉치총의치,레진상","","500000","","","Y","N","","2020-02-07","2999-12-31"
"행위료","치과의 보철료","","","JP0047G","즉시총의치,망사","","600000","","","Y","N","","2020-02-07","2999-12-31"
"행위료","치과의 보철료","","","JP0046G","총의치, 레진상","","1200000","","","Y","N","","2020-02-07","2999-12-31"
"행위료","치과의 보철료","","","JP0045G","총의치, 비귀금속편, 망사","","1400000","","","Y","N","","2020-02-07","2999-12-31"
"행위료","치과의 보철료","","","JP0044G","총의치, 귀금속편","","1600000","","","Y","N","","2020-02-07","2999-12-31"
"행위료","치과의 보철료","","","JP0043G","교합안정장치, 복잡","","600000","","","Y","N","","2020-02-07","2999-12-31"
"행위료","치과의 보철료","","","JP0042G","임시치, 복잡","","150000","","","Y","N","","2020-02-07","2999-12-31"
"행위료","치과의 보철료","","","JP0041G","의치 이장술, 간접법, 복잡","","300000","","","Y","N","","2020-02-07","2999-12-31"
"행위료","치과의 보철료","","","JP0040G","의치 이장술, 간접법, 단순","","190000","","","Y","N","","2020-02-07","2999-12-31"
"행위료","치과의 보철료","","","JP0039G","테레스코픽 국소 의치, 복잡","","1100000","","","Y","N","","2020-02-07","2999-12-31"
"행위료","치과의 보철료","","","JP0038G","테레스코픽 국소 의치, 간단","","880000","","","Y","N","","2020-02-07","2999-12-31"
"행위료","치과의 보철료","","","JP0037G","어태치먼트 국소 의치, 복잡","","1600000","","","Y","N","","2020-02-07","2999-12-31"
"행위료","치과의 보철료","","","JP0036G","어태치먼트 국소 의치, 간단","","1400000","","","Y","N","","2020-02-07","2999-12-31"
"행위료","치과의 보철료","","","JP0035G","치아지지가철성의치, 복잡","","1800000","","","Y","N","","2020-02-07","2999-12-31"
"행위료","치과의 보철료","","","JP0034G","치아지지가철성의치, 간단","","1600000","","","Y","N","","2020-02-07","2999-12-31"
"행위료","치과의 보철료","","","JP0033G","임시 가철성 국소의치","","430000","","","Y","N","","2020-02-07","2999-12-31"
"행위료","치과의 보철료","","","JP0032G","가철성 국소의치, 고주파 비귀금속","","1400000","","","Y","N","","2020-02-07","2999-12-31"
"행위료","치과의 보철료","","","JP0031G","가철성 국소의치, 비귀금속","","1200000","","","Y","N","","2020-02-07","2999-12-31"
"행위료","치과의 보철료","","","JP0029G","편측가철성국소의치, 비귀금속","","600000","","","Y","N","","2020-02-07","2999-12-31"
"행위료","치과의 보철료","","","JP0028G","편측가철성국소의치, 고주파비귀금속","","700000","","","Y","N","","2020-02-07","2999-12-31"
"행위료","치과의 보철료","","","JP0023G","포스트관, 그래스화이버","","220000","","","Y","N","","2020-02-07","2999-12-31"
"행위료","치과의 보철료","","","JP0022G","포스트관, 파라 포스트","","180000","","","Y","N","","2020-02-07","2999-12-31"
"행위료","치과의 보철료","","","JP0021G","포스트관, 귀금속, 복잡","","260000","","","Y","N","","2020-02-07","2999-12-31"
"행위료","치과의 보철료","","","JP0020G","포스트관, 귀금속, 단순","","230000","","","Y","N","","2020-02-07","2999-12-31"
"행위료","치과의 보철료","","","JP0019G","인레이,포세라인or레진,복잡","","280000","","","Y","N","","2020-02-07","2999-12-31"
"행위료","치과의 보철료","","","JP0018G","인레이,포세라인or레진,단순","","270000","","","Y","N","","2020-02-07","2999-12-31"
"행위료","치과의 보철료","","","JP0017G","인레이, 귀금속, 복잡","","350000","","","Y","N","","2020-02-07","2999-12-31"
"행위료","치과의 보철료","","","JP0016G","인레이, 귀금속, 단순","","300000","","","Y","N","","2020-02-07","2999-12-31"
"행위료","치과의 보철료","","","JP0015G","금주조관, 메리랜드, 귀금속","","370000","","","Y","N","","2020-02-07","2999-12-31"
"행위료","치과의 보철료","","","JP0014G","주조관, 메리랜드, 비귀금속","","290000","","","Y","N","","2020-02-07","2999-12-31"
"행위료","치과의 보철료","","","JP0013G","전부도재관, 순면버니어","","400000","","","Y","N","","2020-02-07","2999-12-31"
"행위료","치과의 보철료","","","JP0012G","전부도재관, 전세라믹","","470000","","","Y","N","","2020-02-07","2999-12-31"
"행위료","치과의 보철료","","","JP0011G","도재소부전장관, 무깃, 귀금속","","520000","","","Y","N","","2020-02-07","2999-12-31"
"행위료","치과의 보철료","","","JP0010G","도재소부전장관, 무깃, 비귀금속","","380000","","","Y","N","","2020-02-07","2999-12-31"
"행위료","치과의 보철료","","","JP0009G","도재소부전장관, 귀금속, B","","450000","","","Y","N","","2020-02-07","2999-12-31"
"행위료","치과의 보철료","","","JP0008G","도재소부전장관, 귀금속, A","","520000","","","Y","N","","2020-02-07","2999-12-31"
"행위료","치과의 보철료","","","JP0007G","도재소부전장관, 비귀금속, B","","350000","","","Y","N","","2020-02-07","2999-12-31"
"행위료","치과의 보철료","","","JP0006G","도재소부전장관, 비귀금속, A","","370000","","","Y","N","","2020-02-07","2999-12-31"
"행위료","치과의 보철료","","","JP0005G","가철성 의치용 금속 교합면 인공치 (S-gold)","","250000","","","Y","N","","2020-02-07","2999-12-31"
"행위료","치과의 보철료","","","JP0004G","주조관, N-C 합금","","250000","","","Y","N","","2020-02-07","2999-12-31"
"행위료","치과의 보철료","","","JP0003G","주조금관, Pd 합금","","350000","","","Y","N","","2020-02-07","2999-12-31"
"행위료","치과의 보철료","","","JP0116G","크라운","","550000","","","Y","N","","2020-02-06","2999-12-31"
"행위료","치과의 보철료","","","JP0008G","크라운","","520000","","","Y","N","","2020-02-06","2999-12-31"
"행위료","치과의 보철료","","","JP0006G","크라운","","370000","","","Y","N","","2020-02-06","2999-12-31"
"행위료","치과의 보철료","","","JP0120G","크라운","","","350000","460000","Y","N","","2020-02-06","2999-12-31"
"행위료","치과의 보철료","","","JP0118G+JP0088G","치과임플란트(1치당)","","","1800000","2150000","Y","N","","2020-02-06","2999-12-31"
"행위료","치과의 보철료","","","JP0074G+JP0088G","치과임플란트(1치당)","","","1800000","2150000","Y","N","","2020-02-06","2999-12-31"
"행위료","치과의 보철료","","","JP0075G+JP0088G","치과임플란트(1치당)","","","1600000","1950000","Y","N","","2020-02-06","2999-12-31"
"행위료","치과의 보철료","","","JP0072G+JP0088G","치과임플란트(1치당)","","","1620000","2010000","Y","N","","2020-02-06","2999-12-31"
"행위료","기타","","","HZGT01100","반복적 경두개 자기자극술","","60000","","","N","N","","2020-02-07","2999-12-31"
"행위료","기타","","","HZEN00800","NIM-2(안면신경 Monitroing)","","100000","","","N","N","","2020-02-07","2999-12-31"
"행위료","기타","","","HL1111","음주운전자 채혈비","","1520","","","N","N","","2020-02-07","2999-12-31"
"행위료","기타","","","SZ09800","흡인음경팽창도측정","","30000","","","N","N","","2020-02-07","2999-12-31"
"행위료","기타","","","SZ09600","화학적 약물유도사정술","","100000","","","N","N","","2020-02-07","2999-12-31"
"행위료","기타","","","SZ09400","통찰치료","","15000","","","N","N","","2020-02-07","2999-12-31"
"행위료","기타","","","SZ05200","전기적유도사정술","","100000","","","N","N","","2020-02-07","2999-12-31"
"행위료","기타","","","SZ04303","인식력검사-주관적 시축검사(정밀)","","50000","","","N","N","","2020-02-07","2999-12-31"
"행위료","기타","","","SZ04302","인식력검사-얼굴실인증","","31010","","","N","N","","2020-02-07","2999-12-31"
"행위료","기타","","","SZ04301","인식력검사-변형효과","","51800","","","N","N","","2020-02-07","2999-12-31"
"행위료","기타","","","SZ03700","음경해면체 압력측정검사","","100000","","","N","N","","2020-02-07","2999-12-31"
"행위료","기타","","","SZ03600","음경상완지수","","30000","","","N","N","","2020-02-07","2999-12-31"
"행위료","기타","","","SZ03501","음경기능진단(주간)","","75000","","","N","N","","2020-02-07","2999-12-31"
"행위료","기타","","","SZ03502","음경기능진단(야간)","","94000","","","N","N","","2020-02-07","2999-12-31"
"행위료","기타","","","SZ03100","약물주입발기측정","","50000","","","N","N","","2020-02-07","2999-12-31"
"행위료","기타","","","SZ03000","야간음경팽창도측정","","100000","","","N","N","","2020-02-07","2999-12-31"
"행위료","기타","","","SZ02800","야간음경발기검사","","100000","","","N","N","","2020-02-07","2999-12-31"
"행위료","기타","","","SZ02500","시청각자극발기측정","","100000","","","N","N","","2020-02-07","2999-12-31"
"행위료","기타","","","SZ03010","발기부전치료제 처방 사전검사","","15000","","","N","N","","2020-02-07","2999-12-31"
"행위료","기타","","","SZ00100","레이저 수술 전 검사 [시력교정]","","100000","","","N","N","","2020-02-07","2999-12-31"
"행위료","기타","","","SZ05300","(정밀)체성분 분석검사","","15000","","","N","N","","2020-02-07","2999-12-31"
"약제비","","56400041","스카이조스터주(대상포진생바이러스백신)","MZOSTA","스카이조스터주(대상포진생바이러스백신)(0.5밀리리터)","","140000","","","","","","2020-02-04","2999-12-31"
"약제비","","621400210","소노뷰주(설파헥사플루오라이드)","5419900110","소노뷰주(설파헥사플루오라이드)(225마이크로그램)","","93141","","","","","","2020-02-05","2999-12-31"
"약제비","","622900010","카티스템(동종제대혈유래중간엽줄기세포)","4012400834","카티스템(동종제대혈유래중간엽줄기세포)(1.5밀리리터)","","4776750","","","","","","2020-02-04","2999-12-31"
"약제비","","629600010","피디뷰주사(플루오로프로필씨아이티(18F))","5330100002","피디뷰주사(플루오로프로필씨아이티(18F))","","320000","","","","","","2020-07-01","2999-12-31"
"약제비","","641100030","레비트라정10밀리그람(염산바데나필)","DLEVIT10","레비트라정10밀리그람(염산바데나필)(10밀리그램)","","","","","","","원외처방","2020-02-04","2999-12-31"
"약제비","","641100040","레비트라정20밀리그람(염산바데나필)","DLEVIT20","레비트라정20밀리그람(염산바데나필)(20밀리그램)","","","","","","","원외처방","2020-02-04","2999-12-31"
"약제비","","641100050","레비트라정5밀리그람(염산바데나필)","DLEVIT5","레비트라정5밀리그람(염산바데나필)(5밀리그램)","","","","","","","원외처방","2020-02-04","2999-12-31"
"약제비","","641100600","미레나20마이크로그람/일(레보노르게스트렐)","3012200004","미레나20마이크로그람/일(레보노르게스트렐)(52밀리그램)","","87412","","","","","","2020-02-04","2999-12-31"
"약제비","","641104750","야즈정","DYAZ","야즈정(3밀리그램)","","","","","","","원외처방","2020-02-04","2999-12-31"
"약제비","","641105710","레비트라구강붕해정10밀리그램(바데나필염산염)","DLEVIT10S","레비트라구강붕해정10밀리그램(바데나필염산염)(10밀리그램)","","","","","","","원외처방","2020-02-04","2999-12-31"
"약제비","","641605990","오메크린크림(퍼메트린)","DOMECLEAN","오메크린크림(퍼메트린)","","7167","","","","","","2020-07-31","2999-12-31"
"약제비","","641704360","일양실데나필정100밀리그램","DSILDE100","일양실데나필정100밀리그램(100밀리그램)","","1455","","","","","","2020-02-04","2999-12-31"
"약제비","","642100700","삐콤정","DBC","삐콤정(6밀리그램)","","16","","","","","","2020-11-01","2999-12-31"
"약제비","","642201580","에세푸릴현탁액(니푸록사지드)","DECEFSY","에세푸릴현탁액(니푸록사지드)","","7","","","","","","2020-02-04","2999-12-31"
"약제비","","642202290","파자임-95밀리그램이중정","DPZM","파자임-95밀리그램이중정(95밀리그램)","","31","","","","","","2020-11-01","2999-12-31"
"약제비","","642502030","베스타제당의정","DBST","베스타제당의정(75밀리그램)","","38","","","","","","2020-02-04","2999-12-31"
"약제비","","642503020","자이데나정100밀리그람(유데나필)","DZYDE1","자이데나정100밀리그람(유데나필)(100밀리그램)","","","","","","","원외처방","2020-02-04","2999-12-31"
"약제비","","642503030","자이데나정200밀리그람(유데나필)","DZYDE2","자이데나정200밀리그람(유데나필)(200밀리그램)","","2639","","","","","","2020-11-01","2999-12-31"
"약제비","","642505130","그로트로핀투주사액카트리지","MGHGR","그로트로핀투주사액카트리지(30IU)","","91562","","","","","","2020-11-01","2999-12-31"
"약제비","","642506310","자이데나정50밀리그램(유데나필)","DZYDE","자이데나정50밀리그램(유데나필)(50밀리그램)","","","","","","","원외처방","2020-02-04","2999-12-31"
"약제비","","642507050","자이데나정75밀리그램(유데나필)","DZYDE75","자이데나정75밀리그램(유데나필)(75밀리그램)","","","","","","","원외처방","2020-02-04","2999-12-31"
"약제비","","642507391","주블리아외용액(에피나코나졸)","DEFINAIL","주블리아외용액(에피나코나졸)(4밀리리터)","","28984","","","","","","2020-11-01","2999-12-31"
"약제비","","642905941","푸레파인연고","DPREPAO","푸레파인연고","","3613","","","","","","2020-08-12","2999-12-31"
"약제비","","643501140","복합써스펜좌약","DSUSP","복합써스펜좌약(1300밀리그램)","","278","","","","","","2020-02-04","2999-12-31"
"약제비","","643601020","마이드린캡슐","DMYDR","마이드린캡슐(325밀리그램)","","89","","","","","","2020-02-04","2999-12-31"
"약제비","","643601400","유락신연고(크로타미톤)","DTAMI","유락신연고(크로타미톤)","","850","","","","","","2020-02-04","2999-12-31"
"약제비","","643601900","헤파빅주(비형간염사람면역글로불린)(수출명:헤파글로브)","MHBIG","헤파빅주(비형간염사람면역글로불린)(수출명:헤파글로브)(1밀리리터)","","32762","","","","","","2020-02-04","2999-12-31"
"약제비","","643604611","페라미플루주15밀리리터(페라미비르수화물)","MPERAMIFLU","페라미플루주15밀리리터(페라미비르수화물)(15밀리리터)","","15345","","","","","","2020-02-04","2999-12-31"
"약제비","","643900900","액티피드정","DACT","액티피드정(60밀리그램)","","18","","","","","","2020-02-05","2999-12-31"
"약제비","","644200190","리덕틸캅셀10㎎(염산시부트라민)","DREDUC10","리덕틸캅셀10㎎(염산시부트라민)(10밀리그램)","","","","","","","원외처방","2020-02-04","2999-12-31"
"약제비","","644200200","리덕틸캅셀15㎎(염산시부트라민)","DREDUC15","리덕틸캅셀15㎎(염산시부트라민)(15밀리그램)","","","","","","","원외처방","2020-02-04","2999-12-31"
"약제비","","644206290","크레온캡슐25000(판크레아스분말)","DCREON25","크레온캡슐25000(판크레아스분말)(300밀리그램)","","408","","","","","","2020-11-01","2999-12-31"
"약제비","","644206370","하이드라섹산30mg(라세카도트릴)","DHIDRAS30","하이드라섹산30mg(라세카도트릴)(30밀리그램)","","708","","","","","","2020-02-04","2999-12-31"
"약제비","","644206380","하이드라섹산10mg(라세카도트릴)","DHIDRAS10","하이드라섹산10mg(라세카도트릴)(10밀리그램)","","514","","","","","","2020-02-04","2999-12-31"
"약제비","","644701810","엠빅스정100밀리그램(염산미로데나필)","DMBIX100","엠빅스정100밀리그램(염산미로데나필)(100밀리그램)","","","","","","","원외처방","2020-02-04","2999-12-31"
"약제비","","644701820","엠빅스정50밀리그램(미로데나필염산염)","DMBIX50","엠빅스정50밀리그램(미로데나필염산염)(50밀리그램)","","","","","","","원외처방","2020-02-04","2999-12-31"
"약제비","","644703730","엠빅스에스구강붕해필름50밀리그램(미로데나필)","DMVIX5S","엠빅스에스구강붕해필름50밀리그램(미로데나필)(50밀리그램)","","","","","","","원외처방","2020-02-04","2999-12-31"
"약제비","","644704020","레밋치연질캡슐2.5마이크로그램(날푸라핀염산염)","DREMITCH","레밋치연질캡슐2.5마이크로그램(날푸라핀염산염)(2.5마이크로그램)","","2968","","","","","","2020-11-01","2999-12-31"
"약제비","","644704380","스카이셀플루4가프리필드시린지(세포배양인플루엔자표면항원백신)","MSKYFLU4","스카이셀플루4가프리필드시린지(세포배양인플루엔자표면항원백신)(0.5밀리리터)","","30000","","","","","","2020-02-04","2999-12-31"
"약제비","","644913320","제피드정100밀리그램(아바나필)","DZEPEED1","제피드정100밀리그램(아바나필)(100밀리그램)","","","","","","","원외처방","2020-02-04","2999-12-31"
"약제비","","644913330","제피드정200밀리그램(아바나필)","DZEPEED2","제피드정200밀리그램(아바나필)(200밀리그램)","","","","","","","원외처방","2020-02-04","2999-12-31"
"약제비","","645000380","제니칼캅셀120밀리그람(오르리스타트)","DXENI","제니칼캅셀120밀리그람(오르리스타트)(120밀리그램)","","","","","","","원외처방","2020-02-04","2999-12-31"
"약제비","","646601401","플로실헤모스태틱매트릭스","DFLOS","플로실헤모스태틱매트릭스(500IU)","","299144","","","","","","2020-11-01","2999-12-31"
"약제비","","646802660","서카딘서방정2mg(멜라토닌)","DMELATONIN","서카딘서방정2mg(멜라토닌)(2밀리그램)","","601","","","","","","2020-11-01","2999-12-31"
"약제비","","646901090","프릴리지정30밀리그램(다폭세틴염산염)","DPRIL3","프릴리지정30밀리그램(다폭세틴염산염)(30밀리그램)","","","","","","","원외처방","2020-02-04","2999-12-31"
"약제비","","646901100","프릴리지정60밀리그램(다폭세틴염산염)","DPRIL6","프릴리지정60밀리그램(다폭세틴염산염)(60밀리그램)","","","","","","","원외처방","2020-02-04","2999-12-31"
"약제비","","647400280","코박스폴리오PF주(프리필드시린지)(개량불활화폴리오백신)","MIMOPV","코박스폴리오PF주(프리필드시린지)(개량불활화폴리오백신)(0.5밀리리터)","","30000","","","","","","2020-02-04","2999-12-31"
"약제비","","648300980","그린백색바셀린(원료)","DVASE100","바셀린100g","","561","","","","","","2020-08-12","2999-12-31"
"약제비","","648900390","비아그라정50밀리그람(실데나필시트르산염)","DVIA","비아그라정50밀리그람(실데나필시트르산염)(50밀리그램)","","","","","","","원외처방","2020-02-04","2999-12-31"
"약제비","","648900400","비아그라정100밀리그람(실데나필시트르산염)","DVIA100","비아그라정100밀리그람(실데나필시트르산염)(100밀리그램)","","","","","","","원외처방","2020-02-04","2999-12-31"
"약제비","","648900910","챔픽스정0.5밀리그램(바레니클린타르타르산염)","DCHAM05","챔픽스정0.5밀리그램(바레니클린타르타르산염)(0.5밀리그램)","","","","","","","원외처방","2020-02-04","2999-12-31"
"약제비","","648900920","챔픽스정1밀리그램(바레니클린타르타르산염)","DCHAM1","챔픽스정1밀리그램(바레니클린타르타르산염)(1밀리그램)","","","","","","","원외처방","2020-02-04","2999-12-31"
"약제비","","648901020","카버젝트주사20마이크로그람(알프로스타딜)","MALP20","카버젝트주사20마이크로그람(알프로스타딜)(20마이크로그램)","","15109","","","","","","2020-11-01","2999-12-31"
"약제비","","648902270","프리베나13주(폐렴구균씨알엠(CRM197)단백접합백신)","MPVENAR13","프리베나13주(폐렴구균씨알엠(CRM197)단백접합백신)(0.5밀리리터)","","90000","","","","","MPVENAR-A(성인)","2020-02-04","2999-12-31"
"약제비","","649802480","에스젠질크림(에스트로피페이트)","DESGEN","에스젠질크림(에스트로피페이트)","","1425","","","","","","2020-02-04","2999-12-31"
"약제비","","650001420","프리오릭스주(홍역유행성이하선염및풍진혼합생바이러스백신)","MMMR2","프리오릭스주(홍역유행성이하선염및풍진혼합생바이러스백신)(0.5밀리리터)","","30000","","","","","","2020-02-04","2999-12-31"
"약제비","","650001800","하브릭스주(A형간염백신)","MHAV1","하브릭스주(A형간염백신)(1밀리리터)","","70000","","","","","","2020-02-04","2999-12-31"
"약제비","","650001940","하브릭스주(A형간염백신)","MHAV","하브릭스주(A형간염백신)(0.5밀리리터)","","30000","","","","","","2020-02-04","2999-12-31"
"약제비","","650001960","부스트릭스프리필드시린지(성인용 흡착디프테리아,파상풍 톡소이드 및 정제백일해 혼합 백신)","MADAC","부스트릭스프리필드시린지(성인용 흡착디프테리아,파상풍 톡소이드 및 정제백일해 혼합 백신)(0.5밀리리터)","","40000","","","","","","2020-02-25","2999-12-31"
"약제비","","650002730","인판릭스아이피브이프리필드시린지(흡착 디프테리아, 파상풍 톡소이드, 정제 백일해 및 개량 불활화 폴리오 혼합백신)","MPDTIPV","인판릭스아이피브이프리필드시린지(흡착 디프테리아, 파상풍 톡소이드, 정제 백일해 및 개량 불활화 폴리오 혼합백신)(0.5밀리리터)","","50000","","","","","","2020-02-04","2999-12-31"
"약제비","","650003030","플루아릭스테트라프리필드시린지(인플루엔자분할백신)","MFLU4-PE","플루아릭스테트라프리필드시린지(인플루엔자분할백신)(0.5밀리리터)","","30000","","","","","","2020-02-04","2999-12-31"
"약제비","","650101100","콜크린액","SECOLC1","콜크린액","","5000","","","","","","2020-02-04","2999-12-31"
"약제비","","650400010","바리-엘백신(수두생바이러스백신)","MBIKEN","바리-엘백신(수두생바이러스백신)(0.5밀리리터)","","30000","","","","","","2020-02-04","2999-12-31"
"약제비","","652602861","이소바이드액(이소소르비드액)","DISOS","이소바이드액(500밀리리터)","","38938","","","","","","2020-02-04","2999-12-31"
"약제비","","653602320","멘비오[(수막구균ACW135Y)-CRM197단백접합백신]","MMENVEO","멘비오[(수막구균ACW135Y)-CRM197단백접합백신](0.5밀리리터)","","130000","","","","","","2020-02-04","2999-12-31"
"약제비","","653801170","신일비사코딜정","DDULCO","신일비사코딜정(5밀리그램)","","4","","","","","","2020-02-04","2999-12-31"
"약제비","","654802040","액상하이랙스주(히알루로니다제)","MHLASE-L","액상하이랙스주(히알루로니다제)(1밀리리터)","","13296","","","","","","2020-02-04","2999-12-31"
"약제비","","655500020","가다실프리필드시린지[인유두종바이러스4가(6111618형)백신(유전자재조합)]","MGDS","가다실프리필드시린지[인유두종바이러스4가(6111618형)백신(유전자재조합)](0.5밀리리터)","","120000","","","","","","2020-02-05","2999-12-31"
"약제비","","655500030","로타텍액[경구용약독화로타생바이러스백신(사람-소재배열)]","MROTAV","로타텍액[경구용약독화로타생바이러스백신(사람-소재배열)]","","80000","","","","","경구용","2020-02-04","2999-12-31"
"약제비","","655500610","프로디악스-23(폐렴구균백신)","MPNEUMO","프로디악스-23(폐렴구균백신)(0.5밀리리터)","","50000","","","","","","2020-02-04","2999-12-31"
"약제비","","655501751","브리디온주(슈가마덱스나트륨)","MBRID2","브리디온주(슈가마덱스나트륨)(2밀리리터)","","92754","","","","","","2020-11-01","2999-12-31"
"약제비","","655501930","가다실 9 프리필드시린지[인유두종바이러스9가(6, 11, 16, 18, 31, 33, 45, 52, 58형)백신(유전자재조합)]","MGDS9","가다실 9 프리필드시린지[인유두종바이러스9가(6, 11, 16, 18, 31, 33, 45, 52, 58형)백신(유전자재조합)] (0.5밀리리터)","","140000","","","","","","2020-11-01","2999-12-31"
"약제비","","657200750","환인키누프릴정(퀴누프라민)","DQUIN","환인키누프릴정(퀴누프라민)(2.5밀리그램)","","21","","","","","","2020-02-04","2999-12-31"
"약제비","","657400580","성광칼라민로오션","DCALAM","성광칼라민로오션","","10","","","","","","2020-02-04","2999-12-31"
"약제비","","657400590","백색바셀린","DVASE","백색바셀린","","8","","","","","","2020-02-04","2999-12-31"
"약제비","","659600290","예나스테론주(에난토산테스토스테론)","MTESTOE","예나스테론주(에난토산테스토스테론)(1밀리리터)","","5477","","","","","","2020-11-01","2999-12-31"
"약제비","","659900050","로와콜연질캅셀","DROWA","로와콜연질캅셀(32밀리그램)","","410","","","","","","2020-11-01","2999-12-31"
"약제비","","661700270","싸이젠주8밀리그람(소마트로핀)(24아이유)","MSAIZ24","싸이젠주8밀리그람(소마트로핀)(24아이유)(24IU)","","","","","","","원외처방","2020-02-04","2999-12-31"
"약제비","","661700650","싸이젠리퀴드카트리지주5.83mg/mL(소마트로핀)","MSAIZ18","싸이젠리퀴드카트리지주5.83mg/mL(소마트로핀)(1.03밀리리터)","","","","","","","원외처방","2020-02-04","2999-12-31"
"약제비","","662501680","타스나정(탄산수소나트륨)","DBIVONT","타스나정(탄산수소나트륨)(500밀리그램)","","19","","","","","","2020-11-01","2999-12-31"
"약제비","","665100070","압노바비스쿰에프20mg주사액(에프-2)[비스쿰알붐(숙주목:프락시니)20mg에서추출한15mg압축액]","MABNOF","압노바비스쿰에프20mg주사액(에프-2)[비스쿰알붐(숙주목:프락시니)20mg에서추출한15mg압축액](1밀리리터)","","22820","","","","","","2020-02-04","2999-12-31"
"약제비","","665900120","테트락심주(흡착디프테리아파상풍톡소이드정제백일해및개량불활화폴리오혼합백신)","MTETRA","테트락심주(흡착디프테리아파상풍톡소이드정제백일해및개량불활화폴리오혼합백신)(0.5밀리리터)","","50000","","","","","","2020-02-04","2999-12-31"
"약제비","","665900210","펜탁심주(흡착디프테리아파상풍톡소이드정제백일해개량불활화폴리오및헤모필루스인플루엔자비형-파상풍톡소이드접합혼합백신)","MPENTAXIM","펜탁심주(흡착디프테리아파상풍톡소이드정제백일해개량불활화폴리오및헤모필루스인플루엔자비형-파상풍톡소이드접합혼합백신)(0.5밀리리터)","","70000","","","","","","2020-02-04","2999-12-31"
"약제비","","665900221","박씨그리프테트라주(인플루엔자분할백신)","MFLU4","박씨그리프테트라주(인플루엔자분할백신)(0.5밀리리터)","","30000","","","","","MFLU4-A(성인)","2020-02-04","2999-12-31"
"약제비","","666700010","씨디.제박스(일본뇌염생바이러스백신)","MJEVAX05","씨디.제박스(일본뇌염생바이러스백신)(0.5밀리리터)","","50000","","","","","","2020-02-04","2999-12-31"
"약제비","","667200040","싸이트로핀에이카트리지주30IU(소마트로핀)(유전자재조합)","MSCITRO30","싸이트로핀에이카트리지주30IU(소마트로핀)(유전자재조합)(30IU)","","","","","","","원외처방","2020-02-04","2999-12-31"
"약제비","","668900910","유박스비주(B형간염백신유전자재조합)(수출명:리콤박스주헤파티박스주RecombinantHepatitisBVaccine엘지유박스비주)","MHBVC","유박스비주(B형간염백신유전자재조합)(수출명:리콤박스주헤파티박스주RecombinantHepatitisBVaccine엘지유박스비주)(0.5밀리리터)","","20000","","","","","","2020-02-04","2999-12-31"
"약제비","","668900920","유박스비주(B형간염백신유전자재조합)(수출명:리콤박스주헤파티박스주RecombinantHepatitisBVaccine엘지유박스비주)","MHBV","유박스비주(B형간염백신유전자재조합)(수출명:리콤박스주헤파티박스주RecombinantHepatitisBVaccine엘지유박스비주)(1밀리리터)","","40000","","","","","","2020-02-04","2999-12-31"
"약제비","","668901890","유히브주(헤모필루스인플루엔자비형·파상풍톡소이드접합백신)","MHPIB","유히브주(헤모필루스인플루엔자비형·파상풍톡소이드접합백신)(30마이크로그램)","","30000","","","","","","2020-02-04","2999-12-31"
"약제비","","670500090","보령일본뇌염백신주","MJBE","보령일본뇌염백신주(1밀리리터)","","30000","","","","","","2020-02-04","2999-12-31"
"약제비","","670500280","스타로랄300설하액(집먼지진드기)초기치료단계","DSTAL300I","스타로랄300설하액(집먼지진드기)초기치료단계","","","","","","","원외처방","2020-02-04","2999-12-31"
"약제비","","670500290","스타로랄300설하액(집먼지진드기)유지치료단계","DSTAL300M","스타로랄300설하액(집먼지진드기)유지치료단계","","","","","","","원외처방","2020-02-04","2999-12-31"
"약제비","","670500330","보령플루백신V주(프리필드시린지)(인플루엔자분할백신)","MFLU05","보령플루백신V주(프리필드시린지)(인플루엔자분할백신)(0.5밀리리터)","","25000","","","","","","2020-02-04","2999-12-31"
"약제비","","670500350","보령플루백신V주(프리필드시린지)(인플루엔자분할백신)","MFLU25","보령플루백신V주(프리필드시린지)(인플루엔자분할백신)(0.25밀리리터)","","25000","","","","","","2020-02-04","2999-12-31"
"약제비","","670500530","보령세포배양일본뇌염백신주(건조세포배양일본뇌염백신)","MJBEC","보령세포배양일본뇌염백신주(건조세포배양일본뇌염백신)(0.7밀리리터)","","40000","","","","","","2020-02-04","2999-12-31"
"약제비","","670500570","보령세포배양일본뇌염백신주(건조세포배양일본뇌염백신)","MJBEC04","보령세포배양일본뇌염백신주(건조세포배양일본뇌염백신)(0.4밀리리터)","","30000","","","","","","2020-02-04","2999-12-31"
"약제비","","670500610","보령디티에이피백신주(프리필드시린지)(흡착디프테리아파상풍톡소이드및정제백일해혼합백신)","MPDT05","보령디티에이피백신주(프리필드시린지)(흡착디프테리아파상풍톡소이드및정제백일해혼합백신)(0.5밀리리터)","","30000","","","","","","2020-02-04","2999-12-31"
"약제비","","670602610","하이알라제주(히알루로니다제)","MHLASE","하이알라제주(히알루로니다제)(1500IU)","","5471","","","","","","2020-11-01","2999-12-31"
"약제비","","670606490","네노마정15밀리그램(클로미프라민염산염)","DNENO","네노마정15밀리그램(클로미프라민염산염)(15밀리그램)","","","","","","","원외처방","2020-02-04","2999-12-31"
"약제비","","670800100","시알리스정10밀리그램(타다라필)","DCIAL1","시알리스정10밀리그램(타다라필)(10밀리그램)","","","","","","","원외처방","2020-02-04","2999-12-31"
"약제비","","670800110","시알리스정20밀리그램(타다라필)","DCIAL2","시알리스정20밀리그램(타다라필)(20밀리그램)","","","","","","","원외처방","2020-02-04","2999-12-31"
"약제비","","670800500","시알리스정5밀리그램(타다라필)","DCIAL","시알리스정5밀리그램(타다라필)(5밀리그램)","","","","","","","원외처방","2020-02-04","2999-12-31"
"약제비","","671806740","시알롱기정20mg(타다라필)","DTADA20","시알롱기정20mg(타다라필)(20밀리그램)","","3247","","","","","","2020-11-01","2999-12-31"
"약제비","","673100040","디티부스터에스에스아이주(프리필드시린지)(성인용흡착디프테리아및파상풍혼합톡소이드)","MTD","디티부스터에스에스아이주(프리필드시린지)(성인용흡착디프테리아및파상풍혼합톡소이드)(0.5밀리리터)","","30000","","","","","","2020-02-04","2999-12-31"
"약제비","","674900100","아젤리아크림(아젤라산)","DAZEL","아젤리아크림(아젤라산)","","9750","","","","","","2020-02-04","2999-12-31"
"약제비","","676800020","트롬보젝주3%30mg/ml(테트라데실황산나트륨)","MTROMBO3","트롬보젝주3%30mg/ml(테트라데실황산나트륨)(2밀리리터)","","31900","","","","","","2020-02-04","2999-12-31"
"약제비","","684900040","파이브로베인주1%(테트라데실황산나트륨)","MTROMBO1","파이브로베인주1%(테트라데실황산나트륨)(2밀리리터)","","25959","","","","","","2020-11-01","2999-12-31"
"약제비","","686500010","경피용건조비씨지백신(일본균주)","MBCGP","경피용건조비씨지백신(일본균주)(12밀리그램)","","40000","","","","","","2020-02-04","2999-12-31"
"치료재료대","내시경적 식도 또는 위 정맥류 치료용/(비흡수성)색전물질","BB3001BP","HISTOACRYL 1050060","BB3001BP","HISTOACRYL 1050060","","48725","","","","","","2020-02-04","2999-12-31"
"치료재료대","인체조직유래 2차 가공뼈","BC0101AT","DBX PUTTY","BC0101AT","DBX PUTTY","","","278000","846000","","","1CC,2.5CC,0.5CC","2020-02-04","2999-12-31"
"치료재료대","인체조직유래 2차 가공뼈","BC0102QT","BONGENER, CGDBM DEEP, EL FUSE INJECTABLE","BC0102QT","BONGENER, CGDBM DEEP, EL FUSE INJECTABLE","","","345000","814000","","","1CC,2.5CC","2020-02-04","2999-12-31"
"치료재료대","발톱고정용 재료","BC1301PE","K-D CLAMP","BC1301PE","K-D CLAMP","","132000","","","","","","2020-02-04","2999-12-31"
"치료재료대","척추고정용","BF0001KV","MOBI-C WITH PLUG & FIT","BF0001KV","MOBI-C WITH PLUG & FIT","","4170000","","","","","","2020-02-04","2999-12-31"
"치료재료대","척추고정용","BF0004AT","PRODISC-C","BF0004AT","PRODISC-C","","4169455","","","","","","2020-02-04","2999-12-31"
"치료재료대","척추경막외 유착방지제","BF0101AY","ADCON-GEL","BF0101AY","ADCON-GEL","","640000","","","","","","2020-02-04","2999-12-31"
"치료재료대","추간판내 고주파 열치료술","BF0201GT","양극성 겸자(CVG101)","BF0201GT","양극성 겸자(CVG101)","","1580000","","","","","","2020-02-04","2999-12-31"
"치료재료대","추간판내 고주파 열치료술","BF0201SH","일회용 발 조절식 전기수술기용 전극","BF0201SH","일회용 발 조절식 전기수술기용 전극","","1597688","","","","","","2020-02-04","2999-12-31"
"치료재료대","추간판내 고주파 열치료술","BF0202SH","YES C DISC","BF0202SH","YES C DISC","","1597688","","","","","","2020-02-04","2999-12-31"
"치료재료대","고주파 설근부 축소술용","BI0601AD","COBLATION REFLEX ULTRA WAND","BI0601AD","COBLATION REFLEX ULTRA WAND","","399604","","","","","","2020-02-04","2999-12-31"
"치료재료대","고주파 정맥내막폐쇄요법용","BJ4301DU","VNUS CLOSURE FAST","BJ4301DU","VNUS CLOSURE FAST","","880000","","","","","","2020-02-04","2999-12-31"
"치료재료대","혈관내영상카테타","BJ4504JT","EAGLE EYE IVUS CATHETER","BJ4504JT","EAGLE EYE IVUS CATHETER","","1419835","","","","","","2020-02-04","2999-12-31"
"치료재료대","혈관내영상카테타","BJ4506JT","REFINITY ST ROTATIONAL IVUS CATHETER","atMDS000001","REFINITY ST ROTATIONAL IVUS CATHETER","","1419830","","","","","","2020-10-07","2999-12-31"
"치료재료대","경막외강 신경박리술용","BJ4801RA","ST REED","BJ4801RA","ST REED","","489832","","","","","","2020-02-04","2999-12-31"
"치료재료대","내시경적 경막외강 신경근성형술용","BJ4802ZO","VIDEOGUIDED CATHETER","BJ4802ZO","VIDEOGUIDED CATHETER","","1470000","","","","","","2020-02-04","2999-12-31"
"치료재료대","경막외강 신경박리술용","BJ4803GZ","EPISOL","BJ4803GZ","EPISOL","","638624","","","","","","2020-02-04","2999-12-31"
"치료재료대","경막외강 신경박리술 및 감압 신경성형술용","BJ4804XU","BIOVISION 1.7 KIT","BJ4804XU","BIOVISION 1.7 KIT","","700000","","","","","","2020-02-04","2999-12-31"
"치료재료대","압박고정용 (탄력반창고)","BK7005AR","ELATEX","BK7005AR","ELATEX","","18481","","","","","","2020-02-04","2999-12-31"
"치료재료대","자착성(탄력)붕대","BK7101EA","3M COBAN SELF-ADHERENT WRAP","BK7101EA","3M COBAN SELF-ADHERENT WRAP","","1700","","","","","","2020-02-04","2999-12-31"
"치료재료대","자착성(탄력)붕대","BK7101IK","CEB IDEAL COHESIVE","BK7101IK","CEB IDEAL COHESIVE","","13950","","","","","","2020-02-04","2999-12-31"
"치료재료대","자착성(탄력)붕대","BK7111DQ","PEHAHAFT LATEX FREE","BK7111DQ","PEHAHAFT LATEX FREE","","","5000","25500","","","4cm,6cm,8cm,10cm.,12cm","2020-02-04","2999-12-31"
"치료재료대","OSTOMY용 ACCESSORY","BL3001BQ","CONVACARE PROTECTIVE BARRIER WIPES","BL3001BQ","CONVACARE PROTECTIVE BARRIER WIPES","","334","","","","","","2020-02-04","2999-12-31"
"치료재료대","상처고정 및 보호용","BM2001JQ","텐드라메피텔","BM2001JQ","텐드라메피텔","","","5280","17600","","","7.5*10cm,10*18cm,5*7.5cm","2020-02-04","2999-12-31"
"치료재료대","창상피복재","BM2201IE","NASOPORE","BM2201IE","NASOPORE","","128040","","","","","","2020-02-04","2999-12-31"
"치료재료대","피부보호제","BM3001RQ","NDA PLUS","BM3001RQ","NDA PLUS","","34000","","","","","","2020-02-04","2999-12-31"
"치료재료대","피부보호제","BM5001HP","ZEROID INTENSIVE CREAM MD","BM5001HP","ZEROID INTENSIVE CREAM MD","","22000","","","","","","2020-02-04","2999-12-31"
"치료재료대","피부보호제","BM5002HP","ZEROID INTENSIVE LOTION MD","BM5002HP","ZEROID INTENSIVE LOTION MD","","26400","","","","","","2020-02-04","2999-12-31"
"치료재료대","드레싱 고정류","BM5101LX","3M SOFT CLOTH WITH LINER","BM5101LX","3M SOFT CLOTH WITH LINER","","4635","","","","","","2020-02-04","2999-12-31"
"치료재료대","동종진피(IMPLANT용-유방재건술용 제외)","BTS01019","MEGADERM","BTS01019","MEGADERM","","","89559","109461","","","10*20 , 15*25mm","2020-02-04","2999-12-31"
"치료재료대","동종진피(IMPLANT용-유방재건술용 제외)","BTS01314","SUREDERM","BTS01314","SUREDERM","","","1100000","1500000","","","","2020-02-04","2999-12-31"
"제증명수수료","","","","AW400601","채용신체검사서(공무원)","","40000","","","","","","2020-02-03","2999-12-31"
"제증명수수료","","","","AW400602","채용신체검사서(일반)","","30000","","","","","","2020-02-03","2999-12-31"
"제증명수수료","","","","AQA02501","출생증명서","","3000","","","","","","2020-02-03","2999-12-31"
"제증명수수료","","","","AQA02602","통원확인서[병명 기재]","","3000","","","","","","2020-02-03","2999-12-31"
"제증명수수료","","","","AQA02601","통원확인서[병명 미기재]","","1000","","","","","","2020-02-03","2999-12-31"
"제증명수수료","","","","AQA02301","향후 진료비추정서(천만원미만)","","50000","","","","","","2020-02-03","2999-12-31"
"제증명수수료","","","","AQA02303","향후 진료비추정서(천만원이상)","","100000","","","","","","2020-02-03","2999-12-31"
"치료재료대","","","","XXSHEET","홋이불(씨트)","","3600","","","","","","2020-02-04","2999-12-31"
"치료재료대","","","","BZ00001","환의 상하 한벌 (귀가용)","","7800","","","","","끈바지,고무줄바지","2020-02-04","2999-12-31"
"제증명수수료","","","","AQA00400","보장구검진소견서","","10000","","","","","","2020-02-03","2999-12-31"
"치료재료대","","","","4110100145","본탁스크류 10s","","13497","","","","","","2020-02-04","2999-12-31"
"제증명수수료","","","","AQA00501","사망진단서","","10000","","","","","","2020-02-03","2999-12-31"
"제증명수수료","","","","AQA00701","사산(사태)증명서","","2000","","","","","","2020-02-03","2999-12-31"
"제증명수수료","","","","AQA00801","사체검안서","","30000","","","","","","2020-02-03","2999-12-31"
"제증명수수료","","","","AQA00901","사체부검료","","20000","","","","","","2020-02-03","2999-12-31"
"제증명수수료","","","","AQA01001","상해 진단서(3주미만)","","50000","","","","","","2020-02-03","2999-12-31"
"제증명수수료","","","","AQA01003","상해 진단서(3주이상)","","100000","","","","","","2020-02-03","2999-12-31"
"제증명수수료","","","","AQA01101","성별감정서","","10000","","","","","","2020-02-03","2999-12-31"
"제증명수수료","","","","AQA00200","소견서(노인장기요양보험)","","38490","","","","","","2020-02-03","2999-12-31"
"제증명수수료","","","","AQA00202","소견서(노인장기요양보험)","","54110","","","","","","2020-02-03","2999-12-31"
"제증명수수료","","","","AQA03001","수술확인서 [1부]","","10000","","","","","","2020-02-03","2999-12-31"
"약제비","","","","DSTALM","스타로랄 설하액(화분) - 유지용","","","","","","","원외처방","2020-02-04","2999-12-31"
"약제비","","","","DSTALI","스타로랄 설하액(화분) - 초기용","","","","","","","원외처방","2020-02-04","2999-12-31"
"제증명수수료","","","","AQA01200","신체감정료(과목당)","","150000","","","","","","2020-02-03","2999-12-31"
"제증명수수료","","","","AQA01401","연령감정서","","20000","","","","","","2020-02-03","2999-12-31"
"제증명수수료","","","","AQA01402","연령감정서 치과용","","150000","","","","","","2020-02-03","2999-12-31"
"제증명수수료","","","","AQA02201","영문 등 외국어 일반진단서","","15000","","","","","","2020-02-03","2999-12-31"
"제증명수수료","","","","AQA02503","영문 등 외국어 출생증명서","","4500","","","","","","2020-02-03","2999-12-31"
"제증명수수료","","","","AQA01503","영문일반소견서(보험회사 제출용)","","15000","","","","","","2020-02-03","2999-12-31"
"제증명수수료","","","","AQF00701","영상의학과/PACS영상 Film Copy(매당)","","5000","","","","","","2020-02-03","2999-12-31"
"제증명수수료","","","","AQA01501","일반소견서(보험회사 제출용)","","10000","","","","","","2020-02-03","2999-12-31"
"제증명수수료","","","","AQA01601","일반진단서","","10000","","","","","","2020-02-03","2999-12-31"
"치료재료대","","","","JK0015M","Pressure Injection Resin System","","100000","","","","","","2020-02-04","2999-12-31"
"치료재료대","","","","JK0001M","R.D, Attachment Change, Mat","","150000","","","","","","2020-02-04","2999-12-31"
"치료재료대","","","","JK0002M","R.D, Magnetic change, Mat","","150000","","","","","","2020-02-04","2999-12-31"
"치료재료대","","","","atMDS000003","RAFUGEN DBM GEL PRO 1CC","","398737","","","","","","2020-12-04","2999-12-31"
"치료재료대","","","","atMDS000002","RAFUGEN DBM GEL PRO 1CC","","398737","","","","","","2020-12-04","2999-12-31"
"치료재료대","","","","4012400974","RAFUGEN DBM GEL PRO 1CC","","398737","","","","","","2020-12-04","2999-12-31"
"치료재료대","","","","4012400975","RAFUGEN DBM GEL PRO 3CC","","912187","","","","","","2020-12-04","2999-12-31"
"치료재료대","","","","4110200219","RESUME External Fixture( 고정체)","","57274","","","","","","2020-02-04","2999-12-31"
"치료재료대","","","","4110200210","S-CLEAN(CLEAN ONE Q)-HA고정체(덴티스)","","150327","","","","","","2020-02-04","2999-12-31"
"치료재료대","","","","4110200201","S-CLEAN(CLEAN,ONEQ)-HA","","145522","","","","","","2020-02-04","2999-12-31"
"치료재료대","","","","3010600035","Soft Collar Brace","","","1950","2087","","","소,중,대","2020-02-04","2999-12-31"
"치료재료대","","","","4011400016","TESTICULAR IMPLANT","","660000","","","","","","2020-02-04","2999-12-31"
"치료재료대","","","","4110200164","Tapered Screw - Vent Tutoplast pericadium 15X15","","142392","","","","","","2020-02-04","2999-12-31"
"치료재료대","","","","4110200165","Tapered Screw - Vent Tutoplast pericadium 20X30","","180363","","","","","","2020-02-04","2999-12-31"
"치료재료대","","","","4110200166","Tapered Screw - Vent Tutoplast spongiosa microchip 0.5CC","","118690","","","","","","2020-02-04","2999-12-31"
"치료재료대","","","","4110200167","Tapered Screw - Vent Tutoplast spongiosa microchip 1.0CC","","213641","","","","","","2020-02-04","2999-12-31"
"치료재료대","","","","3012500005","Urine Bottle(소변기)","","1044","","","","","","2020-02-04","2999-12-31"
"치료재료대","","","","3010600031","Velpo Band","","3221","","","","","","2020-02-04","2999-12-31"
"치료재료대","","","","4110100197","colla-tape","","17954","","","","","","2020-02-04","2999-12-31"
"제증명수수료","","","","AQA00101","국민연금장애심사용 진단서","","6000","","","","","","2020-02-03","2999-12-31"
"제증명수수료","","","","AQA02801","근로능력평가용진단서(1부)","","10000","","","","","","2020-02-03","2999-12-31"
"약제비","","","","3012300107","박티그라","","1400","","","","","","2020-03-27","2999-12-31"
"제증명수수료","","","","AQA00201","방문간호지시서","","20470","","","","","","2020-02-03","2999-12-31"
"제증명수수료","","","","AQA00301","병무용진단서","","20000","","","","","","2020-02-03","2999-12-31"
"치료재료대","","","","4110500012","ALLO-OSS (0.25cc)","","44610","","","","","","2020-10-01","2999-12-31"
"치료재료대","","","","4110500013","ALLO-OSS (0.5cc)","","66933","","","","","","2020-10-01","2999-12-31"
"치료재료대","","","","4110500014","ALLO-OSS (1.0cc)","","100405","","","","","","2020-10-01","2999-12-31"
"치료재료대","","","","4110200010","ANGLED ABUTMENT(EZ/ME) 지대주","","92390","","","","","","2020-02-04","2999-12-31"
"치료재료대","","","","4110200220","Angled Abutment지대주(메가젠)","","49548","","","","","","2020-02-04","2999-12-31"
"치료재료대","","","","4110200216","Angnlated Abutment(int, Ext, Sub)지대주(덴티스)","","47286","","","","","","2020-02-04","2999-12-31"
"치료재료대","","","","4110200234","AnyOne Angled Abutment","","51378","","","","","","2020-02-04","2999-12-31"
"치료재료대","","","","4110200233","AnyOne EZ-Post","","42753","","","","","","2020-02-04","2999-12-31"
"치료재료대","","","","4110200231","AnyOne internal Fixture","","77995","","","","","","2020-02-04","2999-12-31"
"치료재료대","","","","4110200232","AnyOne internal Fixture","","77995","","","","","","2020-02-04","2999-12-31"
"치료재료대","","","","3010600004","Arm Sling","","667","","","","","","2020-02-04","2999-12-31"
"치료재료대","","","","3012300056","Bed Pan (대변기)","","1377","","","","","","2020-02-04","2999-12-31"
"치료재료대","","","","4110200098","Bio-Gide 13*25","","164672","","","","","","2020-10-01","2999-12-31"
"치료재료대","","","","4110200099","Bio-Gide 25*25","","199605","","","","","","2020-10-01","2999-12-31"
"치료재료대","","","","4110500001","Bio-oss 0.25g","","75313","","","","","","2020-10-01","2999-12-31"
"치료재료대","","","","4110500002","Bio-oss 0.5g","","115564","","","","","","2020-10-01","2999-12-31"
"치료재료대","","","","3010600010","Cast Shoes","","","1016","1171","","","소,중,대,특대","2020-02-04","2999-12-31"
"치료재료대","","","","4110200205","Cemented Abutment(int, Ext, Sub)지대주(덴티스)","","34262","","","","","","2020-02-04","2999-12-31"
"치료재료대","","","","3010600003","Crutch","","","7957","8510","","","소,중,대,특대","2020-02-04","2999-12-31"
"치료재료대","","","","5080100020","ELABAN(엘라반)","비침습적지혈용(반창고형)","1220","","","","","급여기준외 비급여","2020-02-05","2999-12-31"
"치료재료대","","","","4110200223","EZ POST (RE) 지대주","","42749","","","","","","2020-02-04","2999-12-31"
"치료재료대","","","","3010600028","Eight Bandage","","2440","","","","","소,중,대,특대","2020-02-04","2999-12-31"
"치료재료대","","","","4110200217","Exfeel External Fixture고정체(메가젠)","","57274","","","","","","2020-02-04","2999-12-31"
"치료재료대","","","","4110200218","Ez plus　Fixture고정체(메가젠)","","57274","","","","","","2020-02-04","2999-12-31"
"치료재료대","","","","4110200221","Ez post(Exfeel,external)지대주(메가젠)","","42749","","","","","","2020-02-04","2999-12-31"
"치료재료대","","","","4110200222","Ez post(Ezplusl,internal)지대주(메가젠)","","41085","","","","","","2020-02-04","2999-12-31"
"치료재료대","","","","4012800023","FAST -CATH HEMOSTASIS INTRODUCER","","22649","","","","","하지정맥류비급여","2020-10-01","2999-12-31"
"치료재료대","","","","JK0012M","Hard resin, ant. Teeth, Mat","","20000","","","","","","2020-02-04","2999-12-31"
"치료재료대","","","","JK0013M","Hard resin, post. Teeth, Mat","","30000","","","","","","2020-02-04","2999-12-31"
"치료재료대","","","","JK0008M","Implant, Cr. Remake fee, A, Mat","","100000","","","","","","2020-02-04","2999-12-31"
"치료재료대","","","","JK0009M","Implant, Cr. Remake fee, B, Mat","","200000","","","","","","2020-02-04","2999-12-31"
"치료재료대","","","","JK0003M","Implant, Magnetic change, Mat","","200000","","","","","","2020-02-04","2999-12-31"
"치료재료대","","","","JK0007M","Implant, UCLA screw change, Mat","","50000","","","","","","2020-02-04","2999-12-31"
"치료재료대","","","","JK0004M","Implant, abutment change, A, Mat","","200000","","","","","","2020-02-04","2999-12-31"
"치료재료대","","","","JK0005M","Implant, abutment change, B, Mat","","400000","","","","","","2020-02-04","2999-12-31"
"치료재료대","","","","JK0006M","Implant, coping screw change, Mat","","30000","","","","","","2020-02-04","2999-12-31"
"치료재료대","","","","JK0014M","Konus Telescopic Milling fee","","100000","","","","","","2020-02-04","2999-12-31"
"치료재료대","","","","4110200276","Mega-Derm 10*20 mm","","89559","","","","","","2020-02-04","2999-12-31"
"치료재료대","","","","4110200277","Mega-Derm 15*25mm","","109461","","","","","","2020-02-04","2999-12-31"
"치료재료대","","","","3012200002","Nova-T(노바티)","","10689","","","","","","2020-02-04","2999-12-31"
"치료재료대","","","","JK0016M","Novel Guide(FinishedSurgicalTemplat","","1500000","","","","","","2020-02-04","2999-12-31"
"치료재료대","","","","JK0017M","Novel Guide(FinishedSurgicalTemplate1-4Implants)","","1000000","","","","","","2020-02-04","2999-12-31"
"치료재료대","","","","4110200212","ONEQ REGULAR(SUB)-SLA 고정체(덴티스)","","74202","","","","","","2020-02-04","2999-12-31"
"치료재료대","","","","JK0011M","Overdenture O-ring change, Mat","","20000","","","","","","2020-02-04","2999-12-31"
"치료재료대","","","","JK0010M","Overdenture clip change, Mat","","10000","","","","","","2020-02-04","2999-12-31"
"제증명수수료","","","","AQA01403","입퇴원확인서","","3000","","","","","","2020-02-03","2999-12-31"
"제증명수수료","","","","AQA01901","장애인증명서","","1000","","","","","","2020-02-03","2999-12-31"
"제증명수수료","","","","AQA01304","장애정도 심사용 진단서(정신적장애)","","40000","","","","","","2020-02-03","2999-12-31"
"제증명수수료","","","","AQA02001","장애진단서","","100000","","","","","","2020-02-03","2999-12-31"
"제증명수수료","","","","AQA02002","장애진단서(간단)","","15000","","","","","","2020-02-03","2999-12-31"
"제증명수수료","","","","AQA01301","장애진단서(신체적 장애)","","15000","","","","","","2020-02-03","2999-12-31"
"제증명수수료","","","","AQA02101","정신감정서","","100000","","","","","","2020-02-03","2999-12-31"
"제증명수수료","","","","AQW01200","제증명료 사본","","1000","","","","","","2020-02-03","2999-12-31"
"제증명수수료","","","","AQB00102","진료기록사본(6매이상, 매당)","","100","","","","","","2020-02-03","2999-12-31"
"제증명수수료","","","","AQB00101","진료기록사본(기본5부, 매당)","","1000","","","","","","2020-02-03","2999-12-31"
"제증명수수료","","","","AQF00101","진료기록영상(CD)-PACS영상(COPY)","","5000","","","","","","2020-02-03","2999-12-31"
"제증명수수료","","","","AQF00401","진료기록영상(CD)-심혈관PACS영상(COPY)","","5000","","","","","","2020-02-03","2999-12-31"
"제증명수수료","","","","AQA02401","진료확인서","","3000","","","","","","2020-02-03","2999-12-31"
"제증명수수료","","","","AW400101","건강진단서","","20000","","","","","","2020-02-03","2999-12-31"
