상병코드,진료과,매핑_근거,환자수,진료과목_수
A04,치과,기존_최다진료과,44969.0,25.0
A08,내과,기존_최다진료과,43444.0,22.0
A09,내과,기존_최다진료과,436767.0,29.0
A15,내과,기존_최다진료과,14021.0,26.0
A16,내과,기존_최다진료과,12962.0,25.0
A18,내과,기존_최다진료과,3526.0,23.0
A31,내과,기존_최다진료과,26770.0,22.0
A41,내과,기존_최다진료과,28382.0,32.0
A42,내과,기존_최다진료과,420.0,17.0
A48,내과,기존_최다진료과,950.0,16.0
A49,내과,기존_최다진료과,10383.0,26.0
A52,내과,기존_최다진료과,1364.0,15.0
A53,내과,기존_최다진료과,4307.0,20.0
A60,산부인과,기존_최다진료과,11278.0,16.0
A63,산부인과,기존_최다진료과,17327.0,14.0
A64,내과,기존_최다진료과,3265.0,10.0
A75,응급의학과,기존_최다진료과,5439.0,17.0
A77,내과,기존_최다진료과,77.0,7.0
B00,피부과,기존_최다진료과,20611.0,34.0
B01,소아청소년과,기존_최다진료과,4182.0,19.0
B02,피부과,기존_최다진료과,33923.0,34.0
B07,피부과,기존_최다진료과,9388.0,25.0
B08,소아청소년과,기존_최다진료과,156309.0,21.0
B17,응급의학과,기존_최다진료과,12995.0,21.0
B18,내과,기존_최다진료과,251460.0,27.0
B24,내과,기존_최다진료과,13541.0,19.0
B30,안과,기존_최다진료과,3313.0,19.0
B34,내과,기존_최다진료과,53780.0,27.0
B35,피부과,기존_최다진료과,32763.0,28.0
B36,피부과,기존_최다진료과,6457.0,19.0
B37,산부인과,기존_최다진료과,111748.0,32.0
B41,한의과,기존_최다진료과,,
B49,일반검진,기존_최다진료과,4087.0,24.0
B66,내과,기존_최다진료과,827.0,19.0
B86,피부과,기존_최다진료과,5554.0,22.0
B89,내과,기존_최다진료과,306.0,13.0
B90,내과,기존_최다진료과,4009.0,16.0
B97,산부인과,기존_최다진료과,1263.0,9.0
C00,성형외과,기존_최다진료과,119.0,22.0
C01,한의과,기존_최다진료과,748.0,26.0
C02,호스피스완화의료센터,기존_최다진료과,3836.0,33.0
C03,치과,기존_최다진료과,775.0,33.0
C05,호스피스완화의료센터,기존_최다진료과,458.0,27.0
C06,방사선종양학과,기존_최다진료과,1282.0,34.0
C08,방사선종양학과,기존_최다진료과,1332.0,31.0
C09,방사선종양학과,기존_최다진료과,3058.0,27.0
C10,가정의학과,기존_최다진료과,953.0,27.0
C11,방사선종양학과,기존_최다진료과,2113.0,29.0
C13,방사선종양학과,기존_최다진료과,1583.0,26.0
C15,내과,기존_최다진료과,10215.0,32.0
C16,내과,기존_최다진료과,111694.0,34.0
C17,외과,기존_최다진료과,4114.0,26.0
C18,외과,기존_최다진료과,59213.0,31.0
C19,내과,기존_최다진료과,9987.0,29.0
C20,외과,기존_최다진료과,37198.0,30.0
C22,내과,기존_최다진료과,62163.0,34.0
C23,방사선종양학과,기존_최다진료과,5807.0,27.0
C24,내과,기존_최다진료과,12414.0,32.0
C25,내과,기존_최다진료과,21280.0,34.0
C31,치과,기존_최다진료과,753.0,27.0
C32,방사선종양학과,기존_최다진료과,7083.0,32.0
C34,내과,기존_최다진료과,84916.0,37.0
C37,방사선종양학과,기존_최다진료과,4571.0,29.0
C41,치과,기존_최다진료과,1428.0,30.0
C43,호스피스완화의료센터,기존_최다진료과,2384.0,30.0
C44,피부과,기존_최다진료과,12752.0,30.0
C45,호스피스완화의료센터,기존_최다진료과,505.0,21.0
C46,방사선종양학과,기존_최다진료과,204.0,21.0
C47,호스피스완화의료센터,기존_최다진료과,160.0,23.0
C49,성형외과,기존_최다진료과,4446.0,28.0
C50,외과,기존_최다진료과,210877.0,36.0
C53,호스피스완화의료센터,기존_최다진료과,22420.0,28.0
C54,호스피스완화의료센터,기존_최다진료과,22762.0,27.0
C56,호스피스완화의료센터,기존_최다진료과,21450.0,31.0
C61,비뇨의학과,기존_최다진료과,124175.0,31.0
C64,비뇨의학과,기존_최다진료과,38099.0,31.0
C65,비뇨의학과,기존_최다진료과,3613.0,24.0
C66,방사선종양학과,기존_최다진료과,4357.0,25.0
C67,비뇨의학과,기존_최다진료과,41120.0,29.0
C71,호스피스완화의료센터,기존_최다진료과,9101.0,30.0
C73,외과,기존_최다진료과,225826.0,31.0
C77,방사선종양학과,기존_최다진료과,3918.0,26.0
C78,방사선종양학과,기존_최다진료과,5951.0,28.0
C79,방사선종양학과,기존_최다진료과,11524.0,30.0
C82,호스피스완화의료센터,기존_최다진료과,4871.0,26.0
C83,방사선종양학과,기존_최다진료과,15876.0,30.0
C85,내과,기존_최다진료과,7193.0,28.0
C90,내과,기존_최다진료과,10709.0,31.0
C91,내과,기존_최다진료과,4651.0,31.0
C92,내과,기존_최다진료과,16463.0,32.0
D04,피부과,기존_최다진료과,3837.0,23.0
D05,외과,기존_최다진료과,45354.0,27.0
D09,비뇨의학과,기존_최다진료과,7959.0,24.0
D10,이비인후과,기존_최다진료과,14992.0,33.0
D11,이비인후과,기존_최다진료과,12253.0,30.0
D12,내과,기존_최다진료과,240029.0,27.0
D13,내과,기존_최다진료과,149230.0,30.0
D14,내과,기존_최다진료과,8515.0,29.0
D16,소아청소년과,기존_최다진료과,13044.0,34.0
D17,외과,기존_최다진료과,24808.0,27.0
D18,일반검진,기존_최다진료과,41565.0,33.0
D21,피부과,기존_최다진료과,17426.0,31.0
D22,성형외과,기존_최다진료과,18305.0,23.0
D23,피부과,기존_최다진료과,56933.0,27.0
D24,외과,기존_최다진료과,181280.0,26.0
D25,산부인과,기존_최다진료과,369814.0,28.0
D26,산부인과,기존_최다진료과,1983.0,17.0
D27,산부인과,기존_최다진료과,102504.0,25.0
D30,비뇨의학과,기존_최다진료과,18204.0,25.0
D32,신경외과,기존_최다진료과,37416.0,31.0
D34,외과,기존_최다진료과,62867.0,24.0
D35,내과,기존_최다진료과,53571.0,25.0
D37,내과,기존_최다진료과,21434.0,30.0
D38,내과,기존_최다진료과,2293.0,25.0
D39,산부인과,기존_최다진료과,8617.0,23.0
D41,비뇨의학과,기존_최다진료과,5073.0,22.0
D42,신경외과,기존_최다진료과,2419.0,23.0
D43,신경외과,기존_최다진료과,10270.0,25.0
D44,핵의학과,기존_최다진료과,4984.0,23.0
D45,내과,기존_최다진료과,4757.0,21.0
D46,내과,기존_최다진료과,7656.0,28.0
D47,내과,기존_최다진료과,18834.0,30.0
D50,내과,기존_최다진료과,49450.0,30.0
D53,내과,기존_최다진료과,3357.0,18.0
D61,내과,기존_최다진료과,8481.0,28.0
D64,내과,기존_최다진료과,70105.0,30.0
D68,내과,기존_최다진료과,5690.0,23.0
D69,내과,기존_최다진료과,27060.0,29.0
D70,내과,기존_최다진료과,12442.0,27.0
D72,내과,기존_최다진료과,13493.0,22.0
D75,내과,기존_최다진료과,10698.0,21.0
D87,한의과,기존_최다진료과,,
D89,내과,기존_최다진료과,2443.0,22.0
E02,내과,기존_최다진료과,6306.0,16.0
E03,내과,기존_최다진료과,224499.0,31.0
E04,내과,기존_최다진료과,198921.0,27.0
E05,내과,기존_최다진료과,131735.0,29.0
E06,내과,기존_최다진료과,56391.0,24.0
E07,내과,기존_최다진료과,27467.0,30.0
E10,내과,기존_최다진료과,22376.0,33.0
E11,내과,기존_최다진료과,1112199.0,38.0
E12,내과,기존_최다진료과,578.0,17.0
E13,내과,기존_최다진료과,12685.0,28.0
E14,안과,기존_최다진료과,153626.0,32.0
E16,내과,기존_최다진료과,9579.0,28.0
E20,핵의학과,기존_최다진료과,1497.0,17.0
E21,내과,기존_최다진료과,5466.0,20.0
E22,소아청소년과,기존_최다진료과,54382.0,25.0
E23,소아청소년과,기존_최다진료과,16923.0,23.0
E26,내과,기존_최다진료과,3954.0,19.0
E27,내과,기존_최다진료과,21136.0,24.0
E29,비뇨의학과,기존_최다진료과,2649.0,11.0
E30,소아청소년과,기존_최다진료과,149739.0,21.0
E34,소아청소년과,기존_최다진료과,44418.0,21.0
E35,내과,기존_최다진료과,398.0,17.0
E46,가정의학과,기존_최다진료과,928.0,21.0
E55,내과,기존_최다진료과,25281.0,31.0
E66,가정의학과,기존_최다진료과,4870.0,23.0
E78,내과,기존_최다진료과,479323.0,32.0
E79,내과,기존_최다진료과,5056.0,22.0
E83,핵의학과,기존_최다진료과,11846.0,30.0
E86,가정의학과,기존_최다진료과,15370.0,24.0
E87,내과,기존_최다진료과,34699.0,27.0
E89,핵의학과,기존_최다진료과,31356.0,22.0
F00,신경과,기존_최다진료과,212385.0,34.0
F01,신경과,기존_최다진료과,9762.0,29.0
F02,정신건강의학과,기존_최다진료과,1618.0,23.0
F03,신경과,기존_최다진료과,23686.0,29.0
F05,정신건강의학과,기존_최다진료과,5009.0,23.0
F06,정신건강의학과,기존_최다진료과,87072.0,30.0
F07,정신건강의학과,기존_최다진료과,1316.0,24.0
F09,정신건강의학과,기존_최다진료과,704.0,13.0
F10,정신건강의학과,기존_최다진료과,38318.0,25.0
F17,가정의학과,기존_최다진료과,595.0,10.0
F20,정신건강의학과,기존_최다진료과,72572.0,24.0
F22,정신건강의학과,기존_최다진료과,4410.0,17.0
F23,정신건강의학과,기존_최다진료과,2397.0,11.0
F25,정신건강의학과,기존_최다진료과,8070.0,16.0
F29,정신건강의학과,기존_최다진료과,12260.0,17.0
F31,정신건강의학과,기존_최다진료과,57556.0,25.0
F32,정신건강의학과,기존_최다진료과,128428.0,29.0
F33,정신건강의학과,기존_최다진료과,15667.0,21.0
F34,정신건강의학과,기존_최다진료과,50439.0,22.0
F39,정신건강의학과,기존_최다진료과,22460.0,20.0
F40,정신건강의학과,기존_최다진료과,25020.0,21.0
F41,정신건강의학과,기존_최다진료과,93310.0,30.0
F42,정신건강의학과,기존_최다진료과,7615.0,15.0
F43,정신건강의학과,기존_최다진료과,80503.0,24.0
F45,정신건강의학과,기존_최다진료과,18566.0,30.0
F48,가정의학과,기존_최다진료과,8230.0,28.0
F51,정신건강의학과,기존_최다진료과,35479.0,31.0
F52,비뇨의학과,기존_최다진료과,345.0,16.0
F60,정신건강의학과,기존_최다진료과,2591.0,12.0
F63,정신건강의학과,기존_최다진료과,3890.0,13.0
F66,수면다원검사과,기존_최다진료과,22.0,8.0
F70,정신건강의학과,기존_최다진료과,5549.0,15.0
F79,정신건강의학과,기존_최다진료과,3642.0,20.0
F99,정신건강의학과,기존_최다진료과,1059.0,12.0
G06,신경외과,기존_최다진료과,1660.0,20.0
G12,재활의학과,기존_최다진료과,3935.0,26.0
G19,한의과,기존_최다진료과,,
G20,신경과,기존_최다진료과,94757.0,33.0
G21,신경과,기존_최다진료과,6701.0,27.0
G22,신경과,기존_최다진료과,9694.0,23.0
G23,재활의학과,기존_최다진료과,3709.0,24.0
G24,치과,기존_최다진료과,13667.0,27.0
G25,신경과,기존_최다진료과,59280.0,25.0
G26,정신건강의학과,기존_최다진료과,117.0,11.0
G30,신경과,기존_최다진료과,41975.0,29.0
G31,신경과,기존_최다진료과,12079.0,24.0
G40,신경과,기존_최다진료과,86178.0,28.0
G43,신경과,기존_최다진료과,107340.0,32.0
G44,신경과,기존_최다진료과,142519.0,29.0
G45,신경과,기존_최다진료과,84659.0,24.0
G47,정신건강의학과,기존_최다진료과,60657.0,35.0
G50,마취통증의학과,기존_최다진료과,16590.0,36.0
G51,신경과,기존_최다진료과,39040.0,32.0
G53,피부과,기존_최다진료과,8220.0,26.0
G54,재활의학과,기존_최다진료과,2730.0,20.0
G55,신경외과,기존_최다진료과,6929.0,20.0
G56,정형외과,기존_최다진료과,58667.0,25.0
G57,재활의학과,기존_최다진료과,14830.0,24.0
G58,마취통증의학과,기존_최다진료과,1851.0,23.0
G60,재활의학과,기존_최다진료과,1800.0,21.0
G62,재활의학과,기존_최다진료과,25651.0,29.0
G63,재활의학과,기존_최다진료과,13571.0,25.0
G64,한의과,기존_최다진료과,4395.0,24.0
G71,재활의학과,기존_최다진료과,2153.0,28.0
G80,재활의학과,기존_최다진료과,7467.0,21.0
G81,재활의학과,기존_최다진료과,30129.0,32.0
G82,재활의학과,기존_최다진료과,13551.0,28.0
G83,재활의학과,기존_최다진료과,2099.0,22.0
G90,응급실,기존_최다진료과,3986.0,27.0
G95,재활의학과,기존_최다진료과,7572.0,27.0
G96,신경과,기존_최다진료과,2132.0,20.0
G98,신경과,기존_최다진료과,1470.0,17.0
H00,안과,기존_최다진료과,34328.0,26.0
H01,안과,기존_최다진료과,51734.0,26.0
H02,안과,기존_최다진료과,46874.0,26.0
H04,안과,기존_최다진료과,148107.0,29.0
H05,안과,기존_최다진료과,5596.0,24.0
H10,안과,기존_최다진료과,88861.0,28.0
H11,안과,기존_최다진료과,43719.0,27.0
H16,안과,기존_최다진료과,87941.0,29.0
H17,안과,기존_최다진료과,7388.0,14.0
H18,안과,기존_최다진료과,20464.0,21.0
H19,안과,기존_최다진료과,21003.0,22.0
H20,안과,기존_최다진료과,13747.0,18.0
H22,피부과,기존_최다진료과,373.0,7.0
H25,안과,기존_최다진료과,162110.0,22.0
H26,안과,기존_최다진료과,140824.0,22.0
H27,안과,기존_최다진료과,5030.0,12.0
H33,안과,기존_최다진료과,55407.0,16.0
H34,안과,기존_최다진료과,41852.0,21.0
H35,안과,기존_최다진료과,465625.0,27.0
H36,안과,기존_최다진료과,155068.0,22.0
H40,안과,기존_최다진료과,340682.0,27.0
H42,안과,기존_최다진료과,3980.0,8.0
H43,안과,기존_최다진료과,52716.0,17.0
H44,안과,기존_최다진료과,12024.0,18.0
H47,안과,기존_최다진료과,11017.0,18.0
H49,안과,기존_최다진료과,9103.0,19.0
H50,안과,기존_최다진료과,115404.0,20.0
H52,안과,기존_최다진료과,172598.0,20.0
H53,신경과,기존_최다진료과,54526.0,22.0
H54,안과,기존_최다진료과,3741.0,18.0
H60,이비인후과,기존_최다진료과,36115.0,24.0
H61,이비인후과,기존_최다진료과,20952.0,22.0
H62,이비인후과,기존_최다진료과,2920.0,17.0
H65,이비인후과,기존_최다진료과,32951.0,25.0
H66,이비인후과,기존_최다진료과,153310.0,26.0
H71,이비인후과,기존_최다진료과,10830.0,18.0
H81,이비인후과,기존_최다진료과,139782.0,32.0
H90,이비인후과,기존_최다진료과,103580.0,23.0
H91,이비인후과,기존_최다진료과,95055.0,22.0
H92,이비인후과,기존_최다진료과,21506.0,21.0
H93,이비인후과,기존_최다진료과,99741.0,27.0
I05,흉부외과,기존_최다진료과,8668.0,18.0
I06,흉부외과,기존_최다진료과,1078.0,14.0
I07,내과,기존_최다진료과,2432.0,12.0
I08,흉부외과,기존_최다진료과,1056.0,15.0
I10,내과,기존_최다진료과,817575.0,35.0
I11,내과,기존_최다진료과,219375.0,28.0
I12,내과,기존_최다진료과,10717.0,18.0
I20,내과,기존_최다진료과,581534.0,31.0
I21,내과,기존_최다진료과,128305.0,26.0
I25,내과,기존_최다진료과,242236.0,30.0
I26,내과,기존_최다진료과,18974.0,23.0
I27,내과,기존_최다진료과,3773.0,21.0
I31,내과,기존_최다진료과,7628.0,21.0
I34,흉부외과,기존_최다진료과,13033.0,19.0
I35,내과,기존_최다진료과,32485.0,24.0
I42,내과,기존_최다진료과,50941.0,27.0
I44,내과,기존_최다진료과,22417.0,24.0
I46,수면다원검사과,기존_최다진료과,18685.0,25.0
I47,내과,기존_최다진료과,37983.0,22.0
I48,내과,기존_최다진료과,247862.0,29.0
I49,내과,기존_최다진료과,98744.0,27.0
I50,내과,기존_최다진료과,132615.0,30.0
I51,내과,기존_최다진료과,31644.0,21.0
I60,신경외과,기존_최다진료과,32567.0,27.0
I61,재활의학과,기존_최다진료과,36364.0,30.0
I62,재활의학과,기존_최다진료과,6327.0,26.0
I63,신경과,기존_최다진료과,377940.0,34.0
I65,신경과,기존_최다진료과,71170.0,29.0
I66,신경과,기존_최다진료과,32283.0,24.0
I67,신경과,기존_최다진료과,212901.0,29.0
I69,신경과,기존_최다진료과,12030.0,29.0
I70,내과,기존_최다진료과,39809.0,25.0
I71,내과,기존_최다진료과,19937.0,26.0
I72,신경외과,기존_최다진료과,4999.0,23.0
I73,내과,기존_최다진료과,19587.0,25.0
I77,내과,기존_최다진료과,4832.0,19.0
I79,내과,기존_최다진료과,1640.0,19.0
I80,흉부외과,기존_최다진료과,9900.0,22.0
I83,외과,기존_최다진료과,44038.0,22.0
I86,외과,기존_최다진료과,6477.0,20.0
I87,외과,기존_최다진료과,20544.0,25.0
I88,이비인후과,기존_최다진료과,9843.0,25.0
I89,외과,기존_최다진료과,6099.0,28.0
I95,내과,기존_최다진료과,7609.0,22.0
J00,가정의학과,기존_최다진료과,185625.0,33.0
J01,이비인후과,기존_최다진료과,267892.0,35.0
J02,가정의학과,기존_최다진료과,391153.0,32.0
J03,소아청소년과,기존_최다진료과,310032.0,32.0
J04,이비인후과,기존_최다진료과,36960.0,28.0
J06,가정의학과,기존_최다진료과,236971.0,33.0
J07,한의과,기존_최다진료과,,
J09,소아청소년과,기존_최다진료과,6694.0,14.0
J10,소아청소년과,기존_최다진료과,244031.0,27.0
J11,소아청소년과,기존_최다진료과,72467.0,28.0
J12,내과,기존_최다진료과,37648.0,21.0
J15,소아청소년과,기존_최다진료과,29550.0,30.0
J18,내과,기존_최다진료과,248399.0,33.0
J20,소아청소년과,기존_최다진료과,1154173.0,31.0
J21,내과,기존_최다진료과,121263.0,26.0
J26,한의과,기존_최다진료과,,
J30,이비인후과,기존_최다진료과,385619.0,35.0
J31,이비인후과,기존_최다진료과,17257.0,30.0
J32,이비인후과,기존_최다진료과,87934.0,37.0
J33,이비인후과,기존_최다진료과,28598.0,27.0
J34,이비인후과,기존_최다진료과,112370.0,31.0
J35,이비인후과,기존_최다진료과,51876.0,27.0
J37,이비인후과,기존_최다진료과,60362.0,24.0
J38,이비인후과,기존_최다진료과,67352.0,26.0
J39,이비인후과,기존_최다진료과,46474.0,29.0
J40,내과,기존_최다진료과,303294.0,31.0
J41,내과,기존_최다진료과,9761.0,24.0
J42,내과,기존_최다진료과,45222.0,27.0
J43,내과,기존_최다진료과,21494.0,23.0
J44,내과,기존_최다진료과,146420.0,30.0
J45,내과,기존_최다진료과,207262.0,28.0
J47,내과,기존_최다진료과,69540.0,27.0
J69,내과,기존_최다진료과,16209.0,29.0
J82,내과,기존_최다진료과,7361.0,9.0
J84,내과,기존_최다진료과,49117.0,26.0
J86,내과,기존_최다진료과,2291.0,17.0
J90,입원전담의학과,기존_최다진료과,15664.0,26.0
J93,응급의학과,기존_최다진료과,14251.0,23.0
J96,내과,기존_최다진료과,9397.0,26.0
J98,내과,기존_최다진료과,153601.0,28.0
K00,치과,기존_최다진료과,52785.0,27.0
K01,치과,기존_최다진료과,124651.0,31.0
K02,치과,기존_최다진료과,202612.0,33.0
K03,치과,기존_최다진료과,65392.0,29.0
K04,치과,기존_최다진료과,160806.0,34.0
K05,치과,기존_최다진료과,620697.0,38.0
K06,치과,기존_최다진료과,3301.0,28.0
K07,치과,기존_최다진료과,55040.0,38.0
K08,치과,기존_최다진료과,58536.0,39.0
K09,치과,기존_최다진료과,9360.0,27.0
K10,치과,기존_최다진료과,9806.0,31.0
K11,이비인후과,기존_최다진료과,26938.0,34.0
K12,이비인후과,기존_최다진료과,27416.0,35.0
K13,치과,기존_최다진료과,6885.0,31.0
K14,이비인후과,기존_최다진료과,18534.0,34.0
K20,내과,기존_최다진료과,38210.0,26.0
K21,내과,기존_최다진료과,713881.0,36.0
K22,일반검진,기존_최다진료과,15879.0,24.0
K25,내과,기존_최다진료과,138627.0,32.0
K26,내과,기존_최다진료과,77117.0,26.0
K27,가정의학과,기존_최다진료과,12291.0,22.0
K28,일반검진,기존_최다진료과,766.0,16.0
K29,내과,기존_최다진료과,536721.0,39.0
K30,내과,기존_최다진료과,122466.0,33.0
K31,내과,기존_최다진료과,118742.0,25.0
K35,외과,기존_최다진료과,72950.0,26.0
K38,응급의학과,기존_최다진료과,1914.0,18.0
K40,외과,기존_최다진료과,43388.0,23.0
K50,응급실,기존_최다진료과,23324.0,24.0
K51,일반검진,기존_최다진료과,46130.0,25.0
K52,소아청소년과,기존_최다진료과,68517.0,26.0
K56,외과,기존_최다진료과,17235.0,26.0
K57,응급의학과,기존_최다진료과,30930.0,23.0
K58,내과,기존_최다진료과,194615.0,29.0
K59,내과,기존_최다진료과,258468.0,32.0
K60,외과,기존_최다진료과,41778.0,19.0
K61,외과,기존_최다진료과,18397.0,22.0
K62,내과,기존_최다진료과,32174.0,22.0
K63,내과,기존_최다진료과,491941.0,28.0
K64,외과,기존_최다진료과,163613.0,27.0
K70,내과,기존_최다진료과,65562.0,28.0
K71,내과,기존_최다진료과,16377.0,27.0
K72,응급의학과,기존_최다진료과,3802.0,21.0
K73,내과,기존_최다진료과,29282.0,26.0
K74,내과,기존_최다진료과,90657.0,31.0
K75,내과,기존_최다진료과,149437.0,29.0
K76,내과,기존_최다진료과,160562.0,30.0
K80,내과,기존_최다진료과,116287.0,30.0
K81,외과,기존_최다진료과,33164.0,26.0
K82,외과,기존_최다진료과,77055.0,24.0
K83,응급의학과,기존_최다진료과,34257.0,22.0
K85,입원전담의학과,기존_최다진료과,29599.0,25.0
K86,내과,기존_최다진료과,112940.0,26.0
K91,외과,기존_최다진료과,6032.0,24.0
K92,응급실,기존_최다진료과,100703.0,29.0
L02,외과,기존_최다진료과,24426.0,32.0
L03,정형외과,기존_최다진료과,87125.0,36.0
L04,소아청소년과,기존_최다진료과,12188.0,30.0
L08,피부과,기존_최다진료과,11320.0,24.0
L20,피부과,기존_최다진료과,36963.0,28.0
L21,피부과,기존_최다진료과,35359.0,28.0
L23,피부과,기존_최다진료과,26135.0,31.0
L24,피부과,기존_최다진료과,28322.0,23.0
L27,피부과,기존_최다진료과,6878.0,23.0
L28,피부과,기존_최다진료과,34272.0,28.0
L29,피부과,기존_최다진료과,12750.0,29.0
L30,피부과,기존_최다진료과,157023.0,30.0
L40,피부과,기존_최다진료과,34195.0,26.0
L41,피부과,기존_최다진료과,1820.0,15.0
L43,치과,기존_최다진료과,5331.0,23.0
L50,피부과,기존_최다진료과,152583.0,30.0
L52,내과,기존_최다진료과,1200.0,16.0
L57,피부과,기존_최다진료과,9675.0,20.0
L60,외과,기존_최다진료과,27377.0,22.0
L63,피부과,기존_최다진료과,16670.0,21.0
L64,피부과,기존_최다진료과,5447.0,23.0
L70,피부과,기존_최다진료과,7787.0,24.0
L72,외과,기존_최다진료과,42769.0,27.0
L73,피부과,기존_최다진료과,16862.0,20.0
L80,피부과,기존_최다진료과,11463.0,19.0
L82,피부과,기존_최다진료과,19279.0,24.0
L84,피부과,기존_최다진료과,7466.0,19.0
L85,피부과,기존_최다진료과,18561.0,28.0
L89,외과,기존_최다진료과,5447.0,30.0
L90,성형외과,기존_최다진료과,8854.0,25.0
L91,피부과,기존_최다진료과,9730.0,23.0
L95,외과,기존_최다진료과,2503.0,18.0
L97,성형외과,기존_최다진료과,571.0,14.0
L98,피부과,기존_최다진료과,16721.0,27.0
M05,내과,기존_최다진료과,100251.0,31.0
M06,내과,기존_최다진료과,28133.0,29.0
M07,내과,기존_최다진료과,2323.0,19.0
M10,내과,기존_최다진료과,90319.0,29.0
M12,내과,기존_최다진료과,6035.0,24.0
M13,정형외과,기존_최다진료과,128911.0,35.0
M15,정형외과,기존_최다진료과,37265.0,26.0
M16,정형외과,기존_최다진료과,41075.0,24.0
M17,정형외과,기존_최다진료과,818934.0,33.0
M19,정형외과,기존_최다진료과,401506.0,34.0
M20,정형외과,기존_최다진료과,43806.0,21.0
M21,정형외과,기존_최다진료과,31163.0,22.0
M22,한의과,기존_최다진료과,33078.0,22.0
M23,정형외과,기존_최다진료과,197278.0,30.0
M24,재활의학과,기존_최다진료과,56353.0,32.0
M25,재활의학과,기존_최다진료과,297474.0,36.0
M31,내과,기존_최다진료과,4230.0,19.0
M32,내과,기존_최다진료과,24551.0,28.0
M33,내과,기존_최다진료과,2881.0,26.0
M34,내과,기존_최다진료과,5356.0,22.0
M35,내과,기존_최다진료과,48356.0,33.0
M41,한의과,기존_최다진료과,28722.0,28.0
M42,한의과,기존_최다진료과,268.0,12.0
M43,정형외과,기존_최다진료과,98926.0,29.0
M45,응급실,기존_최다진료과,40342.0,29.0
M46,정형외과,기존_최다진료과,12032.0,27.0
M47,신경외과,기존_최다진료과,89026.0,28.0
M48,정형외과,기존_최다진료과,335533.0,33.0
M50,재활의학과,기존_최다진료과,200954.0,32.0
M51,재활의학과,기존_최다진료과,600968.0,34.0
M54,재활의학과,기존_최다진료과,378588.0,36.0
M60,치과,기존_최다진료과,5175.0,25.0
M62,한의과,기존_최다진료과,50138.0,37.0
M65,정형외과,기존_최다진료과,354332.0,28.0
M71,정형외과,기존_최다진료과,39083.0,26.0
M72,재활의학과,기존_최다진료과,76628.0,34.0
M75,정형외과,기존_최다진료과,660134.0,31.0
M76,한의과,기존_최다진료과,62900.0,27.0
M77,정형외과,기존_최다진료과,297823.0,33.0
M79,응급실,기존_최다진료과,169337.0,38.0
M80,내과,기존_최다진료과,12080.0,24.0
M81,정형외과,기존_최다진료과,126298.0,31.0
M84,핵의학과,기존_최다진료과,12163.0,25.0
M85,산부인과,기존_최다진료과,22615.0,30.0
M86,정형외과,기존_최다진료과,8198.0,30.0
M87,응급실,기존_최다진료과,31937.0,32.0
M89,마취통증의학과,기존_최다진료과,4510.0,28.0
M94,내과,기존_최다진료과,20669.0,22.0
M96,신경외과,기존_최다진료과,26911.0,24.0
M99,한의과,기존_최다진료과,33712.0,25.0
N02,내과,기존_최다진료과,24872.0,21.0
N03,내과,기존_최다진료과,11522.0,17.0
N04,내과,기존_최다진료과,9600.0,21.0
N05,내과,기존_최다진료과,9320.0,17.0
N10,내과,기존_최다진료과,52632.0,24.0
N13,비뇨의학과,기존_최다진료과,26944.0,24.0
N17,내과,기존_최다진료과,44935.0,27.0
N18,내과,기존_최다진료과,288038.0,34.0
N19,내과,기존_최다진료과,18932.0,24.0
N20,비뇨의학과,기존_최다진료과,130746.0,25.0
N21,비뇨의학과,기존_최다진료과,5269.0,24.0
N28,내과,기존_최다진료과,34754.0,25.0
N30,비뇨의학과,기존_최다진료과,132280.0,27.0
N31,비뇨의학과,기존_최다진료과,151223.0,28.0
N32,비뇨의학과,기존_최다진료과,50539.0,24.0
N34,비뇨의학과,기존_최다진료과,6078.0,21.0
N35,비뇨의학과,기존_최다진료과,3501.0,21.0
N39,비뇨의학과,기존_최다진료과,69638.0,29.0
N40,비뇨의학과,기존_최다진료과,475654.0,27.0
N41,비뇨의학과,기존_최다진료과,18124.0,21.0
N43,비뇨의학과,기존_최다진료과,8156.0,18.0
N45,비뇨의학과,기존_최다진료과,11875.0,20.0
N48,비뇨의학과,기존_최다진료과,9293.0,20.0
N49,비뇨의학과,기존_최다진료과,2251.0,18.0
N60,산부인과,기존_최다진료과,139897.0,24.0
N62,외과,기존_최다진료과,12129.0,20.0
N63,외과,기존_최다진료과,137668.0,24.0
N64,산부인과,기존_최다진료과,186018.0,24.0
N71,산부인과,기존_최다진료과,17266.0,16.0
N72,산부인과,기존_최다진료과,224356.0,16.0
N73,산부인과,기존_최다진료과,25638.0,19.0
N76,산부인과,기존_최다진료과,223720.0,23.0
N80,산부인과,기존_최다진료과,146792.0,26.0
N81,산부인과,기존_최다진료과,20312.0,21.0
N83,산부인과,기존_최다진료과,88965.0,24.0
N84,산부인과,기존_최다진료과,95037.0,20.0
N85,산부인과,기존_최다진료과,35219.0,23.0
N87,산부인과,기존_최다진료과,93035.0,22.0
N89,산부인과,기존_최다진료과,6198.0,15.0
N90,산부인과,기존_최다진료과,3474.0,14.0
N91,산부인과,기존_최다진료과,117931.0,22.0
N92,산부인과,기존_최다진료과,124266.0,22.0
N93,산부인과,기존_최다진료과,202281.0,21.0
N94,산부인과,기존_최다진료과,74217.0,26.0
N95,산부인과,기존_최다진료과,231813.0,27.0
P05,소아청소년과,기존_최다진료과,5474.0,17.0
Q21,흉부외과,기존_최다진료과,41830.0,24.0
Q23,흉부외과,기존_최다진료과,4319.0,22.0
Q27,내과,기존_최다진료과,1159.0,23.0
Q38,치과,기존_최다진료과,5986.0,28.0
Q61,내과,기존_최다진료과,12777.0,20.0
Q82,피부과,기존_최다진료과,4735.0,23.0
R00,내과,기존_최다진료과,108071.0,28.0
R03,가정의학과,기존_최다진료과,34526.0,25.0
R04,이비인후과,기존_최다진료과,26124.0,26.0
R05,내과,기존_최다진료과,231540.0,34.0
R06,내과,기존_최다진료과,125340.0,33.0
R07,내과,기존_최다진료과,399136.0,29.0
R09,내과,기존_최다진료과,31787.0,27.0
R10,응급실,기존_최다진료과,566643.0,32.0
R11,응급실,기존_최다진료과,63395.0,32.0
R12,가정의학과,기존_최다진료과,24797.0,30.0
R13,재활의학과,기존_최다진료과,7420.0,25.0
R15,외과,기존_최다진료과,9866.0,16.0
R19,가정의학과,기존_최다진료과,88201.0,34.0
R22,성형외과,기존_최다진료과,35512.0,31.0
R25,신경과,기존_최다진료과,54708.0,26.0
R26,재활의학과,기존_최다진료과,14163.0,24.0
R29,신경과,기존_최다진료과,7028.0,25.0
R30,응급실,기존_최다진료과,6658.0,23.0
R31,비뇨의학과,기존_최다진료과,87770.0,27.0
R32,비뇨의학과,기존_최다진료과,4389.0,19.0
R33,비뇨의학과,기존_최다진료과,10166.0,20.0
R35,비뇨의학과,기존_최다진료과,20698.0,24.0
R39,응급실,기존_최다진료과,7996.0,24.0
R40,응급의학과,기존_최다진료과,3588.0,25.0
R41,신경과,기존_최다진료과,32852.0,22.0
R42,신경과,기존_최다진료과,188752.0,30.0
R44,신경과,기존_최다진료과,4708.0,22.0
R47,재활의학과,기존_최다진료과,6990.0,25.0
R50,응급실,기존_최다진료과,277425.0,32.0
R51,신경과,기존_최다진료과,234839.0,36.0
R52,응급실,기존_최다진료과,42068.0,35.0
R53,가정의학과,기존_최다진료과,3411.0,28.0
R55,내과,기존_최다진료과,56628.0,28.0
R56,신경과,기존_최다진료과,27924.0,29.0
R59,내과,기존_최다진료과,13928.0,28.0
R60,내과,기존_최다진료과,60787.0,30.0
R61,한의과,기존_최다진료과,4591.0,20.0
R62,소아청소년과,기존_최다진료과,53289.0,24.0
R63,가정의학과,기존_최다진료과,26926.0,28.0
R68,산부인과,기존_최다진료과,24509.0,32.0
R69,내과,기존_최다진료과,3669.0,25.0
R73,내과,기존_최다진료과,98838.0,29.0
R74,내과,기존_최다진료과,7504.0,22.0
R76,내과,기존_최다진료과,16315.0,24.0
R79,내과,기존_최다진료과,32908.0,24.0
R80,내과,기존_최다진료과,50457.0,25.0
R82,내과,기존_최다진료과,14318.0,21.0
R87,산부인과,기존_최다진료과,48698.0,21.0
R89,내과,기존_최다진료과,6267.0,28.0
R91,내과,기존_최다진료과,247480.0,27.0
R92,외과,기존_최다진료과,48120.0,22.0
R93,내과,기존_최다진료과,55706.0,25.0
R94,내과,기존_최다진료과,207036.0,30.0
S00,신경외과,기존_최다진료과,64444.0,35.0
S01,응급실,기존_최다진료과,146088.0,38.0
S02,치과,기존_최다진료과,33561.0,37.0
S03,치과,기존_최다진료과,4295.0,36.0
S05,안과,기존_최다진료과,16895.0,23.0
S06,신경외과,기존_최다진료과,135902.0,36.0
S09,외과,기존_최다진료과,14953.0,30.0
S13,신경외과,기존_최다진료과,60382.0,31.0
S14,마취통증의학과,기존_최다진료과,3015.0,25.0
S20,외과,기존_최다진료과,28728.0,29.0
S22,신경외과,기존_최다진료과,99454.0,32.0
S23,외과,기존_최다진료과,63333.0,31.0
S30,재활의학과,기존_최다진료과,21369.0,28.0
S32,신경외과,기존_최다진료과,87101.0,33.0
S33,신경외과,기존_최다진료과,165595.0,34.0
S34,재활의학과,기존_최다진료과,379.0,12.0
S37,비뇨의학과,기존_최다진료과,1860.0,16.0
S42,정형외과,기존_최다진료과,88069.0,30.0
S43,정형외과,기존_최다진료과,98527.0,31.0
S44,마취통증의학과,기존_최다진료과,510.0,14.0
S46,정형외과,기존_최다진료과,45460.0,28.0
S50,외과,기존_최다진료과,28545.0,26.0
S52,정형외과,기존_최다진료과,155637.0,31.0
S53,재활의학과,기존_최다진료과,41943.0,27.0
S61,응급실,기존_최다진료과,182097.0,27.0
S62,정형외과,기존_최다진료과,137970.0,31.0
S63,재활의학과,기존_최다진료과,216975.0,29.0
S69,응급실,기존_최다진료과,5475.0,22.0
S70,응급의학과,기존_최다진료과,22855.0,25.0
S72,정형외과,기존_최다진료과,89699.0,32.0
S73,재활의학과,기존_최다진료과,31663.0,27.0
S80,응급실,기존_최다진료과,86741.0,29.0
S81,성형외과,기존_최다진료과,36216.0,24.0
S82,정형외과,기존_최다진료과,149470.0,32.0
S83,정형외과,기존_최다진료과,210889.0,31.0
S88,정형외과,기존_최다진료과,315.0,12.0
S92,정형외과,기존_최다진료과,153729.0,29.0
S93,재활의학과,기존_최다진료과,357766.0,33.0
S94,마취통증의학과,기존_최다진료과,419.0,15.0
S98,마취통증의학과,기존_최다진료과,294.0,11.0
S99,마취통증의학과,기존_최다진료과,2536.0,20.0
T00,외과,기존_최다진료과,15598.0,26.0
T14,응급실,기존_최다진료과,80852.0,36.0
T15,안과,기존_최다진료과,9801.0,17.0
T21,성형외과,기존_최다진료과,6244.0,20.0
T22,외과,기존_최다진료과,15317.0,21.0
T23,외과,기존_최다진료과,32562.0,23.0
T24,성형외과,기존_최다진료과,15660.0,22.0
T25,외과,기존_최다진료과,10369.0,21.0
T30,외과,기존_최다진료과,7295.0,25.0
T65,가정의학과,기존_최다진료과,1857.0,20.0
T81,응급실,기존_최다진료과,5345.0,34.0
T82,내과,기존_최다진료과,4010.0,19.0
T83,정형외과,기존_최다진료과,1096.0,16.0
T85,치과,기존_최다진료과,38060.0,32.0
T87,응급실,기존_최다진료과,475.0,18.0
T88,응급실,기존_최다진료과,11823.0,23.0
T90,신경외과,기존_최다진료과,307.0,15.0
T97,내과,기존_최다진료과,6.0,7.0
U07,내과,기존_최다진료과,429868.0,34.0
U08,내과,기존_최다진료과,360.0,17.0
U09,내과,기존_최다진료과,11711.0,27.0
U11,내과,기존_최다진료과,383.0,19.0
U12,신경외과,기존_최다진료과,25.0,10.0
U22,한의과,기존_최다진료과,,
U23,한의과,기존_최다진료과,,
U24,한의과,기존_최다진료과,,
U28,가정의학과,기존_최다진료과,,
U30,한의과,기존_최다진료과,,
U60,한의과,기존_최다진료과,,
U62,한의과,기존_최다진료과,,
U66,한의과,기존_최다진료과,,
U67,한의과,기존_최다진료과,,
U68,한의과,기존_최다진료과,,
U69,한의과,기존_최다진료과,,
U71,한의과,기존_최다진료과,,
U78,한의과,기존_최다진료과,,
V83,핵의학과,기존_최다진료과,,
Y59,내과,기존_최다진료과,,
Y83,응급실,기존_최다진료과,,
Z00,내과,기존_최다진료과,29008.0,28.0
Z01,산부인과,기존_최다진료과,18551.0,35.0
Z02,응급실,기존_최다진료과,128.0,16.0
Z03,정신건강의학과,기존_최다진료과,155796.0,34.0
Z04,치과,기존_최다진료과,31288.0,27.0
Z08,내과,기존_최다진료과,13543.0,25.0
Z10,내과,기존_최다진료과,161.0,14.0
Z11,내과,기존_최다진료과,616681.0,34.0
Z13,내과,기존_최다진료과,23052.0,24.0
Z20,내과,기존_최다진료과,90694.0,31.0
Z22,내과,기존_최다진료과,47585.0,26.0
Z23,소아청소년과,기존_최다진료과,52.0,13.0
Z24,내과,기존_최다진료과,63.0,11.0
Z25,소아청소년과,기존_최다진료과,557.0,20.0
Z26,내과,기존_최다진료과,2268.0,18.0
Z27,소아청소년과,기존_최다진료과,504.0,8.0
Z29,가정의학과,기존_최다진료과,13401.0,33.0
Z34,산부인과,기존_최다진료과,265022.0,26.0
Z38,소아청소년과,기존_최다진료과,39132.0,24.0
Z41,성형외과,기존_최다진료과,358.0,19.0
Z46,치과,기존_최다진료과,31868.0,35.0
Z47,정형외과,기존_최다진료과,60434.0,26.0
Z48,응급실,기존_최다진료과,10227.0,31.0
Z49,내과,기존_최다진료과,2656.0,20.0
Z50,재활의학과,기존_최다진료과,7171.0,20.0
Z51,응급실,기존_최다진료과,48705.0,27.0
Z71,응급실,기존_최다진료과,12240.0,26.0
Z90,이비인후과,기존_최다진료과,3247.0,21.0
Z93,외과,기존_최다진료과,2795.0,25.0
Z94,내과,기존_최다진료과,26788.0,27.0
Z95,내과,기존_최다진료과,36903.0,21.0
Z96,안과,기존_최다진료과,74252.0,30.0
Z97,치과,기존_최다진료과,1073.0,24.0
T39,응급의학과,환자수_최다진료과,712.0,7.0
A99,내과,환자수_최다진료과,12.0,4.0
A22,소아청소년과,환자수_최다진료과,2.0,5.0
T17,응급의학과,환자수_최다진료과,17585.0,25.0
E58,내과,환자수_최다진료과,1365.0,16.0
Z64,산부인과,환자수_최다진료과,11.0,6.0
J61,직업환경의학과,환자수_최다진료과,589.0,10.0
E67,소아청소년과,환자수_최다진료과,117.0,9.0
R45,응급의학과,환자수_최다진료과,3534.0,20.0
B05,내과,환자수_최다진료과,20.0,8.0
A89,신경외과,환자수_최다진료과,3.0,4.0
E43,내과,환자수_최다진료과,84.0,14.0
O92,산부인과,환자수_최다진료과,1146.0,11.0
U82,내과,환자수_최다진료과,881.0,23.0
G36,신경과,환자수_최다진료과,2199.0,20.0
D56,내과,환자수_최다진료과,216.0,9.0
L51,피부과,환자수_최다진료과,2007.0,21.0
N96,산부인과,환자수_최다진료과,1882.0,9.0
G04,신경과,환자수_최다진료과,3295.0,20.0
L94,피부과,환자수_최다진료과,1555.0,19.0
F91,정신건강의학과,환자수_최다진료과,1148.0,12.0
F28,정신건강의학과,환자수_최다진료과,2458.0,12.0
B38,내과,환자수_최다진료과,6.0,1.0
Z82,산부인과,환자수_최다진료과,131.0,13.0
T60,응급의학과,환자수_최다진료과,1581.0,21.0
O08,산부인과,환자수_최다진료과,726.0,4.0
I01,내과,환자수_최다진료과,28.0,7.0
S15,신경외과,환자수_최다진료과,66.0,15.0
E64,내과,환자수_최다진료과,17.0,8.0
H58,안과,환자수_최다진료과,427.0,12.0
S40,정형외과,환자수_최다진료과,21510.0,24.0
M91,정형외과,환자수_최다진료과,1470.0,11.0
R46,정신건강의학과,환자수_최다진료과,288.0,17.0
Q86,내과,환자수_최다진료과,11.0,5.0
F68,정신건강의학과,환자수_최다진료과,543.0,8.0
G09,신경과,환자수_최다진료과,3.0,5.0
A17,신경과,환자수_최다진료과,302.0,20.0
N29,비뇨의학과,환자수_최다진료과,129.0,12.0
T43,응급의학과,환자수_최다진료과,786.0,13.0
R18,내과,환자수_최다진료과,2272.0,18.0
K23,내과,환자수_최다진료과,235.0,13.0
B56,정신건강의학과,환자수_최다진료과,7.0,7.0
I99,내과,환자수_최다진료과,11097.0,20.0
J94,내과,환자수_최다진료과,1266.0,16.0
P11,소아청소년과,환자수_최다진료과,13.0,6.0
O31,산부인과,환자수_최다진료과,256.0,5.0
F44,정신건강의학과,환자수_최다진료과,579.0,14.0
S28,흉부외과,환자수_최다진료과,19.0,4.0
B99,응급의학과,환자수_최다진료과,1232.0,17.0
L92,피부과,환자수_최다진료과,1821.0,20.0
E63,내과,환자수_최다진료과,1544.0,22.0
P51,소아청소년과,환자수_최다진료과,77.0,2.0
K41,외과,환자수_최다진료과,549.0,12.0
F93,정신건강의학과,환자수_최다진료과,1292.0,7.0
D62,내과,환자수_최다진료과,246.0,13.0
H59,안과,환자수_최다진료과,702.0,16.0
H75,이비인후과,환자수_최다진료과,1249.0,5.0
Q34,내과,환자수_최다진료과,105.0,15.0
S36,외과,환자수_최다진료과,2386.0,21.0
T46,응급의학과,환자수_최다진료과,187.0,9.0
N22,응급의학과,환자수_최다진료과,190.0,9.0
C12,이비인후과,환자수_최다진료과,356.0,20.0
K42,외과,환자수_최다진료과,5337.0,18.0
F78,정신건강의학과,환자수_최다진료과,708.0,12.0
S26,흉부외과,환자수_최다진료과,40.0,8.0
A27,내과,환자수_최다진료과,16.0,4.0
N61,외과,환자수_최다진료과,5323.0,19.0
M67,정형외과,환자수_최다진료과,87604.0,23.0
O99,산부인과,환자수_최다진료과,23146.0,23.0
M49,정형외과,환자수_최다진료과,1826.0,19.0
S31,응급의학과,환자수_최다진료과,2366.0,22.0
T93,정형외과,환자수_최다진료과,357.0,14.0
K45,외과,환자수_최다진료과,341.0,16.0
S55,정형외과,환자수_최다진료과,291.0,11.0
N11,내과,환자수_최다진료과,973.0,15.0
L05,소아청소년과,환자수_최다진료과,4594.0,18.0
O33,산부인과,환자수_최다진료과,28920.0,14.0
M14,정형외과,환자수_최다진료과,429.0,14.0
E15,응급의학과,환자수_최다진료과,211.0,16.0
S18,정형외과,환자수_최다진료과,1.0,1.0
L74,소아청소년과,환자수_최다진료과,2653.0,18.0
P21,소아청소년과,환자수_최다진료과,202.0,16.0
P35,소아청소년과,환자수_최다진료과,121.0,13.0
E61,내과,환자수_최다진료과,797.0,18.0
S78,재활의학과,환자수_최다진료과,137.0,11.0
F65,정신건강의학과,환자수_최다진료과,180.0,3.0
H30,안과,환자수_최다진료과,2947.0,11.0
P28,소아청소년과,환자수_최다진료과,1686.0,18.0
S54,정형외과,환자수_최다진료과,1649.0,16.0
J95,이비인후과,환자수_최다진료과,386.0,16.0
S04,안과,환자수_최다진료과,574.0,23.0
E45,소아청소년과,환자수_최다진료과,16.0,4.0
Q60,소아청소년과,환자수_최다진료과,669.0,13.0
T96,내과,환자수_최다진료과,6.0,3.0
Q72,정형외과,환자수_최다진료과,533.0,8.0
Q68,재활의학과,환자수_최다진료과,2632.0,16.0
E54,내과,환자수_최다진료과,52.0,13.0
M92,정형외과,환자수_최다진료과,10441.0,18.0
F82,재활의학과,환자수_최다진료과,121.0,9.0
P02,소아청소년과,환자수_최다진료과,46.0,6.0
K93,내과,환자수_최다진료과,1522.0,11.0
E60,비뇨의학과,환자수_최다진료과,43.0,8.0
J85,내과,환자수_최다진료과,4015.0,20.0
M70,정형외과,환자수_최다진료과,24698.0,22.0
D74,응급의학과,환자수_최다진료과,25.0,3.0
O73,산부인과,환자수_최다진료과,197.0,4.0
C97,내과,환자수_최다진료과,20.0,10.0
D57,내과,환자수_최다진료과,11.0,6.0
L58,피부과,환자수_최다진료과,175.0,12.0
O40,산부인과,환자수_최다진료과,515.0,5.0
C96,소아청소년과,환자수_최다진료과,726.0,27.0
O44,산부인과,환자수_최다진료과,3361.0,6.0
J70,내과,환자수_최다진료과,1009.0,14.0
S47,정형외과,환자수_최다진료과,63.0,10.0
L10,피부과,환자수_최다진료과,1148.0,23.0
A88,소아청소년과,환자수_최다진료과,280.0,7.0
L13,피부과,환자수_최다진료과,925.0,23.0
B69,신경과,환자수_최다진료과,84.0,14.0
B42,피부과,환자수_최다진료과,18.0,2.0
B92,피부과,환자수_최다진료과,7.0,2.0
I28,내과,환자수_최다진료과,494.0,14.0
J62,내과,환자수_최다진료과,227.0,10.0
Q28,신경외과,환자수_최다진료과,8300.0,21.0
B53,내과,환자수_최다진료과,27.0,3.0
L56,피부과,환자수_최다진료과,1364.0,20.0
E42,정신건강의학과,환자수_최다진료과,12.0,5.0
B48,내과,환자수_최다진료과,800.0,16.0
Q00,산부인과,환자수_최다진료과,2.0,2.0
F73,정신건강의학과,환자수_최다진료과,220.0,9.0
P36,소아청소년과,환자수_최다진료과,1090.0,10.0
I43,내과,환자수_최다진료과,161.0,12.0
F84,정신건강의학과,환자수_최다진료과,17386.0,21.0
O29,마취통증의학과,환자수_최다진료과,3.0,4.0
R84,내과,환자수_최다진료과,2896.0,13.0
D65,내과,환자수_최다진료과,245.0,15.0
Z63,정신건강의학과,환자수_최다진료과,452.0,9.0
S79,정형외과,환자수_최다진료과,452.0,13.0
B98,내과,환자수_최다진료과,21201.0,19.0
T04,정형외과,환자수_최다진료과,57.0,9.0
E28,산부인과,환자수_최다진료과,30794.0,21.0
C04,이비인후과,환자수_최다진료과,329.0,25.0
D86,내과,환자수_최다진료과,3727.0,22.0
T80,내과,환자수_최다진료과,294.0,18.0
H94,이비인후과,환자수_최다진료과,18.0,7.0
H70,이비인후과,환자수_최다진료과,602.0,13.0
A55,외과,환자수_최다진료과,13.0,7.0
B51,내과,환자수_최다진료과,301.0,6.0
B87,산부인과,환자수_최다진료과,2.0,10.0
G72,신경과,환자수_최다진료과,1596.0,17.0
T32,외과,환자수_최다진료과,1.0,1.0
S86,정형외과,환자수_최다진료과,32489.0,25.0
O70,산부인과,환자수_최다진료과,462.0,4.0
C81,내과,환자수_최다진료과,2093.0,25.0
I24,내과,환자수_최다진료과,1762.0,17.0
G01,신경과,환자수_최다진료과,31.0,6.0
T75,응급의학과,환자수_최다진료과,1028.0,17.0
P52,소아청소년과,환자수_최다진료과,391.0,12.0
E84,소아청소년과,환자수_최다진료과,22.0,14.0
A98,내과,환자수_최다진료과,129.0,6.0
H68,이비인후과,환자수_최다진료과,2732.0,12.0
B45,내과,환자수_최다진료과,278.0,10.0
P74,소아청소년과,환자수_최다진료과,574.0,5.0
P59,소아청소년과,환자수_최다진료과,19069.0,17.0
L12,피부과,환자수_최다진료과,2261.0,25.0
I23,내과,환자수_최다진료과,136.0,11.0
Q43,외과,환자수_최다진료과,1518.0,20.0
T12,정형외과,환자수_최다진료과,53.0,10.0
T42,응급의학과,환자수_최다진료과,3704.0,19.0
B95,내과,환자수_최다진료과,47.0,13.0
P95,산부인과,환자수_최다진료과,39.0,2.0
P81,소아청소년과,환자수_최다진료과,211.0,5.0
Q51,산부인과,환자수_최다진료과,1591.0,14.0
R96,응급의학과,환자수_최다진료과,94.0,5.0
H46,안과,환자수_최다진료과,6004.0,17.0
S39,응급의학과,환자수_최다진료과,670.0,16.0
G03,신경과,환자수_최다진료과,2247.0,18.0
O47,산부인과,환자수_최다진료과,7472.0,6.0
S97,정형외과,환자수_최다진료과,1903.0,15.0
F30,정신건강의학과,환자수_최다진료과,959.0,14.0
O00,산부인과,환자수_최다진료과,5885.0,9.0
B85,피부과,환자수_최다진료과,85.0,8.0
O95,산부인과,환자수_최다진료과,1.0,1.0
S38,정형외과,환자수_최다진료과,35.0,6.0
E68,내과,환자수_최다진료과,1.0,1.0
Z54,산부인과,환자수_최다진료과,6432.0,23.0
F59,정신건강의학과,환자수_최다진료과,11.0,8.0
C88,내과,환자수_최다진료과,8792.0,29.0
Q22,소아청소년과,환자수_최다진료과,2990.0,22.0
Z53,내과,환자수_최다진료과,2385.0,19.0
O02,산부인과,환자수_최다진료과,22671.0,10.0
E56,내과,환자수_최다진료과,1531.0,21.0
C80,내과,환자수_최다진료과,2292.0,28.0
R71,내과,환자수_최다진료과,379.0,6.0
A58,외과,환자수_최다진료과,20.0,9.0
U99,외과,환자수_최다진료과,6.0,5.0
Q30,성형외과,환자수_최다진료과,329.0,9.0
T31,외과,환자수_최다진료과,6296.0,14.0
O24,산부인과,환자수_최다진료과,16241.0,13.0
D19,흉부외과,환자수_최다진료과,42.0,10.0
P70,소아청소년과,환자수_최다진료과,1324.0,11.0
Z32,산부인과,환자수_최다진료과,31610.0,16.0
K65,외과,환자수_최다진료과,5555.0,21.0
B15,내과,환자수_최다진료과,921.0,12.0
P08,소아청소년과,환자수_최다진료과,399.0,7.0
T29,응급의학과,환자수_최다진료과,192.0,16.0
O35,산부인과,환자수_최다진료과,3566.0,16.0
N88,산부인과,환자수_최다진료과,3996.0,13.0
C74,내과,환자수_최다진료과,1677.0,25.0
Z60,정신건강의학과,환자수_최다진료과,20.0,3.0
Q54,비뇨의학과,환자수_최다진료과,2019.0,15.0
Q55,비뇨의학과,환자수_최다진료과,6876.0,12.0
C14,이비인후과,환자수_최다진료과,61.0,18.0
Z86,내과,환자수_최다진료과,537.0,14.0
K43,외과,환자수_최다진료과,6047.0,20.0
S24,재활의학과,환자수_최다진료과,499.0,16.0
A37,소아청소년과,환자수_최다진료과,328.0,7.0
A24,내과,환자수_최다진료과,9.0,5.0
O65,산부인과,환자수_최다진료과,8148.0,5.0
D60,내과,환자수_최다진료과,300.0,12.0
P24,소아청소년과,환자수_최다진료과,1299.0,14.0
K87,내과,환자수_최다진료과,2345.0,14.0
G91,신경외과,환자수_최다진료과,8044.0,25.0
O06,산부인과,환자수_최다진료과,955.0,3.0
Z84,소아청소년과,환자수_최다진료과,38.0,9.0
Z89,재활의학과,환자수_최다진료과,185.0,13.0
M61,정형외과,환자수_최다진료과,2718.0,25.0
G97,신경과,환자수_최다진료과,241.0,19.0
G70,신경과,환자수_최다진료과,8019.0,27.0
Q85,소아청소년과,환자수_최다진료과,4212.0,27.0
Z09,내과,환자수_최다진료과,6952.0,26.0
F98,정신건강의학과,환자수_최다진료과,1454.0,18.0
R23,피부과,환자수_최다진료과,2340.0,21.0
M00,정형외과,환자수_최다진료과,11889.0,21.0
O12,산부인과,환자수_최다진료과,4041.0,6.0
S60,정형외과,환자수_최다진료과,85864.0,26.0
E52,피부과,환자수_최다진료과,3.0,3.0
T18,응급의학과,환자수_최다진료과,8768.0,27.0
F19,응급의학과,환자수_최다진료과,1816.0,11.0
H74,이비인후과,환자수_최다진료과,4197.0,14.0
Q53,비뇨의학과,환자수_최다진료과,4226.0,17.0
K37,외과,환자수_최다진료과,2472.0,19.0
Q81,피부과,환자수_최다진료과,93.0,14.0
F81,정신건강의학과,환자수_최다진료과,265.0,5.0
B33,피부과,환자수_최다진료과,413.0,14.0
L11,피부과,환자수_최다진료과,74.0,7.0
P00,소아청소년과,환자수_최다진료과,1510.0,14.0
O83,산부인과,환자수_최다진료과,7661.0,4.0
O90,산부인과,환자수_최다진료과,3899.0,12.0
C39,내과,환자수_최다진료과,23.0,15.0
I32,내과,환자수_최다진료과,196.0,9.0
A32,내과,환자수_최다진료과,26.0,9.0
Z33,산부인과,환자수_최다진료과,5917.0,21.0
S84,정형외과,환자수_최다진료과,640.0,14.0
D03,피부과,환자수_최다진료과,764.0,23.0
E76,소아청소년과,환자수_최다진료과,166.0,19.0
R90,신경과,환자수_최다진료과,3557.0,19.0
Q02,소아청소년과,환자수_최다진료과,452.0,14.0
R98,응급의학과,환자수_최다진료과,841.0,3.0
R72,내과,환자수_최다진료과,2873.0,16.0
N14,내과,환자수_최다진료과,66.0,8.0
K90,가정의학과,환자수_최다진료과,994.0,12.0
O42,산부인과,환자수_최다진료과,6556.0,11.0
A74,산부인과,환자수_최다진료과,890.0,9.0
N46,산부인과,환자수_최다진료과,24470.0,11.0
O61,산부인과,환자수_최다진료과,2196.0,5.0
R36,비뇨의학과,환자수_최다진료과,120.0,10.0
S91,정형외과,환자수_최다진료과,35970.0,25.0
Z44,안과,환자수_최다진료과,205.0,11.0
E25,소아청소년과,환자수_최다진료과,767.0,18.0
G00,신경과,환자수_최다진료과,266.0,16.0
N99,산부인과,환자수_최다진료과,982.0,13.0
H57,안과,환자수_최다진료과,17749.0,25.0
A50,소아청소년과,환자수_최다진료과,63.0,13.0
B71,내과,환자수_최다진료과,18.0,3.0
R78,내과,환자수_최다진료과,97.0,15.0
P75,외과,환자수_최다진료과,4.0,2.0
Q50,산부인과,환자수_최다진료과,362.0,9.0
Z65,정신건강의학과,환자수_최다진료과,45.0,7.0
E74,소아청소년과,환자수_최다진료과,503.0,17.0
O14,산부인과,환자수_최다진료과,2401.0,11.0
T02,정형외과,환자수_최다진료과,70.0,10.0
S35,외과,환자수_최다진료과,276.0,16.0
P15,소아청소년과,환자수_최다진료과,34.0,8.0
U84,내과,환자수_최다진료과,120.0,12.0
B77,내과,환자수_최다진료과,16.0,6.0
S66,정형외과,환자수_최다진료과,38144.0,23.0
Q70,정형외과,환자수_최다진료과,763.0,10.0
S12,신경외과,환자수_최다진료과,2481.0,22.0
Q12,안과,환자수_최다진료과,897.0,11.0
P25,소아청소년과,환자수_최다진료과,204.0,8.0
B82,내과,환자수_최다진료과,39.0,5.0
E44,내과,환자수_최다진료과,345.0,15.0
N12,내과,환자수_최다진료과,3083.0,18.0
R65,내과,환자수_최다진료과,220.0,11.0
H15,안과,환자수_최다진료과,4991.0,14.0
O91,산부인과,환자수_최다진료과,2039.0,9.0
E77,소아청소년과,환자수_최다진료과,42.0,16.0
B73,안과,환자수_최다진료과,28.0,2.0
F94,정신건강의학과,환자수_최다진료과,760.0,6.0
B23,내과,환자수_최다진료과,409.0,13.0
T28,외과,환자수_최다진료과,115.0,14.0
C26,내과,환자수_최다진료과,653.0,21.0
P54,소아청소년과,환자수_최다진료과,239.0,6.0
S29,흉부외과,환자수_최다진료과,704.0,13.0
N36,비뇨의학과,환자수_최다진료과,3455.0,16.0
O74,내과,환자수_최다진료과,3.0,5.0
D01,내과,환자수_최다진료과,19635.0,29.0
O46,산부인과,환자수_최다진료과,2744.0,2.0
T13,정형외과,환자수_최다진료과,1551.0,21.0
G73,신경과,환자수_최다진료과,157.0,17.0
A56,산부인과,환자수_최다진료과,3345.0,10.0
I09,내과,환자수_최다진료과,253.0,10.0
F62,정신건강의학과,환자수_최다진료과,17.0,9.0
P50,소아청소년과,환자수_최다진료과,7.0,2.0
B67,내과,환자수_최다진료과,8.0,4.0
H72,이비인후과,환자수_최다진료과,5428.0,14.0
Q76,소아청소년과,환자수_최다진료과,1907.0,19.0
B44,내과,환자수_최다진료과,2899.0,22.0
F13,응급의학과,환자수_최다진료과,1130.0,13.0
F16,정신건강의학과,환자수_최다진료과,197.0,5.0
T73,가정의학과,환자수_최다진료과,272.0,13.0
M08,소아청소년과,환자수_최다진료과,1880.0,23.0
H51,안과,환자수_최다진료과,612.0,12.0
S56,정형외과,환자수_최다진료과,7358.0,20.0
A82,내과,환자수_최다진료과,5.0,3.0
Q96,산부인과,환자수_최다진료과,1330.0,23.0
O72,산부인과,환자수_최다진료과,2374.0,10.0
R99,응급의학과,환자수_최다진료과,3404.0,13.0
Q25,소아청소년과,환자수_최다진료과,6588.0,20.0
T11,응급의학과,환자수_최다진료과,469.0,18.0
S90,정형외과,환자수_최다진료과,85641.0,30.0
A84,내과,환자수_최다진료과,2.0,2.0
D36,정형외과,환자수_최다진료과,4557.0,27.0
E80,내과,환자수_최다진료과,2582.0,17.0
F53,정신건강의학과,환자수_최다진료과,161.0,6.0
I68,신경외과,환자수_최다진료과,1762.0,14.0
C75,내과,환자수_최다진료과,669.0,23.0
H67,이비인후과,환자수_최다진료과,476.0,18.0
R43,이비인후과,환자수_최다진료과,9099.0,24.0
Q06,소아청소년과,환자수_최다진료과,1041.0,15.0
Q52,산부인과,환자수_최다진료과,934.0,10.0
A43,내과,환자수_최다진료과,33.0,2.0
Q79,소아청소년과,환자수_최다진료과,516.0,23.0
O28,산부인과,환자수_최다진료과,2590.0,7.0
Z28,소아청소년과,환자수_최다진료과,4.0,5.0
N74,산부인과,환자수_최다진료과,1317.0,9.0
C60,비뇨의학과,환자수_최다진료과,257.0,17.0
S74,재활의학과,환자수_최다진료과,126.0,12.0
L45,피부과,환자수_최다진료과,304.0,3.0
D20,외과,환자수_최다진료과,1128.0,17.0
L87,피부과,환자수_최다진료과,324.0,8.0
A46,피부과,환자수_최다진료과,419.0,16.0
C51,산부인과,환자수_최다진료과,725.0,23.0
T92,정형외과,환자수_최다진료과,255.0,13.0
G59,내과,환자수_최다진료과,380.0,16.0
Q77,정형외과,환자수_최다진료과,542.0,24.0
T19,산부인과,환자수_최다진료과,1724.0,13.0
Q24,내과,환자수_최다진료과,3112.0,18.0
O23,산부인과,환자수_최다진료과,6293.0,9.0
B46,내과,환자수_최다진료과,54.0,14.0
F12,정신건강의학과,환자수_최다진료과,83.0,4.0
O87,산부인과,환자수_최다진료과,134.0,6.0
Q45,내과,환자수_최다진료과,605.0,10.0
M95,흉부외과,환자수_최다진료과,1473.0,22.0
T36,응급의학과,환자수_최다진료과,21.0,5.0
Z56,가정의학과,환자수_최다진료과,20.0,7.0
L68,소아청소년과,환자수_최다진료과,7.0,6.0
T50,응급의학과,환자수_최다진료과,5418.0,19.0
H80,이비인후과,환자수_최다진료과,478.0,6.0
S19,응급의학과,환자수_최다진료과,160.0,16.0
F90,정신건강의학과,환자수_최다진료과,36916.0,22.0
S87,정형외과,환자수_최다진료과,850.0,14.0
Z75,응급의학과,환자수_최다진료과,1860.0,19.0
R75,내과,환자수_최다진료과,17.0,7.0
H03,안과,환자수_최다진료과,732.0,16.0
B06,내과,환자수_최다진료과,24.0,4.0
T66,내과,환자수_최다진료과,28.0,19.0
G94,신경과,환자수_최다진료과,81.0,15.0
O03,산부인과,환자수_최다진료과,5362.0,8.0
P27,소아청소년과,환자수_최다진료과,769.0,13.0
Q91,소아청소년과,환자수_최다진료과,54.0,15.0
D59,내과,환자수_최다진료과,1948.0,23.0
Z55,정신건강의학과,환자수_최다진료과,14.0,4.0
S68,정형외과,환자수_최다진료과,7229.0,17.0
S27,흉부외과,환자수_최다진료과,2559.0,19.0
A23,내과,환자수_최다진료과,8.0,1.0
E24,내과,환자수_최다진료과,3961.0,21.0
O41,산부인과,환자수_최다진료과,1604.0,9.0
O63,산부인과,환자수_최다진료과,1547.0,1.0
A97,내과,환자수_최다진료과,163.0,7.0
O45,산부인과,환자수_최다진료과,494.0,5.0
E50,내과,환자수_최다진료과,2988.0,29.0
O22,산부인과,환자수_최다진료과,2657.0,9.0
A57,산부인과,환자수_최다진료과,18.0,6.0
R21,응급의학과,환자수_최다진료과,14873.0,26.0
N26,내과,환자수_최다진료과,617.0,9.0
U10,소아청소년과,환자수_최다진료과,237.0,13.0
S85,정형외과,환자수_최다진료과,170.0,12.0
O80,산부인과,환자수_최다진료과,35962.0,12.0
T01,응급의학과,환자수_최다진료과,1479.0,22.0
J67,내과,환자수_최다진료과,612.0,14.0
L54,피부과,환자수_최다진료과,4.0,5.0
Q97,소아청소년과,환자수_최다진료과,64.0,8.0
J16,소아청소년과,환자수_최다진료과,1146.0,18.0
O68,산부인과,환자수_최다진료과,3276.0,7.0
N00,내과,환자수_최다진료과,764.0,17.0
F11,정신건강의학과,환자수_최다진료과,191.0,7.0
I74,외과,환자수_최다진료과,1557.0,20.0
P78,소아청소년과,환자수_최다진료과,674.0,11.0
H21,안과,환자수_최다진료과,1957.0,15.0
O21,산부인과,환자수_최다진료과,10066.0,14.0
L81,피부과,환자수_최다진료과,13958.0,27.0
I00,정형외과,환자수_최다진료과,170.0,19.0
Z70,비뇨의학과,환자수_최다진료과,34.0,10.0
T26,응급의학과,환자수_최다진료과,1113.0,14.0
B55,내과,환자수_최다진료과,5.0,2.0
Z98,산부인과,환자수_최다진료과,24081.0,30.0
F72,정신건강의학과,환자수_최다진료과,1095.0,15.0
S76,정형외과,환자수_최다진료과,14573.0,21.0
B21,내과,환자수_최다진료과,24.0,4.0
P80,소아청소년과,환자수_최다진료과,39.0,9.0
D31,안과,환자수_최다진료과,4818.0,19.0
A51,비뇨의학과,환자수_최다진료과,802.0,17.0
C55,산부인과,환자수_최다진료과,1208.0,22.0
O62,산부인과,환자수_최다진료과,725.0,5.0
S07,정형외과,환자수_최다진료과,86.0,14.0
R17,내과,환자수_최다진료과,6447.0,22.0
Q40,외과,환자수_최다진료과,364.0,14.0
S48,정형외과,환자수_최다진료과,63.0,9.0
T79,정형외과,환자수_최다진료과,1312.0,23.0
Q67,흉부외과,환자수_최다진료과,4583.0,27.0
R77,내과,환자수_최다진료과,4423.0,16.0
K77,내과,환자수_최다진료과,1033.0,16.0
I02,내과,환자수_최다진료과,6.0,2.0
T37,응급의학과,환자수_최다진료과,10.0,5.0
D66,소아청소년과,환자수_최다진료과,595.0,23.0
O10,산부인과,환자수_최다진료과,394.0,8.0
Z21,내과,환자수_최다진료과,80.0,9.0
C07,이비인후과,환자수_최다진료과,2178.0,28.0
T95,외과,환자수_최다진료과,22.0,12.0
A20,소아청소년과,환자수_최다진료과,2.0,2.0
A92,내과,환자수_최다진료과,16.0,5.0
O32,산부인과,환자수_최다진료과,7462.0,10.0
D48,정형외과,환자수_최다진료과,4263.0,30.0
T59,응급의학과,환자수_최다진료과,638.0,10.0
A30,안과,환자수_최다진료과,4.0,6.0
F92,정신건강의학과,환자수_최다진료과,561.0,11.0
R54,내과,환자수_최다진료과,1207.0,19.0
S08,응급의학과,환자수_최다진료과,182.0,9.0
Z74,소아청소년과,환자수_최다진료과,425.0,8.0
S64,정형외과,환자수_최다진료과,4344.0,18.0
T10,정형외과,환자수_최다진료과,72.0,9.0
B19,내과,환자수_최다진료과,322.0,16.0
E40,외과,환자수_최다진료과,3.0,4.0
O94,산부인과,환자수_최다진료과,1.0,1.0
Q44,내과,환자수_최다진료과,4373.0,22.0
T78,응급의학과,환자수_최다진료과,67700.0,31.0
O64,산부인과,환자수_최다진료과,430.0,3.0
I64,신경과,환자수_최다진료과,12203.0,24.0
Z40,산부인과,환자수_최다진료과,484.0,16.0
S41,정형외과,환자수_최다진료과,2183.0,20.0
B52,내과,환자수_최다진료과,1.0,1.0
E70,소아청소년과,환자수_최다진료과,300.0,14.0
A70,내과,환자수_최다진료과,1.0,2.0
P26,소아청소년과,환자수_최다진료과,11.0,2.0
B22,내과,환자수_최다진료과,57.0,4.0
O82,산부인과,환자수_최다진료과,27830.0,11.0
I39,내과,환자수_최다진료과,122.0,11.0
P91,소아청소년과,환자수_최다진료과,522.0,15.0
O89,산부인과,환자수_최다진료과,14.0,3.0
A68,소아청소년과,환자수_최다진료과,9.0,5.0
Q31,소아청소년과,환자수_최다진료과,386.0,11.0
Z58,내과,환자수_최다진료과,17.0,13.0
I33,내과,환자수_최다진료과,1571.0,18.0
C70,신경외과,환자수_최다진료과,465.0,21.0
O71,산부인과,환자수_최다진료과,352.0,8.0
F80,정신건강의학과,환자수_최다진료과,3120.0,18.0
Z91,정신건강의학과,환자수_최다진료과,400.0,14.0
T61,응급의학과,환자수_최다진료과,429.0,8.0
Q14,안과,환자수_최다진료과,1293.0,13.0
D83,내과,환자수_최다진료과,26.0,10.0
G37,신경과,환자수_최다진료과,2910.0,21.0
C52,산부인과,환자수_최다진료과,394.0,22.0
F04,신경과,환자수_최다진료과,22.0,6.0
Z92,내과,환자수_최다진료과,517.0,17.0
M82,내과,환자수_최다진료과,16446.0,20.0
Q83,외과,환자수_최다진료과,2545.0,13.0
Z45,내과,환자수_최다진료과,1462.0,21.0
A00,내과,환자수_최다진료과,15.0,8.0
G99,신경외과,환자수_최다진료과,1728.0,21.0
P57,내과,환자수_최다진료과,8.0,3.0
Q39,외과,환자수_최다진료과,356.0,17.0
Q93,소아청소년과,환자수_최다진료과,1705.0,25.0
M53,신경외과,환자수_최다진료과,8304.0,26.0
Q33,흉부외과,환자수_최다진료과,949.0,16.0
T41,응급의학과,환자수_최다진료과,25.0,6.0
P94,소아청소년과,환자수_최다진료과,147.0,7.0
Q13,안과,환자수_최다진료과,524.0,19.0
H28,안과,환자수_최다진료과,2084.0,10.0
L26,피부과,환자수_최다진료과,301.0,13.0
N42,비뇨의학과,환자수_최다진료과,8224.0,22.0
A40,내과,환자수_최다진료과,184.0,12.0
Q26,소아청소년과,환자수_최다진료과,833.0,18.0
C68,비뇨의학과,환자수_최다진료과,344.0,17.0
Q65,정형외과,환자수_최다진료과,7500.0,14.0
H69,이비인후과,환자수_최다진료과,15555.0,15.0
B76,피부과,환자수_최다진료과,11.0,7.0
C33,내과,환자수_최다진료과,126.0,17.0
D02,이비인후과,환자수_최다진료과,446.0,19.0
R49,이비인후과,환자수_최다진료과,12762.0,23.0
L86,피부과,환자수_최다진료과,222.0,13.0
M02,내과,환자수_최다진료과,589.0,20.0
B60,안과,환자수_최다진료과,24.0,8.0
C76,내과,환자수_최다진료과,356.0,30.0
D76,내과,환자수_최다진료과,451.0,22.0
M93,정형외과,환자수_최다진료과,9914.0,18.0
Q04,신경외과,환자수_최다진료과,1351.0,22.0
O81,산부인과,환자수_최다진료과,5758.0,2.0
O67,산부인과,환자수_최다진료과,7.0,1.0
Q37,치과교정과,환자수_최다진료과,443.0,17.0
C84,내과,환자수_최다진료과,1716.0,27.0
C63,비뇨의학과,환자수_최다진료과,136.0,21.0
H83,이비인후과,환자수_최다진료과,1803.0,13.0
K36,외과,환자수_최다진료과,1951.0,16.0
G08,신경과,환자수_최다진료과,290.0,13.0
G92,신경과,환자수_최다진료과,118.0,12.0
E65,가정의학과,환자수_최다진료과,92.0,16.0
A69,이비인후과,환자수_최다진료과,519.0,25.0
T69,피부과,환자수_최다진료과,432.0,12.0
I45,내과,환자수_최다진료과,7610.0,18.0
I22,내과,환자수_최다진료과,335.0,12.0
B80,소아청소년과,환자수_최다진료과,74.0,6.0
E88,가정의학과,환자수_최다진료과,25510.0,23.0
Z57,내과,환자수_최다진료과,313.0,13.0
F38,정신건강의학과,환자수_최다진료과,4400.0,15.0
T57,내과,환자수_최다진료과,39.0,10.0
G13,신경과,환자수_최다진료과,157.0,14.0
A01,내과,환자수_최다진료과,60.0,8.0
B75,안과,환자수_최다진료과,3.0,3.0
Z85,가정의학과,환자수_최다진료과,5345.0,18.0
N16,내과,환자수_최다진료과,132.0,9.0
E41,내과,환자수_최다진료과,342.0,16.0
N07,내과,환자수_최다진료과,213.0,4.0
O07,산부인과,환자수_최다진료과,7.0,2.0
A59,산부인과,환자수_최다진료과,9567.0,10.0
P58,소아청소년과,환자수_최다진료과,98.0,4.0
B54,내과,환자수_최다진료과,408.0,6.0
A07,내과,환자수_최다진료과,117.0,7.0
P20,소아청소년과,환자수_최다진료과,218.0,6.0
T03,응급의학과,환자수_최다진료과,397.0,15.0
K67,내과,환자수_최다진료과,65.0,9.0
O98,산부인과,환자수_최다진료과,1013.0,7.0
Z61,정신건강의학과,환자수_최다진료과,84.0,6.0
T94,신경외과,환자수_최다진료과,1.0,3.0
S75,외과,환자수_최다진료과,79.0,11.0
R02,성형외과,환자수_최다진료과,1184.0,17.0
S10,응급의학과,환자수_최다진료과,1110.0,20.0
J68,응급의학과,환자수_최다진료과,572.0,13.0
D28,산부인과,환자수_최다진료과,4645.0,12.0
R48,신경과,환자수_최다진료과,55.0,11.0
Q63,소아청소년과,환자수_최다진료과,677.0,15.0
J91,내과,환자수_최다진료과,568.0,12.0
I30,내과,환자수_최다진료과,1142.0,14.0
M66,정형외과,환자수_최다진료과,4551.0,17.0
P76,소아청소년과,환자수_최다진료과,70.0,7.0
S96,정형외과,환자수_최다진료과,6085.0,19.0
T52,내과,환자수_최다진료과,153.0,12.0
A06,내과,환자수_최다진료과,183.0,13.0
G02,신경과,환자수_최다진료과,76.0,12.0
P22,소아청소년과,환자수_최다진료과,11372.0,22.0
F21,정신건강의학과,환자수_최다진료과,470.0,7.0
Q92,소아청소년과,환자수_최다진료과,233.0,18.0
I41,내과,환자수_최다진료과,26.0,7.0
I40,내과,환자수_최다진료과,704.0,10.0
B94,정형외과,환자수_최다진료과,119.0,6.0
R85,내과,환자수_최다진료과,486.0,12.0
I15,내과,환자수_최다진료과,7163.0,23.0
J22,소아청소년과,환자수_최다진료과,12322.0,19.0
H13,안과,환자수_최다진료과,1507.0,18.0
Q07,신경외과,환자수_최다진료과,725.0,21.0
Z39,산부인과,환자수_최다진료과,121182.0,20.0
T68,응급의학과,환자수_최다진료과,452.0,13.0
Z62,정신건강의학과,환자수_최다진료과,345.0,2.0
Z83,내과,환자수_최다진료과,85.0,10.0
H82,내과,환자수_최다진료과,637.0,14.0
T09,신경외과,환자수_최다진료과,1818.0,20.0
L25,피부과,환자수_최다진료과,17374.0,26.0
B25,내과,환자수_최다진료과,535.0,15.0
L22,소아청소년과,환자수_최다진료과,4534.0,19.0
Q20,소아청소년과,환자수_최다진료과,3373.0,25.0
Q11,안과,환자수_최다진료과,419.0,11.0
B79,내과,환자수_최다진료과,19.0,5.0
K66,산부인과,환자수_최다진료과,2796.0,18.0
Q66,정형외과,환자수_최다진료과,8883.0,17.0
E75,소아청소년과,환자수_최다진료과,428.0,20.0
B50,내과,환자수_최다진료과,45.0,4.0
J05,소아청소년과,환자수_최다진료과,31774.0,20.0
G10,신경과,환자수_최다진료과,335.0,15.0
N23,비뇨의학과,환자수_최다진료과,906.0,12.0
S77,정형외과,환자수_최다진료과,111.0,9.0
S95,정형외과,환자수_최다진료과,160.0,9.0
Q74,정형외과,환자수_최다진료과,4971.0,23.0
T20,외과,환자수_최다진료과,9613.0,25.0
D07,산부인과,환자수_최다진료과,4325.0,23.0
D00,내과,환자수_최다진료과,9133.0,24.0
O26,산부인과,환자수_최다진료과,3245.0,12.0
Q35,성형외과,환자수_최다진료과,1671.0,19.0
A38,소아청소년과,환자수_최다진료과,238.0,5.0
J99,내과,환자수_최다진료과,185.0,12.0
C38,흉부외과,환자수_최다진료과,579.0,21.0
E71,소아청소년과,환자수_최다진료과,441.0,15.0
M88,내과,환자수_최다진료과,126.0,13.0
J64,내과,환자수_최다진료과,1352.0,15.0
G35,신경과,환자수_최다진료과,2261.0,23.0
B16,내과,환자수_최다진료과,602.0,11.0
L67,피부과,환자수_최다진료과,151.0,8.0
G52,신경과,환자수_최다진료과,3914.0,25.0
T51,응급의학과,환자수_최다진료과,1580.0,14.0
F15,정신건강의학과,환자수_최다진료과,385.0,7.0
J65,내과,환자수_최다진료과,53.0,5.0
Q01,신경외과,환자수_최다진료과,101.0,13.0
S21,응급의학과,환자수_최다진료과,696.0,17.0
F55,응급의학과,환자수_최다진료과,46.0,9.0
P12,소아청소년과,환자수_최다진료과,454.0,11.0
N70,산부인과,환자수_최다진료과,5135.0,13.0
I13,내과,환자수_최다진료과,2612.0,19.0
I97,재활의학과,환자수_최다진료과,1512.0,18.0
D80,내과,환자수_최다진료과,393.0,19.0
L62,피부과,환자수_최다진료과,42.0,11.0
A65,비뇨의학과,환자수_최다진료과,1.0,3.0
Z30,산부인과,환자수_최다진료과,7277.0,14.0
B65,내과,환자수_최다진료과,4.0,6.0
C40,정형외과,환자수_최다진료과,1335.0,23.0
T84,정형외과,환자수_최다진료과,10880.0,23.0
Z88,내과,환자수_최다진료과,167.0,16.0
B72,산부인과,환자수_최다진료과,2.0,1.0
T35,외과,환자수_최다진료과,204.0,15.0
Q69,정형외과,환자수_최다진료과,1290.0,15.0
A36,내과,환자수_최다진료과,3.0,5.0
S59,정형외과,환자수_최다진료과,558.0,18.0
Z99,외과,환자수_최다진료과,208.0,18.0
R83,내과,환자수_최다진료과,4.0,6.0
B68,내과,환자수_최다진료과,24.0,6.0
P93,소아청소년과,환자수_최다진료과,2.0,3.0
A94,피부과,환자수_최다진료과,37.0,4.0
Q87,소아청소년과,환자수_최다진료과,3974.0,29.0
M83,내과,환자수_최다진료과,951.0,16.0
O11,산부인과,환자수_최다진료과,324.0,6.0
C72,신경외과,환자수_최다진료과,697.0,25.0
Z37,산부인과,환자수_최다진료과,1252.0,4.0
A26,내과,환자수_최다진료과,11.0,13.0
D73,내과,환자수_최다진료과,1934.0,16.0
O16,산부인과,환자수_최다진료과,455.0,9.0
A85,신경과,환자수_최다진료과,35.0,7.0
R16,내과,환자수_최다진료과,1281.0,14.0
N06,내과,환자수_최다진료과,2239.0,8.0
E72,소아청소년과,환자수_최다진료과,516.0,19.0
L01,소아청소년과,환자수_최다진료과,18227.0,20.0
D63,내과,환자수_최다진료과,2497.0,17.0
G11,신경과,환자수_최다진료과,4578.0,27.0
Q36,성형외과,환자수_최다진료과,1375.0,20.0
A79,내과,환자수_최다진료과,44.0,6.0
O25,산부인과,환자수_최다진료과,1.0,1.0
J36,소아청소년과,환자수_최다진료과,29330.0,26.0
G32,정신건강의학과,환자수_최다진료과,423.0,14.0
B09,소아청소년과,환자수_최다진료과,5179.0,18.0
T55,응급의학과,환자수_최다진료과,209.0,9.0
Q42,외과,환자수_최다진료과,1084.0,15.0
T40,응급의학과,환자수_최다진료과,58.0,9.0
N50,비뇨의학과,환자수_최다진료과,4823.0,19.0
T54,응급의학과,환자수_최다진료과,491.0,13.0
L88,피부과,환자수_최다진료과,166.0,11.0
T86,내과,환자수_최다진료과,558.0,21.0
C93,내과,환자수_최다진료과,512.0,24.0
D82,소아청소년과,환자수_최다진료과,306.0,23.0
U83,내과,환자수_최다진료과,418.0,20.0
Q03,신경외과,환자수_최다진료과,141.0,18.0
A78,내과,환자수_최다진료과,68.0,2.0
Z52,외과,환자수_최다진료과,7041.0,21.0
R20,신경과,환자수_최다진료과,34651.0,32.0
M03,내과,환자수_최다진료과,42.0,12.0
I52,내과,환자수_최다진료과,17.0,7.0
C94,내과,환자수_최다진료과,313.0,24.0
P83,소아청소년과,환자수_최다진료과,3314.0,17.0
P72,소아청소년과,환자수_최다진료과,942.0,7.0
F64,정신건강의학과,환자수_최다진료과,262.0,9.0
Q84,피부과,환자수_최다진료과,133.0,10.0
B91,재활의학과,환자수_최다진료과,103.0,6.0
Q95,소아청소년과,환자수_최다진료과,6.0,3.0
M36,내과,환자수_최다진료과,80.0,12.0
Q05,비뇨의학과,환자수_최다진료과,1265.0,19.0
N08,내과,환자수_최다진료과,4308.0,19.0
N47,비뇨의학과,환자수_최다진료과,2694.0,14.0
O88,내과,환자수_최다진료과,18.0,4.0
Q73,정형외과,환자수_최다진료과,35.0,5.0
N82,외과,환자수_최다진료과,423.0,14.0
L65,피부과,환자수_최다진료과,10010.0,24.0
I37,내과,환자수_최다진료과,376.0,12.0
I81,내과,환자수_최다진료과,989.0,12.0
P23,소아청소년과,환자수_최다진료과,483.0,15.0
Q15,안과,환자수_최다진료과,869.0,15.0
H73,이비인후과,환자수_최다진료과,4499.0,15.0
O69,산부인과,환자수_최다진료과,141.0,1.0
A66,외과,환자수_최다진료과,15.0,14.0
A67,피부과,환자수_최다진료과,4.0,7.0
G14,재활의학과,환자수_최다진료과,413.0,13.0
P53,소아청소년과,환자수_최다진료과,7.0,3.0
Z43,외과,환자수_최다진료과,1814.0,17.0
L53,피부과,환자수_최다진료과,5175.0,19.0
B39,내과,환자수_최다진료과,3.0,4.0
L55,외과,환자수_최다진료과,275.0,19.0
O85,산부인과,환자수_최다진료과,54.0,4.0
J66,내과,환자수_최다진료과,3.0,1.0
H06,안과,환자수_최다진료과,18149.0,23.0
I78,피부과,환자수_최다진료과,2077.0,22.0
E53,내과,환자수_최다진료과,1311.0,22.0
O60,산부인과,환자수_최다진료과,22995.0,13.0
A71,산부인과,환자수_최다진료과,1.0,2.0
T38,산부인과,환자수_최다진료과,376.0,10.0
Z35,산부인과,환자수_최다진료과,28625.0,19.0
Q80,피부과,환자수_최다진료과,188.0,12.0
N86,산부인과,환자수_최다진료과,27275.0,11.0
B83,내과,환자수_최다진료과,560.0,18.0
A44,내과,환자수_최다진료과,6.0,5.0
P14,재활의학과,환자수_최다진료과,77.0,7.0
B43,피부과,환자수_최다진료과,272.0,21.0
D81,산부인과,환자수_최다진료과,121.0,14.0
L99,피부과,환자수_최다진료과,342.0,17.0
L14,피부과,환자수_최다진료과,29.0,11.0
O13,산부인과,환자수_최다진료과,1688.0,11.0
R81,내과,환자수_최다진료과,1290.0,21.0
S45,외과,환자수_최다진료과,38.0,10.0
M73,정형외과,환자수_최다진료과,211.0,15.0
G07,신경외과,환자수_최다진료과,16.0,6.0
E31,내과,환자수_최다진료과,15.0,9.0
F95,정신건강의학과,환자수_최다진료과,7518.0,18.0
Z81,정신건강의학과,환자수_최다진료과,17.0,3.0
M30,소아청소년과,환자수_최다진료과,8373.0,22.0
Q56,소아청소년과,환자수_최다진료과,152.0,11.0
Z72,응급의학과,환자수_최다진료과,1009.0,15.0
L71,피부과,환자수_최다진료과,16917.0,19.0
B96,산부인과,환자수_최다진료과,139.0,13.0
D58,내과,환자수_최다진료과,570.0,12.0
F71,정신건강의학과,환자수_최다진료과,2483.0,16.0
B88,내과,환자수_최다진료과,967.0,23.0
N77,산부인과,환자수_최다진료과,11074.0,17.0
C21,외과,환자수_최다진료과,1263.0,21.0
A35,내과,환자수_최다진료과,38.0,12.0
K44,내과,환자수_최다진료과,2469.0,15.0
L83,소아청소년과,환자수_최다진료과,1522.0,11.0
G46,신경과,환자수_최다진료과,8525.0,19.0
O04,산부인과,환자수_최다진료과,430.0,6.0
R95,응급의학과,환자수_최다진료과,9.0,1.0
Q10,안과,환자수_최다진료과,14588.0,13.0
O20,산부인과,환자수_최다진료과,22968.0,7.0
P92,소아청소년과,환자수_최다진료과,3286.0,8.0
I38,내과,환자수_최다진료과,908.0,11.0
O48,산부인과,환자수_최다진료과,229.0,1.0
Q99,소아청소년과,환자수_최다진료과,778.0,21.0
C86,내과,환자수_최다진료과,1627.0,25.0
T05,정형외과,환자수_최다진료과,34.0,10.0
J63,내과,환자수_최다진료과,48.0,12.0
Z73,정신건강의학과,환자수_최다진료과,266.0,16.0
O75,산부인과,환자수_최다진료과,323.0,5.0
E01,내과,환자수_최다진료과,45.0,5.0
B26,소아청소년과,환자수_최다진료과,1287.0,20.0
E51,신경과,환자수_최다진료과,627.0,16.0
C48,내과,환자수_최다진료과,1451.0,26.0
Z80,내과,환자수_최다진료과,665.0,12.0
L93,피부과,환자수_최다진료과,1562.0,18.0
S58,정형외과,환자수_최다진료과,112.0,8.0
T53,응급의학과,환자수_최다진료과,43.0,4.0
Q89,이비인후과,환자수_최다진료과,2289.0,23.0
A28,응급의학과,환자수_최다진료과,51.0,7.0
N01,내과,환자수_최다진료과,278.0,7.0
Q78,정형외과,환자수_최다진료과,1371.0,24.0
P13,소아청소년과,환자수_최다진료과,742.0,9.0
P01,소아청소년과,환자수_최다진료과,891.0,10.0
N25,내과,환자수_최다진료과,505.0,14.0
Z12,외과,환자수_최다진료과,5325.0,17.0
F18,응급의학과,환자수_최다진료과,43.0,6.0
S25,흉부외과,환자수_최다진료과,165.0,11.0
R70,내과,환자수_최다진료과,65.0,7.0
T67,응급의학과,환자수_최다진료과,2313.0,23.0
I82,내과,환자수_최다진료과,1438.0,20.0
Q62,비뇨의학과,환자수_최다진료과,4887.0,19.0
S71,정형외과,환자수_최다진료과,4252.0,18.0
T62,응급의학과,환자수_최다진료과,490.0,13.0
A54,산부인과,환자수_최다진료과,851.0,10.0
F54,내과,환자수_최다진료과,147.0,18.0
J14,소아청소년과,환자수_최다진료과,4009.0,15.0
Q71,정형외과,환자수_최다진료과,217.0,9.0
U18,내과,환자수_최다진료과,33.0,3.0
A80,재활의학과,환자수_최다진료과,37.0,4.0
G05,응급의학과,환자수_최다진료과,2485.0,19.0
P29,소아청소년과,환자수_최다진료과,455.0,12.0
Z59,응급의학과,환자수_최다진료과,5.0,7.0
T27,외과,환자수_최다진료과,239.0,14.0
A95,내과,환자수_최다진료과,6.0,1.0
C57,산부인과,환자수_최다진료과,1055.0,22.0
Q98,소아청소년과,환자수_최다진료과,399.0,17.0
P71,소아청소년과,환자수_최다진료과,139.0,10.0
B20,내과,환자수_최다진료과,858.0,14.0
D51,내과,환자수_최다진료과,2478.0,16.0
M68,정형외과,환자수_최다진료과,255.0,10.0
R01,소아청소년과,환자수_최다진료과,12111.0,15.0
M11,정형외과,환자수_최다진료과,732.0,18.0
T07,응급의학과,환자수_최다진료과,308.0,14.0
A21,내과,환자수_최다진료과,1.0,1.0
N51,비뇨의학과,환자수_최다진료과,896.0,17.0
I85,내과,환자수_최다진료과,2494.0,15.0
G41,신경과,환자수_최다진료과,3149.0,23.0
P55,소아청소년과,환자수_최다진료과,49.0,4.0
R27,신경과,환자수_최다진료과,2921.0,15.0
L59,피부과,환자수_최다진료과,252.0,17.0
L75,성형외과,환자수_최다진료과,565.0,14.0
P04,소아청소년과,환자수_최다진료과,58.0,3.0
A19,내과,환자수_최다진료과,352.0,17.0
E73,소아청소년과,환자수_최다진료과,453.0,5.0
A86,신경과,환자수_최다진료과,345.0,13.0
Q17,이비인후과,환자수_최다진료과,1305.0,22.0
P37,소아청소년과,환자수_최다진료과,18.0,6.0
O01,산부인과,환자수_최다진료과,659.0,6.0
T91,신경외과,환자수_최다진료과,645.0,19.0
P56,소아청소년과,환자수_최다진료과,4.0,1.0
I98,내과,환자수_최다진료과,1438.0,14.0
D40,비뇨의학과,환자수_최다진료과,449.0,14.0
F24,정신건강의학과,환자수_최다진료과,34.0,6.0
D67,소아청소년과,환자수_최다진료과,126.0,11.0
C62,비뇨의학과,환자수_최다진료과,1719.0,24.0
O15,산부인과,환자수_최다진료과,43.0,4.0
T47,응급의학과,환자수_최다진료과,35.0,5.0
S11,응급의학과,환자수_최다진료과,660.0,19.0
J81,내과,환자수_최다진료과,3992.0,22.0
R64,내과,환자수_최다진료과,272.0,15.0
F61,정신건강의학과,환자수_최다진료과,23.0,2.0
B58,안과,환자수_최다진료과,125.0,10.0
O86,산부인과,환자수_최다진료과,5772.0,8.0
F69,정신건강의학과,환자수_최다진료과,48.0,5.0
C69,안과,환자수_최다진료과,1009.0,22.0
T34,외과,환자수_최다진료과,113.0,12.0
H55,안과,환자수_최다진료과,1348.0,14.0
N97,산부인과,환자수_최다진료과,65249.0,13.0
J92,내과,환자수_최다진료과,590.0,9.0
E59,소아청소년과,환자수_최다진료과,14.0,7.0
S49,정형외과,환자수_최다진료과,912.0,15.0
U04,응급의학과,환자수_최다진료과,2.0,1.0
T74,산부인과,환자수_최다진료과,1475.0,12.0
T71,응급의학과,환자수_최다진료과,587.0,14.0
P10,소아청소년과,환자수_최다진료과,42.0,7.0
F88,정신건강의학과,환자수_최다진료과,19.0,3.0
N27,내과,환자수_최다진료과,292.0,5.0
A03,내과,환자수_최다진료과,55.0,6.0
B04,내과,환자수_최다진료과,174.0,10.0
H48,안과,환자수_최다진료과,430.0,11.0
F89,정신건강의학과,환자수_최다진료과,475.0,10.0
Q41,외과,환자수_최다진료과,232.0,8.0
I36,내과,환자수_최다진료과,1499.0,13.0
L42,피부과,환자수_최다진료과,1956.0,13.0
N98,산부인과,환자수_최다진료과,1416.0,8.0
D29,비뇨의학과,환자수_최다진료과,3542.0,20.0
P39,소아청소년과,환자수_최다진료과,3732.0,8.0
R86,비뇨의학과,환자수_최다진료과,556.0,10.0
R57,내과,환자수_최다진료과,7706.0,24.0
A05,내과,환자수_최다진료과,1020.0,14.0
R34,응급의학과,환자수_최다진료과,481.0,9.0
O43,산부인과,환자수_최다진료과,163.0,6.0
F50,정신건강의학과,환자수_최다진료과,1602.0,23.0
T44,응급의학과,환자수_최다진료과,77.0,7.0
O05,산부인과,환자수_최다진료과,609.0,2.0
E85,내과,환자수_최다진료과,1146.0,21.0
P61,소아청소년과,환자수_최다진료과,214.0,6.0
S17,이비인후과,환자수_최다진료과,6.0,6.0
S51,정형외과,환자수_최다진료과,16133.0,23.0
P96,소아청소년과,환자수_최다진료과,2411.0,12.0
S57,정형외과,환자수_최다진료과,452.0,11.0
G61,신경과,환자수_최다진료과,4324.0,24.0
D33,신경외과,환자수_최다진료과,19200.0,25.0
T56,직업환경의학과,환자수_최다진료과,296.0,15.0
N75,산부인과,환자수_최다진료과,7685.0,14.0
A25,외과,환자수_최다진료과,3.0,3.0
M63,정형외과,환자수_최다진료과,200.0,11.0
T08,정형외과,환자수_최다진료과,1363.0,19.0
T06,외과,환자수_최다진료과,162.0,13.0
P07,소아청소년과,환자수_최다진료과,22959.0,20.0
J80,내과,환자수_최다진료과,1163.0,19.0
J13,소아청소년과,환자수_최다진료과,2024.0,12.0
N44,비뇨의학과,환자수_최다진료과,1064.0,9.0
P60,소아청소년과,환자수_최다진료과,3.0,3.0
Q75,소아청소년과,환자수_최다진료과,1563.0,26.0
M40,정형외과,환자수_최다진료과,6850.0,22.0
J46,내과,환자수_최다진료과,10578.0,21.0
K55,내과,환자수_최다진료과,8489.0,21.0
T33,외과,환자수_최다진료과,239.0,17.0
T45,응급의학과,환자수_최다진료과,127.0,10.0
J17,내과,환자수_최다진료과,842.0,18.0
R14,내과,환자수_최다진료과,10625.0,22.0
T98,정형외과,환자수_최다진료과,11.0,7.0
M09,정형외과,환자수_최다진료과,12.0,8.0
C95,내과,환자수_최다진료과,888.0,24.0
Q64,비뇨의학과,환자수_최다진료과,674.0,16.0
A02,소아청소년과,환자수_최다진료과,2177.0,14.0
S16,정형외과,환자수_최다진료과,16.0,10.0
Q18,이비인후과,환자수_최다진료과,5702.0,21.0
Z36,산부인과,환자수_최다진료과,1424.0,9.0
O36,산부인과,환자수_최다진료과,4674.0,9.0
H45,안과,환자수_최다진료과,144.0,6.0
P38,소아청소년과,환자수_최다진료과,6273.0,9.0
G93,신경외과,환자수_최다진료과,7604.0,26.0
O84,산부인과,환자수_최다진료과,1346.0,4.0
B70,내과,환자수_최다진료과,50.0,15.0
T63,응급의학과,환자수_최다진료과,22631.0,20.0
H31,안과,환자수_최다진료과,8704.0,13.0
A39,내과,환자수_최다진료과,4.0,5.0
J60,내과,환자수_최다진료과,591.0,16.0
P90,소아청소년과,환자수_최다진료과,475.0,11.0
Q16,이비인후과,환자수_최다진료과,1197.0,15.0
T16,이비인후과,환자수_최다진료과,4613.0,20.0
T76,응급의학과,환자수_최다진료과,192.0,6.0
L44,피부과,환자수_최다진료과,1744.0,13.0
N33,비뇨의학과,환자수_최다진료과,152.0,9.0
M90,정형외과,환자수_최다진료과,463.0,18.0
Q32,소아청소년과,환자수_최다진료과,66.0,12.0
C58,산부인과,환자수_최다진료과,232.0,12.0
E90,가정의학과,환자수_최다진료과,434.0,6.0
H32,안과,환자수_최다진료과,952.0,6.0
N15,내과,환자수_최다진료과,1825.0,17.0
B81,내과,환자수_최다진료과,198.0,6.0
T48,응급의학과,환자수_최다진료과,52.0,8.0
N37,비뇨의학과,환자수_최다진료과,314.0,14.0
Z42,성형외과,환자수_최다진료과,1363.0,18.0
P03,소아청소년과,환자수_최다진료과,1134.0,11.0
S89,정형외과,환자수_최다진료과,1622.0,18.0
B27,소아청소년과,환자수_최다진료과,875.0,13.0
S65,정형외과,환자수_최다진료과,2281.0,15.0
Z31,산부인과,환자수_최다진료과,39013.0,17.0
O34,산부인과,환자수_최다진료과,37482.0,17.0
R58,응급의학과,환자수_최다진료과,968.0,24.0
K46,외과,환자수_최다진료과,990.0,17.0
Q90,소아청소년과,환자수_최다진료과,1561.0,24.0
T49,응급의학과,환자수_최다진료과,58.0,9.0
B47,이비인후과,환자수_최다진료과,249.0,16.0
A83,신경과,환자수_최다진료과,12.0,6.0
D06,산부인과,환자수_최다진료과,42287.0,26.0
P77,소아청소년과,환자수_최다진료과,75.0,6.0
F83,정신건강의학과,환자수_최다진료과,168.0,5.0
D55,소아청소년과,환자수_최다진료과,47.0,8.0
Z76,응급의학과,환자수_최다진료과,405.0,16.0
A87,신경과,환자수_최다진료과,890.0,15.0
D15,흉부외과,환자수_최다진료과,4974.0,20.0
D52,내과,환자수_최다진료과,830.0,18.0
H95,이비인후과,환자수_최다진료과,781.0,7.0
T70,응급의학과,환자수_최다진료과,379.0,15.0
Z87,정형외과,환자수_최다진료과,149.0,14.0
D84,내과,환자수_최다진료과,280.0,19.0
E32,흉부외과,환자수_최다진료과,1821.0,17.0
O30,산부인과,환자수_최다진료과,8061.0,15.0
L66,피부과,환자수_최다진료과,1459.0,23.0
D71,소아청소년과,환자수_최다진료과,66.0,15.0
L00,소아청소년과,환자수_최다진료과,131.0,8.0
M01,정형외과,환자수_최다진료과,182.0,16.0
F14,정신건강의학과,환자수_최다진료과,10.0,4.0
D77,내과,환자수_최다진료과,1135.0,13.0
T58,응급의학과,환자수_최다진료과,3527.0,20.0
E00,내과,환자수_최다진료과,20.0,9.0
A81,신경과,환자수_최다진료과,167.0,18.0
A93,내과,환자수_최다진료과,255.0,13.0
O66,산부인과,환자수_최다진료과,2034.0,4.0
C30,이비인후과,환자수_최다진료과,1157.0,28.0
M18,정형외과,환자수_최다진료과,1609.0,14.0
S67,정형외과,환자수_최다진료과,10326.0,18.0
