"상병코드","상    병    명"," 국비 "," 사비 "
"A020","Salmonella enteritis","1","2"
"A045","Campylobacter enteritis","0","1"
"A047","Enterocolitis due to Clostridium difficile","4","7"
"A049","Bacterial intestinal infection, unspecified","0","1"
"A080","Rotaviral enteritis","0","4"
"A081","Acute gastroenteropathy due to Norwalk agent","0","11"
"A0830","Sapoviral gastroenteritis","0","4"
"A0831","Astroviral gastroenteritis","0","1"
"A090","Other and unspecified gastroenteritis and colitis of infectious origin","1","1"
"A099","Gastroenteritis and colitis of unspecified origin","24","93"
"A1501","Tuberculous of lung without cavitation or unspecified, confirmed by sputum microscopy with or without culture","0","2"
"A1511","Tuberculosis of lung without cavitation or unspecified, confirmed by culture only","4","3"
"A1531","Tuberculosis of lung without cavitation or unspecified, confirmed by unspecified means","2","2"
"A1561","Tuberculous pleurisy without cavitation or unspecified, confirmed bacteriologically and histologically","2","1"
"A1620","Tuberculosis of lung with cavitation, without mention of bacteriological or histological confirmation","0","1"
"A1621","Tuberculosis of lung without cavitation or unspecified, without mention of bacteriological or histological confirmation","5","6"
"A1651","Tuberculous pleurisy without cavitation or unspecified, without mention of bacteriological or histologicalconfirmation","1","3"
"A1888","Tuberculosis of other sites","1","0"
"A192","Acute miliary tuberculosis, unspecified","0","2"
"A260","Cutaneous erysipeloid","1","0"
"A310","Pulmonary mycobacterial infection","4","0"
"A318","Other mycobacterial infections","2","0"
"A319","Mycobacterial infection, unspecified","1","2"
"A379","Whooping cough, unspecified","1","0"
"A4150","Sepsis due to Escherichia coli[E coli]","1","0"
"A4188","Other specified sepsis","3","6"
"A419","Sepsis, unspecified","4","13"
"A46","Erysipelas","1","0"
"A480","Gas gangrene","1","0"
"A493","Mycoplasma infection, unspecified site","0","1"
"A681","Tick-borne relapsing fever","0","1"
"A753","Typhus fever due to Rickettsia tsutsugamushi","0","2"
"A86","Unspecified viral encephalitis","1","0"
"A879","Viral meningitis, unspecified","0","1"
"A988","Other specified viral haemorrhagic fevers","1","0"
"B002","Herpesviral gingivostomatitis and pharyngotonsillitis","0","6"
"B009","Herpesviral infection, unspecified","0","2"
"B022","Zoster with other nervous system involvement","0","1"
"B023","Zoster ocular disease","0","1"
"B028","Zoster with other complications","0","1"
"B029","Zoster without complication","2","5"
"B084","Enteroviral vesicular stomatitis with exanthem","0","79"
"B085","Enteroviral vesicular pharyngitis","0","7"
"B159","Hepatitis A without hepatic coma","0","1"
"B179","Acute viral hepatitis, unspecified","0","1"
"B1810","Chronic viral hepatitis B without delta- agent","2","0"
"B182","Chronic viral hepatitis C","0","3"
"B199","Unspecified viral hepatitis without hepatic coma","0","2"
"B269","Mumps without complication","0","1"
"B340","Adenovirus infection, unspecified site","0","54"
"B341","Enterovirus infection, unspecified site","0","7"
"B342","Coronavirus infection, unspecified site","0","1"
"B349","Viral infection, unspecified","0","1"
"B3780","Candidal esophagitis","0","1"
"B379","Candidiasis, unspecified","0","1"
"B86","Scabies","1","0"
"B909","Sequelae of respiratory and unspecified tuberculosis","1","1"
"B956","Staphylococcus aureus as the cause of diseases classified to other chapters","1","0"
"B960","Mycoplasma pneumoniae [Mpneumoniae] as the cause of diseases classified to other chapters","0","3"
"C080","Malignant neoplasm of submandibular gland","2","0"
"C099","Malignant neoplasm of tonsil, unspecified","0","1"
"C139","Malignant neoplasm of hypopharynx, unspecified","1","2"
"C154","Malignant neoplasm of middle third of oesophagus","0","1"
"C159","Malignant neoplasm of oesophagus, unspecified","4","4"
"C1629","Malignant neoplasm of body of stomach, unspecified","0","1"
"C1631","Malignant neoplasm of pyloric antrum, advanced","0","2"
"C1690","Malignant neoplasm of stomach, unspecified, early","1","0"
"C1691","Malignant neoplasm of stomach, unspecified, advanced","2","2"
"C1699","Malignant neoplasm of stomach, unspecified, unspecified","92","40"
"C180","Malignant neoplasm of caecum","1","1"
"C182","Malignant neoplasm of ascending colon","4","8"
"C184","Malignant neoplasm of transverse colon","1","0"
"C186","Malignant neoplasm of descending colon","3","1"
"C187","Malignant neoplasm of sigmoid colon","13","15"
"C189","Malignant neoplasm of colon, unspecified","29","20"
"C19","Malignant neoplasm of rectosigmoid junction","3","5"
"C20","Malignant neoplasm of rectum","42","13"
"C210","Malignant neoplasm of anus, unspecified","0","1"
"C220","Malignant neoplasm of liver cell carcinoma","43","38"
"C221","Malignant neoplasm of intrahepatic bile duct carcinoma","15","33"
"C229","Malignant neoplasm of liver, unspecified","0","1"
"C23","Malignant neoplasm of gallbladder","9","6"
"C240","Malignant neoplasm of extrahepatic bile duct","0","4"
"C241","Malignant neoplasm of ampulla of Vater","7","1"
"C250","Malignant neoplasm of head of pancreas","3","2"
"C251","Malignant neoplasm of body of pancreas","0","1"
"C252","Malignant neoplasm of tail of pancreas","2","2"
"C253","Malignant neoplasm of pancreatic duct","0","1"
"C257","Malignant neoplasm of other parts of pancreas","0","1"
"C258","Malignant neoplasm of overlapping lesion of pancreas","0","1"
"C259","Malignant neoplasm of pancreas, unspecified","21","16"
"C300","Malignant neoplasm of nasal cavity","0","1"
"C310","Malignant neoplasm of maxillary sinus","0","2"
"C321","Malignant neoplasm of supraglottis","1","0"
"C3401","Malignant neoplasm of main bronchus, left","1","0"
"C3410","Malignant neoplasm of upper lobe, bronchus or lung, right","1","2"
"C3411","Malignant neoplasm of upper lobe, bronchus or lung, left","1","4"
"C3419","Malignant neoplasm of upper lobe, bronchus or lung, unspecified side","4","1"
"C3430","Malignant neoplasm of lower lobe, bronchus or lung, right","1","2"
"C3439","Malignant neoplasm of lower lobe, bronchus or lung, unspecified side","0","4"
"C3489","Malignant neoplasm of overlapping lesion of bronchus and lung, unspecified side","3","0"
"C3490","Malignant neoplasm of bronchus or lung, unspecified, right","9","7"
"C3491","Malignant neoplasm of bronchus or lung, unspecified, left","10","2"
"C3499","Malignant neoplasm of bronchus or lung, unspecified, unspecified side","59","59"
"C37","Malignant neoplasm of thymus","0","1"
"C381","Malignant neoplasm of anterior mediastinum","0","1"
"C419","Malignant neoplasm of bone and articular cartilage, unspecified","1","0"
"C437","Malignant melanoma of lower limb, including hip","0","1"
"C439","Malignant melanoma of skin, unspecified","0","2"
"C459","Mesothelioma, unspecified","1","1"
"C488","Malignant neoplasm of overlapping lesion of retroperitoneum and peritoneum","1","0"
"C499","Malignant neoplasm of connective and soft tissue, unspecified","3","1"
"C5089","Malignant neoplasm of overlapping lesion of breast, unspecified side","1","0"
"C5090","Malignant neoplasm of breast unspecified, right","0","2"
"C5091","Malignant neoplasm of breast unspecified, left","0","5"
"C5099","Malignant neoplasm of breast unspecified, unspecified side","0","3"
"C530","Malignant neoplasm of endocervix","0","1"
"C539","Malignant neoplasm of cervix uteri, unspecified","0","1"
"C541","Malignant neoplasm of endometrium","0","2"
"C561","Malignant neoplasm of ovary, left","0","1"
"C569","Malignant neoplasm of ovary, unspecified side","0","7"
"C61","Malignant neoplasm of prostate","36","16"
"C640","Malignant neoplasm of kidney, except renal pelvis, right","0","1"
"C641","Malignant neoplasm of kidney, except renal pelvis, left","0","1"
"C649","Malignant neoplasm of kidney, except renal pelvis, unspecified side","2","3"
"C650","Malignant neoplasm of renal pelvis, right","0","2"
"C669","Malignant neoplasm of ureter, unspecified side","0","1"
"C674","Malignant neoplasm of posterior wall of bladder","1","0"
"C679","Malignant neoplasm of bladder, unspecified","49","18"
"C696","Malignant neoplasm of orbit","2","0"
"C710","Malignant neoplasm of cerebrum, except lobes and ventricles","0","3"
"C713","Malignant neoplasm of parietal lobe","1","0"
"C718","Malignant neoplasm of overlapping lesion of brain","0","1"
"C719","Malignant neoplasm of brain, unspecified","2","3"
"C73","Malignant neoplasm of thyroid gland","5","8"
"C749","Malignant neoplasm of adrenal gland, unspecified","0","1"
"C753","Malignant neoplasm of pineal gland","0","1"
"C779","Secondary and unspecified malignant neoplasm of lymph node, unspecified","1","0"
"C7809","Secondary malignant neoplasm of lung, unspecified side","1","0"
"C786","Secondary malignant neoplasm of retroperitoneum and peritoneum","0","1"
"C787","Secondary malignant neoplasm of liver and intrahepatic bile duct","1","0"
"C788","Secondary malignant neoplasm of other and unspecified digestive organs","1","1"
"C7950","Secondary malignant neoplasm of bone","3","4"
"C7951","Secondary malignant neoplasm of bone marrow","0","1"
"C800","Malignant neoplasm, primary site unknown, so stated","4","1"
"C8338","Other and unspecified diffuse large B-cell lymphoma","0","1"
"C839","Non-follicular(diffuse) lymphoma, unspecified","0","1"
"C859","Non-Hodgkin lymphoma, unspecified","13","3"
"C865","Angioimmunoblastic T-cell lymphoma","0","1"
"C880","Waldenstrom macroglobulinaemia","1","4"
"C900","Multiple myeloma","11","6"
"C911","Chronic lymphocytic leukaemia of B-cell type","0","1"
"C9208","Other and unspecified acute myeloblastic leukaemia","0","2"
"C921","Chronic myeloid leukaemia[CML], BCR/ABL-positive","1","0"
"C929","Myeloid leukaemia, unspecified","1","0"
"C946","Myelodysplastic and myeloproliferative disease, not classified","2","0"
"D002","Carcinoma in situ of stomach","1","1"
"D010","Carcinoma in situ of colon","1","0"
"D091","Carcinoma in situ of other and unspecified urinary organs","0","3"
"D110","Benign neoplasm of parotid gland","0","2"
"D121","Benign neoplasm of appendix","0","1"
"D122","Benign neoplasm of ascending colon","1","0"
"D125","Benign neoplasm of sigmoid colon","3","0"
"D127","Benign neoplasm of rectosigmoid junction","6","6"
"D128","Benign neoplasm of rectum","1","0"
"D131","Benign neoplasm of stomach","20","20"
"D132","Benign neoplasm of duodenum","0","3"
"D135","Benign neoplasm of extrahepatic bile ducts","4","2"
"D136","Benign neoplasm of pancreas","0","1"
"D139","Benign neoplasm of ill-defined sites within the digestive system","2","0"
"D151","Benign neoplasm of heart","1","0"
"D170","Benign lipomatous neoplasm of skin and subcutaneous tissue of head, face and neck","0","1"
"D179","Benign lipomatous neoplasm, unspecified","5","5"
"D1802","Hemangioma of hepatobiliary system","1","0"
"D1808","Hemangioma of other sites","0","2"
"D215","Other benign neoplasms of connective and other soft tissue of pelvis","0","1"
"D219","Other benign neoplasms of connective and other soft tissue, unspecified","0","2"
"D2490","Benign neoplasm of breast, unspecifiedt, right","0","2"
"D2491","Benign neoplasm of breast, unspecified, left","0","1"
"D269","Other benign neoplasms of uterus, unspecified","0","1"
"D303","Benign neoplasm of bladder","0","1"
"D329","Benign neoplasm of meninges, unspecified","0","3"
"D352","Benign neoplasm of pituitary gland","1","0"
"D369","Benign neoplasm of unspecified site","1","1"
"D370","Neoplasm of uncertain or unknown behavior of lip, oral cavity and pharynx","0","1"
"D371","Neoplasm of uncertain or unknown behavior of stomach","3","0"
"D374","Neoplasm of uncertain or unknown behavior of colon","3","1"
"D375","Neoplasm of uncertain or unknown behavior of rectum","1","0"
"D376","Neoplasm of uncertain or unknown behavior of liver, gallbladder and bile ducts","0","1"
"D381","Neoplasm of uncertain or unknown behavior of trachea, bronchus and lung","0","1"
"D400","Neoplasm of uncertain or unknown behavior of prostate","3","0"
"D439","Neoplasm of uncertain or unknown behavior of central nervous system, unspecified","0","1"
"D449","Neoplasm of uncertain or unknwon behavior of endocrine gland, unspecified","0","1"
"D467","Other myelodysplastic syndromes","0","3"
"D469","Myelodysplastic syndrome, unspecified","28","16"
"D471","Chronic myeloproliferative disease","13","5"
"D472","Monoclonal gammopathy of undetermined significance (MGUS)","1","0"
"D481","Neoplasm of uncertain or unknown behavior of connective and other soft tissue","1","1"
"D487","Neoplasm of uncertain or unknown behavior of other specified sites","0","1"
"D500","Iron deficiency anaemia secondary to blood loss (chronic)","3","1"
"D508","Other iron deficiency anaemias","6","1"
"D509","Iron deficiency anaemia, unspecified","0","3"
"D531","Other megaloblastic anaemias, NEC","1","1"
"D591","Other autoimmune haemolytic anaemias","0","1"
"D599","Acquired haemolytic anaemia, unspecified","1","0"
"D619","Aplastic anaemia, unspecified","0","3"
"D638","Anaemia in other chronic diseases classified elsewhere","1","0"
"D649","Anaemia, unspecified","7","8"
"D690","Allergic purpura","0","1"
"D696","Thrombocytopenia, unspecified","1","1"
"D700","Neutropenic fever","1","0"
"D721","Eosinophilia","3","3"
"D728","Other specified disorders of white blood cells","2","2"
"D729","Disorder of white blood cells, unspecified","2","1"
"D739","Disease of spleen, unspecified","0","1"
"D869","Sarcoidosis, unspecified","1","1"
"D892","Hypergammaglobulinemia, unspecified","0","1"
"E038","Other specified hypothyroidism","0","1"
"E039","Hypothyroidism, unspecified","0","1"
"E041","Nontoxic single thyroid nodule","0","2"
"E050","Thyrotoxicosis with diffuse goitre","1","0"
"E069","Thyroiditis, unspecified","0","1"
"E1008","Type 1 diabetes mellitus, with coma, other and unspecified","0","1"
"E1058","Type 1 diabetes mellitus, with other and unspecified certain circulatory complications","3","1"
"E1063","Type 1 diabetes mellitus, with hypoglycemia","0","1"
"E1068","Type 1 diabetes mellitus, with other specified complication, not elsewhere classified","0","1"
"E108","Type 1 diabetes mellitus, with unspecified complications","0","1"
"E109","Type 1 diabetes mellitus, without complications","0","1"
"E1100","Type 2 diabetes mellitus, with coma, with hyperosmolarity","1","0"
"E1101","Type 2 diabetes mellitus, with coma, with ketoacidosis","2","0"
"E1102","Type 2 diabetes mellitus, with coma, with lactic acidosis","1","0"
"E1121","Type 2 diabetes mellitus, with established diabetic nephropathy(N083*)","0","1"
"E1128","Type 2 diabetes mellitus, with other and unspecified renal complication(N083*)","3","2"
"E1141","Type 2 diabetes mellitus, with diabetic polyneuropathy(G632*)","1","0"
"E1158","Type 2 diabetes mellitus, with other and unspecified certain circulatory complications","2","0"
"E118","Type 2 diabetes mellitus, with unspecified complications","80","48"
"E119","Type 2 diabetes mellitus, without complications","25","7"
"E139","Other specified diabetes mellitus, without complications","1","0"
"E1408","Unspecified diabetes mellitus, with coma, other and unspecified","1","1"
"E1458","Unspecified diabetes mellitus, with other and unspecified certain circulatory complications","0","2"
"E148","Unspecified diabetes mellitus, with unspecified complications","6","5"
"E149","Unspecified diabetes mellitus, without complications","0","1"
"E15","Nondiabetic hypoglycaemic coma","0","1"
"E1618","Other hypoglycaemia","0","1"
"E222","Syndrome of inappropriate secretion of antidiuretic hormone","0","1"
"E230","Hypopituitarism","1","1"
"E232","Diabetes insipidus","1","0"
"E242","Drug-induced Cushing’s syndrome","1","0"
"E260","Primary hyperaldosteronism","2","0"
"E274","Other and unspecified adrenocortical insufficiency","2","0"
"E301","Precocious puberty","0","122"
"E343","Short stature, NEC","0","14"
"E512","Wernicke’s encephalopathy","0","1"
"E668","Other obesity","1","0"
"E785","Hyperlipidaemia, unspecified","0","1"
"E806","Other disorders of bilirubin metabolism","0","1"
"E835","Disorders of calcium metabolism","0","1"
"E854","Organ-limited amyloidosis","0","1"
"E870","Hyperosmolality and hypernatraemia","1","1"
"E871","Hypo-osmolality and hyponatraemia","14","10"
"E875","Hyperkalaemia","1","2"
"E880","Disorders of plasma-protein metabolism, NEC","1","0"
"F001","Dementia in Alzheimer’s disease with late onset(G301†)","3","3"
"F009","Dementia in Alzheimer´s disease, unspecified(G309†)","5","5"
"F019","Vascular dementia, unspecified","0","1"
"F03","Unspecified dementia","1","0"
"F059","Delirium, unspecified","0","1"
"F068","Other specified mental disorders due to brain damage and dysfunction and to physical disease","0","1"
"F109","Unspecified mental and behavioural disorder due to use of alcohol","1","0"
"F130","Acute intoxication due to use of sedatives or hypnotics","1","0"
"F329","Depressive episode, unspecified","0","4"
"F419","Anxiety disorder, unspecified","0","3"
"F431","Post-traumatic stress disorder","2","0"
"G031","Chronic meningitis","1","0"
"G039","Meningitis, unspecified","0","6"
"G049","Encephalitis, myelitis and encephalomyelitis, unspecified","1","0"
"G061","Intraspinal abscess and granuloma","1","0"
"G121","Other inherited spinal muscular atrophy","1","2"
"G1221","Sporadic amyotrophic lateral sclerosis","1","1"
"G20","Parkinson’s disease","24","14"
"G214","Vascular parkinsonism","2","0"
"G218","Other secondary parkinsonism","3","0"
"G219","Secondary parkinsonism, unspecified","1","0"
"G22","Parkinsonism in diseases classified elsewhere","1","0"
"G245","Blepharospasm","0","1"
"G250","Essential tremor","0","2"
"G251","Drug-induced tremor","0","1"
"G253","Myoclonus","1","1"
"G301","Alzheimer’s disease with late onset","2","1"
"G3188","Other specified degenerative diseases of  nervous system","0","1"
"G35","Multiple sclerosis","0","2"
"G360","Neuromyelitis optica[Devic]","1","1"
"G4010","Localization-related (focal)(partial) symptomatic epilepsy and epileptic syndromes with simple partial seizures without intractable epilepsy","0","1"
"G4021","Localization-related (focal)(partial) symptomatic epilepsy and epileptic syndromes with complex partial seizures with intractable epilepsy","2","3"
"G4030","Generalized idiopathic epilepsy and epileptic syndromes without intractable epilepsy","0","1"
"G4031","Generalized idiopathic epilepsy and epileptic syndromes with intractable epilepsy","0","1"
"G4090","Epilepsy, unspecified without intractable epilepsy","1","1"
"G419","Status epilepticus, unspecified","2","0"
"G430","Migraine without aura [common migraine]","6","64"
"G431","Migraine with aura [classical migraine]","0","1"
"G439","Migraine, unspecified","1","15"
"G441","Vascular headache, NEC","2","2"
"G442","Tension-type headache","2","9"
"G450","Vertebro-basilar artery syndrome","0","1"
"G458","Other transient cerebral ischaemic attacks and related syndromes","0","1"
"G459","Transient cerebral ischaemic attack, unspecified","5","6"
"G463","Brain stem stroke syndrome(I60-I67†)","1","0"
"G470","Disorders of initiating and maintaining sleep [insomnias]","0","1"
"G500","Trigeminal neuralgia","0","1"
"G509","Disorder of trigeminal nerve, unspecified","0","1"
"G510","Bell’s palsy","4","10"
"G513","Clonic hemifacial spasm","0","1"
"G530","Postzoster neuralgia(B022†)","0","2"
"G542","Cervical root disorders, NEC","1","1"
"G544","Lumbosacral root disorders, NEC","5","1"
"G560","Carpal tunnel syndrome","5","2"
"G568","Other mononeuropathies of upper limb","2","3"
"G569","Mononeuropathy of upper limb, unspecified","0","1"
"G570","Lesion of sciatic nerve","0","1"
"G573","Lesion of lateral popliteal nerve","1","1"
"G580","Intercostal neuropathy","0","1"
"G587","Mononeuritis multiplex","1","0"
"G5881","Multiple complex regional pain syndrome type II","2","0"
"G589","Mononeuropathy, unspecified","0","2"
"G609","Hereditary and idiopathic neuropathy, unspecified","3","0"
"G610","Guillain-Barre syndrome","0","4"
"G628","Other specified polyneuropathies","0","1"
"G629","Polyneuropathy, unspecified","4","1"
"G632","Diabetic polyneuropathy","4","0"
"G638","Polyneuroparthy in other diseases classified elsewhere","1","0"
"G700","Myasthenia gravis","0","1"
"G809","Cerebral palsy, unspecified","0","1"
"G810","Flaccid hemiplegia","0","1"
"G819","Hemiplegia, unspecified","2","0"
"G820","Flaccid paraplegia","1","0"
"G822","Paraplegia, unspecified","2","0"
"G825","Tetraplegia, unspecified","3","3"
"G834","Cauda equina syndrome","1","0"
"G912","Normal-pressure hydrocephalus","2","0"
"G919","Hydrocephalus, unspecified","2","0"
"G9380","Metabolic encephalopathy","1","1"
"G9388","Other specified disorders of brain","0","1"
"G959","Disease of spinal cord, unspecified","12","5"
"H050","Acute inflammation of orbit","0","1"
"H2510","Senile nuclear cataract, right","43","26"
"H2511","Senile nuclear cataract, left","44","19"
"H2519","Senile nuclear cataract, unspecified side","0","1"
"H2599","Senile cataract, unspecified, unspecified side","2","0"
"H2640","After-cataract, right","1","0"
"H492","Sixth[abducent] nerve palsy","0","2"
"H512","Internuclear ophthalmoplegia","1","1"
"H532","Diplopia","0","1"
"H6621","Chronic atticoantral suppurative otitis media, bilateral","1","0"
"H810","Meniere’s disease","0","2"
"H811","Benign paroxysmal vertigo","8","6"
"H812","Vestibular neuronitis","3","4"
"H8130","Other aural vertigo","2","1"
"H8138","Other peripheral vertigo","0","1"
"H814","Vertigo of central origin","0","6"
"H9120","Sudden idiopathic hearing loss, unilateral","2","3"
"H9129","Sudden idiopathic hearing loss, unspecified side","3","0"
"I050","Mitral stenosis","0","1"
"I109","Other and unspecified primary hypertension","28","13"
"I110","Hypertensive heart disease with (congestive) heart failure","2","0"
"I119","Hypertensive heart disease without (congestive) heart failure","1","1"
"I129","Hypertensive renal disease without renal failure","1","3"
"I159","Secondary hypertension, unspecified","1","2"
"I200","Unstable angina","57","21"
"I201","Angina pectoris with documented spasm","19","16"
"I2080","Atypical angina","1","1"
"I2088","Other forms of angina pectoris","132","45"
"I209","Angina pectoris, unspecified","96","53"
"I214","Acute subendocardial myocardial infarction","16","23"
"I219","Acute myocardial infarction, unspecified","10","14"
"I236","Thrombosis of atrium, auricular appendage, and ventricle as current complications following acute myocardial infarction","0","2"
"I251","Atherosclerotic heart disease","0","4"
"I252","Old myocardial infarction","7","1"
"I255","Ischaemic cardiomyopathy","4","5"
"I258","Other forms of chronic ischaemic heart disease","2","2"
"I259","Chronic ischaemic heart disease, unspecified","5","0"
"I269","Pulmonary embolism without mention of acute cor pulmonale","4","7"
"I279","Pulmonary heart disease, unspecified","3","0"
"I309","Acute pericarditis, unspecified","1","0"
"I319","Disease of pericardium, unspecified","0","1"
"I341","Mitral(valve) prolapse","0","3"
"I350","Aortic(valve) stenosis","8","5"
"I352","Aortic(valve) stenosis with insufficiency","0","1"
"I420","Dilated cardiomyopathy","6","7"
"I421","Obstructive hypertrophic cardiomyopathy","1","0"
"I422","Other hypertrophic cardiomyopathy","3","2"
"I425","Other restrictive cardiomyopathy","0","8"
"I428","Other cardiomyopathies","0","1"
"I429","Cardiomyopathy, unspecified","2","2"
"I441","Atrioventricular block, second degree","1","0"
"I442","Atrioventricular block, complete","4","3"
"I460","Cardiac arrest with successful resuscitation","0","1"
"I469","Cardiac arrest, unspecified","0","2"
"I471","Supraventricular tachycardia","0","3"
"I472","Ventricular tachycardia","3","0"
"I480","Paroxysmal atrial fibrillation","43","54"
"I481","Persistent atrial fibrillation","5","2"
"I482","Chronic atrial fibrillation","0","1"
"I489","Atrial fibrillation and atrial flutter, unspecified","1","3"
"I493","Ventricular premature depolarization","1","0"
"I495","Sick sinus syndrome","4","3"
"I498","Other specified cardiac arrhythmias","0","1"
"I499","Cardiac arrhythmia, unspecified","0","1"
"I5004","Congestive heart failure with systolic dysfunction","6","3"
"I5008","Other and unspecified congestive heart failure","13","28"
"I501","Left ventricular failure","8","10"
"I509","Heart failure, unspecified","6","6"
"I515","Myocardial degeneration","2","2"
"I604","Subarachnoid haemorrhage from basilar artery","0","1"
"I609","Subarachnoid haemorrhage, unspecified","2","4"
"I612","Intracerebral haemorrhage in hemisphere, unspecified","1","4"
"I615","Intracerebral haemorrhage, intraventricular","0","1"
"I619","Intracerebral haemorrhage, unspecified","17","18"
"I620","Subdural haemorrhage (acute)(nontraumatic)","7","4"
"I629","Intracranial haemorrhage(nontraumatic), unspecified","2","0"
"I6319","Cerebral infarction due to embolism of unspecified precerebral artery","0","1"
"I6321","Cerebral infarction due to unspecified occlusion or stenosis of basilar artery","0","1"
"I6329","Cerebral infarction due to unspecified occlusion or stenosis of unspecified precerebral artery","0","1"
"I6330","Cerebral infarction due to thrombosis of middle cerebral artery","2","5"
"I6332","Cerebral infarction due to thrombosis of posterior cerebral artery","1","1"
"I6339","Cerebral infarction due to thrombosis of unspecified cerebral arteries","5","8"
"I6340","Cerebral infarction due to embolism of middle cerebral artery","0","1"
"I6342","Cerebral infarction due to embolism of posterior cerebral artery","1","0"
"I6349","Cerebral infarction due to embolism of unspecified cerebral arteries","4","4"
"I6350","Cerebral infarction due to unspecified occlusion or stenosis of middle cerebral artery","1","1"
"I6352","Cerebral infarction due to unspecified occlusion or stenosis of posterior cerebral artery","3","5"
"I6359","Cerebral infarction due to unspecified occlusion or stenosis of unspecified cerebral arteries","9","4"
"I638","Other cerebral infarction","82","58"
"I639","Cerebral infarction, unspecified","40","27"
"I652","Occlusion and stenosis of carotid artery","3","5"
"I659","Occlusion and stenosis of unspecified precerebral artery","9","1"
"I661","Occlusion and stenosis of anterior cerebral artery","0","1"
"I663","Occlusion and stenosis of cerebellar arteries","1","0"
"I669","Occlusion and stenosis of unspecified cerebral artery","0","1"
"I671","Cerebral aneurysm, nonruptured","2","5"
"I672","Cerebral atherosclerosis","1","0"
"I678","Other specified cerebrovascular diseases","2","3"
"I679","Cerebrovascular disease, unspecified","3","0"
"I680","Cerebral amyloid angiopathy(E85-+)","0","1"
"I690","Sequelae of subarachnoid haemorrhage","2","1"
"I691","Sequelae of intracerebral haemorrhage","5","4"
"I693","Sequelae of cerebral infarction","23","17"
"I698","Sequelae of other and unspecified cerebrovascular diseases","26","6"
"I7022","Atherosclerosis of arteries of extremities with intermittent claudication","2","0"
"I7023","Atherosclerosis of arteries of extremities  with rest pain","1","0"
"I7024","Atherosclerosis of arteries of extremities  with ulceration","2","0"
"I7025","Atherosclerosis of arteries of extremities  with gangrene","1","1"
"I7029","Atherosclerosis of arteries of extremities, unspecified","15","4"
"I70820","Atherosclerosis of splanchnic artery, without gangrene","1","1"
"I70830","Atherosclerosis of subclavian artery, without gangrene","1","0"
"I70920","Generalized atherosclerosis, without gangrene","12","6"
"I70991","Unspecified atherosclerosis, with gangrene","1","0"
"I714","Abdominal aortic aneurysm, without mention of rupture","2","2"
"I719","Aortic aneurysm of unspecified site, without mention of rupture","1","0"
"I723","Aneurysm and dissection of iliac artery","1","0"
"I731","Thromboangiitis obliterans[Buerger]","1","1"
"I7380","Peripheral artery occlusive disease involving arteries below knee","6","7"
"I7381","Peripheral artery occlusive disease involving arteriovenous fistula for hemodialysis","1","0"
"I739","Peripheral vascular disease, unspecified","4","3"
"I744","Embolism and thrombosis of arteries of extremities, unspecified","1","0"
"I749","Embolism and thrombosis of unspecified artery","0","3"
"I771","Stricture of artery","1","0"
"I788","Other diseases of capillaries","2","0"
"I802","Phlebitis and thrombophlebitis of other deep vessels of lower extremities","1","7"
"I803","Phlebitis and thrombophlebitis of lower extremities, unspecified","0","1"
"I839","Varicose veins of lower extremities without ulcer or inflammation","26","22"
"I8501","Esophageal varices with bleeding, secondary","1","0"
"I8591","Esophageal varices without bleeding, secondary","1","0"
"I861","Scrotal varices","0","1"
"I880","Nonspecific mesenteric lymphadenitis","0","1"
"I890","Lymphoedema, NEC","0","1"
"I950","Idiopathic hypotension","0","1"
"I951","Orthostatic hypotension","4","2"
"I952","Hypotension due to drugs","1","0"
"I959","Hypotension, unspecified","0","1"
"J00","Acute nasopharyngitis[common cold]","1","1"
"J0100","Acute maxillary sinusitis, not specified as recurrent","0","1"
"J0190","Acute sinusitis, unspecified, not specified as recurrent","0","1"
"J0191","Acute sinusitis, unspecified, recurrent","1","7"
"J029","Acute pharyngitis, unspecified","0","51"
"J0390","Acute tonsillitis, unspecified, not specified as recurrent","0","47"
"J0391","Acute tonsillitis, unspecified, recurrent","0","26"
"J040","Acute laryngitis","2","0"
"J050","Acute obstructive laryngitis [croup]","0","10"
"J069","Acute upper respiratory infection, unspecified","0","2"
"J09","Influenza due to identified zoonotic or pandemic influenza virus","1","135"
"J108","Influenza with other manifestations, seasonal influenza virus identified","0","2"
"J111","Influenza with other respiratory manifestations, virus not identified","2","120"
"J120","Adenoviral pneumonia","0","4"
"J121","Respiratory syncytial virus pneumonia","0","10"
"J122","Parainfluenza virus pneumonia","0","2"
"J123","Human metapneumovirus pneumonia","0","4"
"J129","Viral pneumonia, unspecified","0","1"
"J154","Pneumonia due to other streptococci","0","1"
"J157","Pneumonia due to Mycoplasma pneumoniae","1","106"
"J158","Other bacterial pneumonia","3","0"
"J159","Bacterial pneumonia, unspecified","3","1"
"J160","Chlamydial pneumonia","0","1"
"J180","Bronchopneumonia, unspecified","11","23"
"J181","Lobar pneumonia, unspecified","0","1"
"J188","Other pneumonia, organism unspecified","2","0"
"J189","Pneumonia, unspecified","120","218"
"J204","Acute bronchitis due to parainfluenza virus","0","2"
"J205","Acute bronchitis due to respiratory syncytial virus","0","1"
"J206","Acute bronchitis due to rhinovirus","0","5"
"J2088","Acute bronchitis due to other specified organisms","0","1"
"J209","Acute bronchitis, unspecified","0","45"
"J210","Acute bronchiolitis due to respiratory syncytial virus","0","4"
"J2181","Acute bronchiolitis due to parainfluenza virus","0","1"
"J219","Acute bronchiolitis, unspecified","3","96"
"J300","Vasomotor rhinitis","1","0"
"J301","Allergic rhinitis due to pollen","1","0"
"J304","Allergic rhinitis, unspecified","0","2"
"J320","Chronic maxillary sinusitis","0","2"
"J329","Chronic sinusitis, unspecified","0","1"
"J343","Hypertrophy of nasal turbinates","10","0"
"J348","Other specified disorders of nose and nasal sinuses","2","0"
"J36","Peritonsillar abscess","1","0"
"J3848","Other oedema of larynx","1","0"
"J398","Other specified diseases of upper respiratory tract","0","1"
"J40","Bronchitis, not specified as acute or chronic","3","4"
"J42","Unspecified chronic bronchitis","0","2"
"J439","Emphysema, unspecified","1","1"
"J4400","Chronic obstructive pulmonary disease with acute lower respiratory infection, mild","1","0"
"J4409","Chronic obstructive pulmonary disease with acute lower respiratory infection, unspecified","0","1"
"J4410","Chronic obstructive pulmonary disease with acute exacerbation, unspecified, mild","2","1"
"J4412","Chronic obstructive pulmonary disease with acute exacerbation, unspecified, severe","1","0"
"J4419","Chronic obstructive pulmonary disease with acute exacerbation, unspecified, unspecified","4","0"
"J4481","Other specified chronic obstructive pulmonary disease, moderate","11","6"
"J4482","Other specified chronic obstructive pulmonary disease, severe","2","2"
"J4490","Chronic obstructive pulmonary disease, unspecified, mild","0","1"
"J4491","Chronic obstructive pulmonary disease, unspecified, moderate","3","3"
"J4492","Chronic obstructive pulmonary disease, unspecified, severe","6","8"
"J4499","Chronic obstructive pulmonary disease, unspecified, unspecified","40","41"
"J4501","Other allergic asthma, intermittent and mild persistent","0","1"
"J4511","Other nonallergic asthma, intermittent and mild persistent","0","1"
"J4519","Unspecified nonallergic asthma","0","1"
"J459","Asthma, unspecified","10","14"
"J47","Bronchiectasis","3","5"
"J64","Unspecified pneumoconiosis","1","1"
"J698","Pneumonitis due to other solids and liquids","58","63"
"J700","Acute pulmonary manifestations due to radiation","1","0"
"J80","Adult respiratory distress syndrome","0","1"
"J81","Pulmonary oedema","1","0"
"J8418","Other interstitial pulmonary diseases with fibrosis","15","4"
"J849","Interstitial pulmonary disease, unspecified","2","5"
"J869","Pyothorax without fistula","5","1"
"J90","Pleural effusion, NEC","2","11"
"J931","Other spontaneous pneumothorax","3","0"
"J939","Pneumothorax, unspecified","0","1"
"J942","Haemothorax","1","1"
"J9601","Acute respiratory failure, type II [hypercapnic]","1","1"
"J9690","Respiratory failure, unspecified, type I [hypoxic]","0","1"
"J9810","Atelectasis","0","1"
"J9840","Solitary pulmonary nodule","2","0"
"J985","Diseases of mediastinum, NEC","1","0"
"K0509","Acute gingivitis, unspecified","0","1"
"K0520","Periodontal abscess [Parodontal abscess] of  gingival origin without sinus","1","0"
"K0532","Chronic pericoronitis","0","1"
"K1120","Acute sialoadenitis","0","1"
"K113","Abscess of salivary gland","1","0"
"K118","Other diseases of salivary glands","0","1"
"K210","Gastro-oesophageal reflux disease with oesophagitis","9","5"
"K219","Gastro-oesophageal reflux disease without oesophagitis","3","9"
"K2210","Ulcer of oesophagus without bleeding","1","1"
"K2501","Acute gastric ulcer with hemorrhage","6","5"
"K2531","Acute gastric ulcer without hemorrhage or perforation","5","7"
"K2551","Chronic or unspecified gastric ulcer with perforation","1","1"
"K2591","Unspecified as acute or chronic gastric ulcer without hemorrhage or perforation","4","3"
"K260","Acute duodenal ulcer with hemorrhage","1","0"
"K264","Chronic or unspecified duodenal ulcer with hemorrhage","0","1"
"K269","Unspecified as acute or chronic duodenal ulcer without hemorrhage or perforation","3","4"
"K274","Chronic or unspecified peptic ulcer, site unspecified with hemorrhage","2","0"
"K279","Unspecified as acute or chronic peptic ulcer, site unspecified without hemorrhage or perforation","1","1"
"K291","Other acute gastritis","1","4"
"K296","Other gastritis","2","0"
"K297","Gastritis, unspecified","3","2"
"K298","Duodenitis","0","1"
"K30","Functional dyspepsia","1","0"
"K317","Polyp of stomach and duodenum","0","2"
"K3188","Other specified diseases of stomach and  duodenum","13","11"
"K319","Disease of stomach and duodenum, unspecified","1","3"
"K352","Acute appendicitis with generalized peritonitis","1","3"
"K353","Acute appendicitis with localized peritonitis","6","34"
"K358","Acute appendicitis, other and unspecified","4","28"
"K36","Other appendicitis","1","0"
"K4020","Bilateral inguinal hernia, without obstruction or gangrene, not specified as recurrent","2","2"
"K4030","Unilateral or unspecified inguinal hernia, with obstruction, without gangrene, not specified as recurrent","2","0"
"K4090","Unilateral or unspecified inguinal hernia, without obstruction or gangrene, not specified as recurrent","26","36"
"K4091","Unilateral or unspecified inguinal hernia, without obstruction or gangrene, recurrent","0","2"
"K432","Incisional hernia without obstruction or gangrene","2","0"
"K439","Other and unspecified ventral hernia without obstruction or gangrene","0","2"
"K5000","Crohn’s disease of small intestine, mild","1","0"
"K5001","Crohn’s disease of small intestine, moderate","2","0"
"K518","Other ulcerative colitis","1","0"
"K519","Ulcerative colitis, unspecified","1","5"
"K529","Noninfective gastroenteritis and colitis, unspecified","3","20"
"K550","Acute vascular disorders of intestine","1","0"
"K5520","Angiodysplasia of colon without hemorrhage","0","1"
"K559","Vascular disorder of intestine, unspecified","7","3"
"K560","Paralytic ileus","5","2"
"K561","Intussusception","1","5"
"K562","Volvulus","1","1"
"K564","Other impaction of intestine","1","0"
"K565","Intestine adhesions [bands] with obstruction","4","1"
"K566","Other and unspecified intestinal obstruction","8","4"
"K567","Ileus, unspecified","1","3"
"K5710","Diverticular disease of small intestine without perforation or abscess, diverticulosis, without bleeding","1","1"
"K5730","Diverticular disease of large intestine without perforation or abscess, diverticulosis, without bleeding","2","0"
"K5732","Diverticular disease of large intestine without perforation or abscess, diverticulitis, without bleeding","0","4"
"K5792","Diverticular disease of intestine, part unspecified, without perforation or abscess, diverticulitis, without bleeding","1","1"
"K580","Irritable bowel syndrome with diarrhoea","2","3"
"K5900","Slow transit constipation","1","0"
"K5909","Other and unspecified constipation","1","1"
"K591","Functional diarrhoea","0","1"
"K599","Functional intestinal disorder, unspecified","1","0"
"K601","Chronic anal fissure","1","2"
"K603","Anal fistula","8","4"
"K610","Anal abscess","2","1"
"K621","Rectal polyp","1","2"
"K623","Rectal prolapse","4","1"
"K624","Stenosis of anus and rectum","1","0"
"K625","Haemorrhage of anus and rectum","1","0"
"K627","Radiation proctitis","1","0"
"K629","Disease of anus and rectum, unspecified","1","1"
"K631","Perforation of intestine(nontraumatic)","0","2"
"K633","Ulcer of intestine","1","3"
"K6359","Polyp of colon, unspecified","20","21"
"K639","Disease of intestine, unspecified","5","3"
"K641","Second degree haemorrhoids","8","7"
"K642","Third degree haemorrhoids","8","3"
"K643","Fourth degree haemorrhoids","2","3"
"K644","Residual haemorrhoidal skin tags","1","0"
"K649","Haemorrhoids, unspecified","14","6"
"K650","Acute peritonitis","0","1"
"K659","Peritonitis, unspecified","0","1"
"K661","Haemoperitoneum","2","0"
"K668","Other specified disorders of peritoneum","1","0"
"K7010","Alcoholic hepatitis, without ascites","0","1"
"K7030","Alcoholic cirrhosis of liver, without ascites","4","4"
"K716","Toxic liver disease with hepatitis, NEC","1","1"
"K7290","Hepatic failure, unspecified, without coma","6","0"
"K7409","Hepatic fibrosis, unspecified","3","0"
"K7420","Hepatic fibrosis with hepatic sclerosis, Child-Pugh A","0","4"
"K7421","Hepatic fibrosis with hepatic sclerosis, Child-Pugh B","0","3"
"K7462","Other and unspecified cirrhosis of liver, Child-Pugh C","1","0"
"K7469","Other and unspecified cirrhosis of liver, unspecified","6","5"
"K750","Abscess of liver","7","9"
"K759","Inflammatory liver disease, unspecified","0","3"
"K767","Hepatorenal syndrome","1","0"
"K769","Liver disease, unspecified","1","1"
"K8000","Calculus of gallbladder with acute cholecystitis, without mention of obstruction","3","2"
"K8001","Calculus of gallbladder with acute cholecystitis, with obstruction","1","2"
"K8010","Calculus of gallbladder with other cholecystitis, without mention of obstruction","9","16"
"K8020","Calculus of gallbladder without cholecystitis, without mention of obstruction","3","6"
"K8030","Calculus of bile duct with cholangitis, without mention of obstruction","24","41"
"K8040","Calculus of bile duct with cholecystitis, without mention of obstruction","2","8"
"K8050","Calculus of bile duct without cholangitis or cholecystitis, without mention of obstruction","1","3"
"K8080","Other cholelithiasis, without mention of obstruction","8","15"
"K810","Acute cholecystitis","20","17"
"K811","Chronic cholecystitis","1","5"
"K819","Cholecystitis, unspecified","4","4"
"K822","Perforation of gallbladder","1","1"
"K828","Other specified diseases of gallbladder","0","5"
"K830","Cholangitis","7","9"
"K851","Biliary acute pancreatitis","0","1"
"K858","Other acute pancreatitis","0","2"
"K859","Acute pancreatitis, unspecified","11","10"
"K861","Other chronic pancreatitis","5","2"
"K868","Other specified diseases of pancreas","1","2"
"K911","Postgastric surgery syndromes","0","1"
"K912","Postsurgical malabsorption NEC","1","0"
"K921","Melaena","1","0"
"K922","Gastrointestinal haemorrhage, unspecified","12","7"
"L00","Staphylococcal scalded skin syndrome","0","1"
"L0109","Impetigo, unspecified","0","1"
"L0230","Cutaneous abscess of buttock","3","0"
"L0240","Cutaneous abscess of limb","1","0"
"L0280","Cutaneous abscess of other sites","0","1"
"L0290","Cutaneous abscess, unspecified","1","1"
"L0310","Cellulitis of upper limb","2","0"
"L0311","Cellulitis of lower limb","18","10"
"L039","Cellulitis, unspecified","9","7"
"L040","Acute lymphadenitis of face, head and neck","0","3"
"L059","Pilonidal cyst without abscess","1","0"
"L089","Local infection of skin and subcutaneous tissue, unspecified","0","1"
"L209","Atopic dermatitis, unspecifie","0","1"
"L309","Dermatitis, unspecified","0","1"
"L500","Allergic urticaria","0","4"
"L5088","Other urticaria","0","5"
"L511","Bullous erythema multiforme","0","1"
"L600","Ingrowing nail","1","0"
"L720","Epidermal cyst","3","0"
"L891","Stage II decubitus ulcer and pressure area","1","0"
"L899","Decubitus ulcer and pressure area, unspecified","7","8"
"L929","Granulomatous disorder of skin and subcutaneous tissue, unspecified","1","0"
"L984","Chronic ulcer of skin, NEC","0","1"
"M0091","Pyogenic arthritis, unspecified, shoulder region","0","1"
"M0096","Pyogenic arthritis, unspecified, lower leg","0","4"
"M0099","Pyogenic arthritis, unspecified, site unspecified","5","3"
"M1009","Idiopathic gout, site unspecified","2","1"
"M1099","Gout, unspecified, site unspecified","3","0"
"M1385","Other specified arthritis, pelvic region and thigh","0","3"
"M1386","Other specified arthritis, lower leg","2","0"
"M1387","Other specified arthritis, ankle and foot","4","0"
"M1389","Other specified arthritis, site unspecified","7","1"
"M167","Other secondary coxarthrosis","0","1"
"M169","Coxarthrosis, unspecified","1","0"
"M170","Primary gonarthrosis, bilateral","0","1"
"M179","Gonarthrosis, unspecified","90","98"
"M1901","Primary arthrosis of other joints, shoulder region","0","1"
"M1929","Other secondary arthrosis, site unspecified","1","0"
"M1989","Other specified arthrosis, site unspecified","1","0"
"M1996","Arthrosis, unspecified, lower leg","1","2"
"M1997","Arthrosis, unspecified, ankle and foot","4","0"
"M1999","Arthrosis, unspecified, site unspecified","5","6"
"M2000","Mallet finger","0","1"
"M201","Hallux valgus (acquired)","7","8"
"M204","Other hammer toe(s) (acquired)","1","1"
"M206","Acquired deformity of toe(s), unspecified","1","0"
"M2199","Acquired deformity of limb, unspecified, site unspecified","1","0"
"M2319","Discoid meniscus (congenital), unspecified meniscus or ligament","1","1"
"M2329","Derangement of meniscus due to old tear or injury, unspecified meniscus or ligament","5","5"
"M2339","Other meniscus derangements, unspecified meniscus or ligament","1","2"
"M2421","Disorder of ligament, shoulder region","1","0"
"M2559","Pain in joint, site unspecified","0","1"
"M303","Mucocutaneous lymph node syndrome [Kawasaki]","0","6"
"M4029","Other and unspecified kyphosis, site unspecified","0","2"
"M4306","Spondylolysis, lumbar region","0","2"
"M4316","Spondylolisthesis, lumbar region","0","1"
"M4317","Spondylolisthesis, lumbosacral region","1","1"
"M4319","Spondylolisthesis, site unspecified","3","3"
"M4646","Discitis, unspecified, lumbar region","1","0"
"M4659","Other infective spondylopathies, site unspecified","3","3"
"M4716","Other spondylosis with myelopathy, lumbar region","0","1"
"M4796","Spondylosis, unspecified, lumbar region","18","13"
"M4802","Spinal stenosis, cervical region","9","2"
"M4806","Spinal stenosis, lumbar region","191","78"
"M4807","Spinal stenosis, lumbosacral region","1","0"
"M4809","Spinal stenosis, site unspecified","17","6"
"M4850","Collapsed vertebra, NEC, multiple sites in spine","0","2"
"M4854","Collapsed vertebra, NEC, thoracic region","0","4"
"M4856","Collapsed vertebra, NEC, lumbar region","3","8"
"M4859","Collapsed vertebra, NEC, site unspecified","4","7"
"M4882","Other specified spondylopathies, cervical region","1","1"
"M4889","Other specified spondylopathies, site unspecified","3","0"
"M501","Cervical disc disorder with radiculopathy","11","6"
"M502","Other cervical disc displacement","12","3"
"M509","Cervical disc disorder, unspecified","0","2"
"M511","Lumbar and other intervertebral disc disorders with radiculopathy(G551*)","18","14"
"M512","Other specified intervertebral disc displacement","53","19"
"M5419","Radiculopathy, site unspecified","0","1"
"M5422","Cervicalgia, cervical region","0","1"
"M5439","Sciatica, site unspecified","0","1"
"M5447","Lumbago with sciatica, lumbosacral region","3","0"
"M5450","Low back pain, multiple sites in spine","0","2"
"M5456","Low back pain, lumbar region","1","2"
"M5459","Low back pain, site unspecified","10","7"
"M5465","Pain in thoracic spine, thoracolumbar region","1","0"
"M6099","Myositis, unspecified, site unspecified","1","0"
"M6265","Muscle strain, pelvic region and thigh","0","1"
"M6266","Muscle strain, lower leg","1","0"
"M6269","Muscle strain, site unspecified","1","0"
"M6289","Other specified disorders of muscle, site unspecified","1","0"
"M6299","Disorder of muscle, unspecified, site unspecified","1","0"
"M6519","Other infective (teno)synovitis, site unspecified","0","1"
"M6539","Trigger finger, site unspecified","2","2"
"M654","Radial styloid tenosynovitis [de Quervain]","1","0"
"M6591","Synovitis and tenosynovitis, unspecified, shoulder region","0","1"
"M6595","Synovitis and tenosynovitis, unspecified, pelvic region and thigh","1","0"
"M6599","Synovitis and tenosynovitis, unspecified, site unspecified","1","0"
"M6739","Transient synovitis, site unspecified","0","4"
"M6746","Ganglion, lower leg","1","0"
"M6747","Ganglion, ankle and foot","0","1"
"M6749","Ganglion, site unspecified","0","4"
"M6791","Disorder of synovium and tendon, unspecified, shoulder region","1","0"
"M704","Prepatellar bursitis","1","0"
"M707","Other bursitis of hip","1","1"
"M7119","Other infective bursitis, site unspecified","1","0"
"M7155","Other bursitis, NEC, pelvic region and thigh","1","0"
"M7159","Other bursitis, NEC, site unspecified","4","1"
"M720","Palmar fascial fibromatosis(Dupuytren)","3","1"
"M722","Plantar fascial fibromatosis","3","0"
"M750","Adhesive capsulitis of shoulder","5","8"
"M751","Rotator cuff syndrome","56","36"
"M753","Calcific tendinitis of shoulder","1","0"
"M7689","Other enthesopathies of lower limb, excluding foot, site unspecified","2","0"
"M771","Lateral epicondylitis","1","0"
"M79100","Myofascial pain syndrome, multiple sites","2","0"
"M79108","Other myalgia, multiple sites","3","0"
"M79180","Myofascial pain syndrome, other","0","1"
"M79190","Myofascial pain syndrome, site unspecified","1","0"
"M7929","Neuralgia and neuritis, unspecified, site unspecified","0","1"
"M7999","Soft tissue disorder, unspecified, site unspecified","1","0"
"M8009","Postmenopausal osteoporosis with pathological fracture, site unspecified","0","1"
"M8029","Osteoporosis of disuse with pathological fracture, site unspecified","1","0"
"M8189","Other osteoporosis, site unspecified","1","1"
"M8199","Osteoporosis, unspecified, site unspecified","0","1"
"M8439","Stress fracture, NEC, site unspecified","0","1"
"M8445","Pathological fracture, NEC, pelvic region and thigh","0","1"
"M8639","Chronic multifocal osteomyelitis, site unspecified","2","0"
"M8697","Osteomyelitis, unspecified, ankle and foot","0","1"
"M8699","Osteomyelitis, unspecified, site unspecified","3","1"
"M8795","Osteonecrosis, unspecified, pelvic region and thigh","2","0"
"M8909","Complex regional pain syndrome type I, site unspecified","2","0"
"M939","Osteochondropathy, unspecified","1","0"
"M961","Postlaminectomy syndrome, NEC","17","8"
"M966","Fracture of bone following insertion of orthopaedic implant, joint prosthesis, or bone plate","1","3"
"M9973","Connective tissue and disc stenosis of intervertebral foramina, lumbar region","0","1"
"N019","Unspecified rapidly progressive nephritic syndrome","1","0"
"N049","Unspecified nephrotic syndrome","1","1"
"N059","Unspecified nephritic syndrome","2","2"
"N083","Glomerular disorders in diabetes mellitus","1","0"
"N088","Glomerular disorders in other diseases classified elsewhere","1","0"
"N10","Acute tubulo-interstitial nephritis","8","42"
"N12","Tubulo-interstitial nephritis, not specified as acute or chronic","1","0"
"N132","Hydronephrosis with renal and ureteral calculous obstruction","0","1"
"N1338","Other and unspecified hydronephrosis","1","1"
"N136","Pyonephrosis","0","2"
"N139","Obstructive and reflux uropathy, unspecified","0","1"
"N151","Renal and perinephric abscess","1","0"
"N179","Acute renal failure, unspecified","13","27"
"N181","Chronic kidney disease, stage 1","1","0"
"N183","Chronic kidney disease, stage 3","4","4"
"N184","Chronic kidney disease, stage 4","11","6"
"N185","Chronic kidney disease, stage 5","1","2"
"N189","Chronic kidney disease, unspecified","77","53"
"N200","Calculus of kidney","1","2"
"N201","Calculus of ureter","9","10"
"N210","Calculus in bladder","2","5"
"N258","Other disorders resulting from impaired renal tubular function","0","1"
"N280","Ischaemia and infarction of kidney","0","2"
"N281","Cyst of kidney, acquired","1","3"
"N300","Acute cystitis","3","5"
"N302","Other chronic cystitis","1","0"
"N309","Cystitis, unspecified","1","0"
"N319","Neuromuscular dysfunction of bladder, unspecified","4","1"
"N320","Bladder-neck obstruction","6","0"
"N342","Other urethritis","0","1"
"N359","Urethral stricture, unspecified","0","2"
"N390","Urinary tract infection, site not specified","7","29"
"N391","Persistent proteinuria, unspecified","1","0"
"N393","Stress incontinence","0","8"
"N400","Hyperplasia of prostate without complication","197","123"
"N401","Hyperplasia of prostate with urinary tract obstruction","22","16"
"N403","Hyperplasia of prostate with urinary tract obstruction and hematuria","1","1"
"N408","Hyperplasia of prostate with other complication","19","26"
"N410","Acute prostatitis","5","2"
"N433","Hydrocele, unspecified","2","5"
"N4500","Epididymitis with abscess","1","0"
"N4502","Epididymo-orchitis with abscess","1","0"
"N4590","Epididymitis without abscess","4","2"
"N481","Balanoposthitis","2","0"
"N499","Inflammatory disorder of unspecified male genital organ","0","1"
"N62","Hypertrophy of breast","1","0"
"N719","Inflammatory disease of uterus, unspecified","0","1"
"N739","Female pelvic inflammatory disease, unspecified","0","1"
"Q230","Congenital stenosis of aortic valve","0","2"
"Q273","Peripheral arteriovenous malformation","1","0"
"Q282","Arteriovenous malformation of cerebral vessels","2","0"
"Q613","Polycystic kidney, unspecified","1","1"
"R001","Bradycardia, unspecified","1","2"
"R002","Palpitations","0","2"
"R02","Gangrene, NEC","0","3"
"R042","Haemoptysis","2","2"
"R05","Cough","0","2"
"R060","Dyspnoea","1","2"
"R074","Chest pain, unspecified","8","6"
"R1049","Unspecified abdominal pain","9","4"
"R111","Nausea alone","0","1"
"R112","Vomiting alone","0","1"
"R113","Nausea with vomiting","1","0"
"R13","Dysphagia","3","1"
"R15","Faecal incontinence","1","1"
"R161","Splenomegaly, NEC","1","0"
"R18","Ascites","1","1"
"R190","Intra-abdominal and pelvic swelling, mass and lump","0","1"
"R202","Paraesthesia of skin","0","1"
"R223","Localized swelling, mass and lump, upper limb","0","1"
"R251","Tremor, unspecified","2","2"
"R270","Ataxia, unspecified","0","1"
"R310","Gross hematuria","0","3"
"R318","Other and unspecified hematuria","1","1"
"R33","Retention of urine","0","1"
"R402","Coma, unspecified","0","2"
"R418","Other and unspecified symptoms and signs involving cognitive functions and awareness","3","2"
"R42","Dizziness and giddiness","16","35"
"R454","Irritability and anger","0","1"
"R509","Fever, unspecified","4","30"
"R51","Headache","10","65"
"R529","Pain, unspecified","0","1"
"R53","Malaise and fatigue","9","5"
"R550","Vasovagal  syncope","5","1"
"R558","Other syncope and collapse","6","5"
"R560","Febrile convulsions","0","6"
"R568","Other and unspecified convulsions","0","5"
"R571","Hypovolaemic shock","0","1"
"R579","Shock, unspecified","1","0"
"R58","Haemorrhage, NEC","1","0"
"R590","Localized enlarged lymph nodes","2","2"
"R601","Generalized oedema","0","1"
"R609","Oedema, unspecified","2","1"
"R634","Abnormal weight loss","1","0"
"R739","Hyperglycaemia, unspecified","0","1"
"R92","Abnormal findings on diagnostic imaging of breast","2","0"
"R945","Abnormal results of liver function studies","0","1"
"S0089","Superficial injury of other parts of head, unspecified injury","0","1"
"S010","Open wound of scalp","0","1"
"S0153","Open wound of tongue and floor of mouth","0","1"
"S02620","Fracture of condylar process, closed","0","1"
"S02840","Fracture of medial wall of orbit, closed","1","0"
"S034","Sprain and strain of jaw","0","1"
"S0600","Concussion, without open intracranial wound","2","20"
"S0611","Traumatic cerebral oedema, with open intracranial wound","1","0"
"S0621","Diffuse brain injury, with open intracranial wound","1","0"
"S0640","Epidural haemorrhage, without open intracranial wound","1","0"
"S0650","Traumatic subdural haemorrhage, without open intracranial wound","3","4"
"S0651","Traumatic subdural haemorrhage, with open intracranial wound","11","14"
"S0661","Traumatic subarachnoid haemorrhage, with open intracranial wound","0","5"
"S0680","Other intracranial injuries, without open intracranial wound","2","1"
"S0681","Other intracranial injuries, with open intracranial wound","0","2"
"S1270","Multiple fracture of cervical spine, closed","0","1"
"S1290","Fracture of neck,part unspecified, closed","0","3"
"S134","Sprain and strain of cervical spine","2","12"
"S141","Other and unspecified injuries of cervical spinal cord","2","0"
"S146","Injury of other and unspecified nerves of neck","4","3"
"S2021","Contusion of back wall of thorax","1","2"
"S22060","Fracture of T9 and T10 level, closed","0","2"
"S22070","Fracture of T11 and T12 level, closed","0","2"
"S22090","Fracture of thoracic vertebra, level unspecified, closed","5","21"
"S2220","Fracture of sternum, closed","1","1"
"S22320","Fracture of first rib, closed","10","8"
"S22321","Fracture of first rib, open","2","1"
"S22330","Fracture of rib, other than first rib, closed","0","2"
"S22430","Multiple fracture of involving two ribs, closed","1","2"
"S22450","Multiple fracture of involving four or more ribs, closed","2","3"
"S22490","Multiple fracture of unspecified ribs, closed","5","4"
"S233","Sprain and strain of thoracic spine","1","0"
"S2340","Sprain and strain of ribs","1","2"
"S246","Injury of unspecified nerve of thorax","1","0"
"S301","Contusion of abdominal wall","2","0"
"S311","Open wound of abdominal wall","0","1"
"S32020","Fracture of L1 level, closed","4","4"
"S32030","Fracture of L2 level, closed","1","4"
"S32040","Fracture of L3 level, closed","0","2"
"S32050","Fracture of L4 level, closed","2","1"
"S32090","Fracture of lumbar vertebra, level unspecified, closed","20","36"
"S3210","Fracture of sacrum, closed","0","2"
"S3240","Fracture of acetabulum, closed","0","1"
"S3270","Multiple fracture of lumbar spine and pelvis, closed","0","1"
"S32880","Other pelvic fracture, closed","0","6"
"S32890","Fracture of pelvis, part unspecified, closed","0","1"
"S330","Traumatic rupture of lumbar intervertebral disc","0","1"
"S3350","Sprain and strain of lumbar spine","4","14"
"S36519","Injury of colon with open wound into cavity, other and unspecified injuries","1","0"
"S37309","Injury of urethra without open wound into cavity, other and unspecified injuries","0","1"
"S400","Contusion of shoulder and upper arm","0","1"
"S42030","Fracture of sternal end of clavicle, closed","1","0"
"S42040","Fracture of shaft of clavicle, closed","1","0"
"S42050","Fracture of aeromial end of clavicle, closed","3","1"
"S42090","Fracture of clavicle, part unspecified, closed","1","4"
"S42150","Fracture of coracoid process, closed","2","0"
"S42220","Fracture of head end of humerus, closed","0","1"
"S42230","Fracture of surgical neck of humerus, closed","1","3"
"S42231","Fracture of surgical neck of humerus, open","1","0"
"S42290","Fracture of upper end of humerus, part unspecified, closed","0","2"
"S4230","Fracture of shaft of humerus, closed","0","2"
"S42430","Fracture of lateral condyle of humerus, closed","0","1"
"S42460","T-shape fracure of distal humerus, closed","0","3"
"S4280","Fracture of other parts of shoulder and upper arm, closed","0","2"
"S4309","Dislocation of shoulder, unspecified","0","3"
"S431","Dislocation of acromioclavicular joint","0","1"
"S434","Sprain and strain of shoulder joint","0","3"
"S4600","Injury of muscle(s) and tendon(s) of the rotator cuff of shoulder, laceration","3","3"
"S4608","Injury of muscle(s) and tendon(s) of the rotator cuff of shoulder, other and unspecified injury","10","3"
"S4698","Injury of unspecified muscle and tendon at shoulder and upper arm level, other and unspecified injury","1","0"
"S500","Contusion of elbow","2","0"
"S52020","Fracture of olecranon process of ulna, closed","2","3"
"S52120","Fracture of head of radius, closed","2","3"
"S52130","Fracture of neck of radius, closed","0","1"
"S52520","Fracture of lower end of radius with dorsal angulation, closed","3","26"
"S52580","Other and multiple fracture of lower end of radius, closed","4","8"
"S52590","Fracture of lower end of radius, unspecified, closed","0","3"
"S5260","Fracture of lower end of both ulna and radius, closed","0","1"
"S5270","Multiple fracture of forearm, closed","0","2"
"S619","Open wound of wrist and hand part, part unspecified","0","1"
"S62320","Fracture of base, close","2","0"
"S62330","Fracture of shaft, close","1","0"
"S62340","Fracture of neck, close","1","0"
"S62390","Fracture of metacarpal bone, part unspecified, close","1","1"
"S62620","Fracture of proximal phalanx, close","1","1"
"S62640","Fracture of distal phalanx, close","0","1"
"S62641","Fracture of distal phalanx, open","1","2"
"S6502","Injury of ulnar artery at wrist and hand level, laceration","3","0"
"S6618","Injury of flexor muscle and tendon of other finger at wrist and hand level, other and unspecified injury","2","0"
"S6628","Injury of extensor muscle and tendon of thumb at wrist and hand level, other and unspecified injury","0","1"
"S6700","Crushing injury of thumb","0","1"
"S682","Traumatic amputation of two or more fingers alone (complete)(partial)","2","0"
"S698","Other specified injuries of wrist and hand","0","1"
"S700","Contusion of hip","2","1"
"S72040","Fracture of subcapital section of femur, closed","2","11"
"S72060","Fracture of base of neck of femur, closed","2","4"
"S72080","Fracture of other parts of neck of femur, closed","5","0"
"S72090","Fracture of neck of femur, part unspecified, closed","3","9"
"S72120","Fracture of interochanteric dection of femur, closed","11","30"
"S72190","Fracture of trochanteric section of femur, unspecified, closed","0","4"
"S7220","Subtrochanteric fracture of femur, closed","1","3"
"S7230","Fracture of shaft of femur, closed","0","7"
"S72420","Fracture of femoral condyle, closed","1","1"
"S72421","Fracture of femoral condyle, open","0","1"
"S72440","Supracondylar fracture of femur, closed","1","1"
"S72441","Supracondylar fracture of femur, open","0","1"
"S72490","Fracture of lower end of femur, part unspecified, closed","3","2"
"S7290","Fracture of femur,part unspecified, closed","1","5"
"S7319","Sprain and strain of unspecified site of hip","0","3"
"S7618","Injury of quadriceps muscle and tendon, other and unspecified injury","1","0"
"S800","Contusion of knee","1","1"
"S801","Contusion of other and unspecified parts of lower leg","1","0"
"S809","Superficial injury of lower leg, unspecified","1","0"
"S819","Open wound of lower leg, part unspecified","0","3"
"S8200","Fracture of patella, closed","3","9"
"S82180","Other fracture of upper end of tibia, closed","0","5"
"S82220","Fracture of shaft of tibia of fracture of fibula(any part), closed","1","2"
"S82280","Other fracture of shaft of tibia, closed","0","5"
"S82380","Other fracture of lower end of tibia, closed","1","2"
"S82430","Fracture of shaft, closed","0","1"
"S82490","Fracture of fibula, part unspecified, closed","7","7"
"S8250","Fracture of medial malleolus, closed","2","4"
"S8251","Fracture of medial malleolus, open","1","0"
"S8260","Fracture of lateral malleolus, closed","1","4"
"S82820","Bimalleolar fracture, ankle, closed","3","4"
"S82830","Trimalleolar fracture, ankle, closed","1","2"
"S830","Dislocation of patella","0","1"
"S8320","Tear of medial meniscus","0","4"
"S8321","Tear of lateral meniscus","3","0"
"S8329","Tear of meniscus, unspecified","1","0"
"S8341","Sprain and strain of medial collateral ligament","1","1"
"S8351","Sprain and strain of posterior cruciate ligament","0","2"
"S836","Sprain and strain of other and unspecified parts of knee","1","3"
"S837","Injury to multiple structures of knee","1","1"
"S8608","Injury of Achilles tendon, other and unspecified injury","0","1"
"S8618","Injury of other muscle(s) and tendon(s) of posterior muscle group at lower leg level, other and unspecified injury","0","1"
"S8678","Injury of multiple muscles and tendons at lower leg level, other and unspecified injury","0","1"
"S8698","Injury of unspecified muscles and tendons at lower leg level, other and unspecified injury","1","0"
"S901","Contusion of toe(s) without damage to nail","1","0"
"S911","Open wound of toe(s) without damage to nail","1","0"
"S913","Open wound of other parts of foot","0","2"
"S9200","Fracture of calcaneus, closed","7","1"
"S9230","Fracture of metatarsal bone, closed","8","3"
"S9240","Fracture of great toe, closed","0","1"
"S9250","Fracture of other toe, closed","2","1"
"S932","Rupture of ligaments at ankle and foot level","0","1"
"S9338","Dislocation of other part of foot","1","0"
"S9340","Sprain and strain of deltoid (ligament), ankle","0","2"
"S9342","Sprain and strain of tibiofibular (ligament)","0","1"
"S9348","Sprain and strain of other part of ankle","0","1"
"S9349","Sprain and strain of ankle, part unspecified","2","5"
"S936","Sprain and strain of other and unspecified parts of foot","0","1"
"S9628","Injury of intrinsic muscle and tendon at ankle and foot level, other and unspecified injury","1","0"
"T009","Multiple superficial injuries, unspecified","0","3"
"T0240","Fractures involving multiple regions of both upper limbs, closed","0","1"
"T080","Fracture of spine, level unspecified, closed","3","2"
"T093","Injury of spinal cord, level unspecified","2","1"
"T131","Open wound of lower limb, level unspecified","0","1"
"T140","Superficial injury of unspecified body region","2","0"
"T141","Open wound of unspecified body region","0","1"
"T143","Dislocation, sprain and strain of unspecified body region","0","1"
"T1759","Foreign body in bronchus, unspecified foreign body","0","1"
"T181","Foreign body in oesophagus","0","1"
"T182","Foreign body in stomach","0","1"
"T189","Foreign body in alimentary tract, part unspecified","1","1"
"T2326","Burn of second degree of wrist and hand, wrist","1","0"
"T252","Burn of second degree of ankle and foot","0","1"
"T300","Burn of unspecified body region, unspecified degree","1","1"
"T509","Poisoning by other and unspecified drugs, medicaments and biological substances","1","0"
"T659","Toxic effect of unspecified substance","0","1"
"T781","Other adverse food reactions, NEC","0","1"
"T810","Haemorrhage and haematoma complicating a procedure, NEC","0","3"
"T814","Infection following a procedure, NEC","5","1"
"T819","Unspecified complications of procedure","0","1"
"T824","Mechanical complication of vascular dialysis catheter","1","0"
"T840","Mechanical complication of internal joint prosthesis","1","1"
"T845","Infection and inflammatory reaction due to internal joint prosthesis","6","1"
"T847","Infection and inflammatory reaction due to other internal orthopaedic prosthetic devices, implants and grafts","0","2"
"T857","Infection and inflammatory reaction due to other internal prosthetic devices, implants and grafts","2","0"
"T905","Sequelae of intracranial injury","2","0"
"T932","Sequelae of other fractures of lower limb","0","1"
"Z491","Persons encountering health services for extracorporeal dialysis","10","6"
"Z931","Gastrostomy status","0","1"
"Z952","Presence of prosthetic heart valve","1","0"
"Z954","Presence of other heart-valve replacement","2","1"
