"병원","분류","명칭","코드","구분","비용","최저비용","최고비용","치료재료대포함여부","약제비포함여부","특이사항"
"부산","검사료","안구광학단층촬영[편측]","EZ7960000","","50000","","","N","N",""
"부산","검사료","동맥경화도검사(맥파전달속도측정)","EZ8680000","","","30000","50000","N","N","1부위/2부위"
"부산","검사료","체온열검사","EZ776","","","50000","100000","N","N","부위별/전신"
"부산","검사료","비디오전기안진검사","FZ7330000","","","31010","103500","N","N","검사방법에 따라"
"부산","상급병실료(차액)","","","","70000","","","N","N","호스피스,산재,자보"
"부산","검사료","","CZ432","","25300","","","N","N",""
"부산","검사료","인플루엔자 A·B 바이러스항원검사 [현장검사]","CZ3940000","","25000","","","N","N",""
"부산","처치 및 수술료 등","","","","8000","","","N","N",""
"부산","처치 및 수술료 등","","","","200000","","","N","N",""
"부산","처치 및 수술료 등","","","","150000","","","N","N",""
"부산","처치 및 수술료 등","","","","200000","","","N","N","급여 인정기준 외 실시한 경우 비급여"
"부산","처치 및 수술료 등","","","","500000","","","N","N","급여 인정기준 외 실시한 경우 비급여"
"부산","처치 및 수술료 등","","","","1000000","","","N","N",""
"부산","처치 및 수술료 등","","","","2000000","","","N","N",""
"부산","처치 및 수술료 등","","","","2000000","","","N","N",""
"부산","처치 및 수술료 등","","","","1000000","","","N","N",""
"부산","처치 및 수술료 등","","","","400000","","","N","N",""
"부산","처치 및 수술료 등","","","","700000","","","N","N",""
"부산","처치 및 수술료 등","","","","500000","","","N","N",""
"부산","처치 및 수술료 등","","","","100000","","","N","N",""
"부산","처치 및 수술료 등","","","","500000","","","N","N","치료재료 별도산정"
"부산","처치 및 수술료 등","","","","10000","","","N","N",""
"부산","처치 및 수술료 등","","","","200000","","","N","N",""
"부산","처치 및 수술료 등","","","","300000","","","N","N",""
"부산","처치 및 수술료 등","","","","500000","","","N","N",""
"부산","처치 및 수술료 등","","","","30000","","","N","N",""
"부산","처치 및 수술료 등","","","","90000","","","N","N",""
"부산","처치 및 수술료 등","","","","300000","","","N","N","급여 인정기준 외 실시한 경우 비급여"
"부산","처치 및 수술료 등","","","","250000","","","N","N","부가세별도"
"부산","처치 및 수술료 등","","","","300000","","","N","N","부가세별도"
"부산","처치 및 수술료 등","","","","3000","","","N","N","부가세별도"
"부산","처치 및 수술료 등","","","","5000","","","N","N","부가세별도"
"부산","처치 및 수술료 등","","","","10000","","","N","N","부가세별도"
"부산","처치 및 수술료 등","","","","30000","","","N","N","부가세별도"
"부산","처치 및 수술료 등","","","","50000","","","N","N","부가세별도"
"부산","처치 및 수술료 등","","","","100000","","","N","N","부가세별도"
"부산","처치 및 수술료 등","","","","300000","","","N","N","부가세별도"
"부산","처치 및 수술료 등","","","","150000","","","N","N","부가세별도"
"부산","처치 및 수술료 등","","","","100000","","","N","N","부가세별도"
"부산","처치 및 수술료 등","","","","200000","","","N","N","부가세별도"
"부산","처치 및 수술료 등","","","","300000","","","N","N","부가세별도"
"부산","처치 및 수술료 등","안구표면의 양막이식술","SZ667","","250000","","","N","N",""
"부산","처치 및 수술료 등","색소레이저광선치료[1회당]-10㎠미만 피부병변","N1131","","10000","","","N","N","부가세별도"
"부산","이학요법료","체외자기장 요실금치료 [1일당]","MX0330000","","","20000","30000","N","N","질환별"
"부산","자기공명영상진단료(MRI)","","","","250000","","","N","N","수술후 추적검사"
"부산","자기공명영상진단료(MRI)","흉추와 요천추를 동시촬영","HE1130000","","705000","","","N","N","RMHE110,RMHE113 합한 금액"
"부산","초음파 검사료","","","","200000","","","N","N",""
"부산","검사료","구취측정","EZ917","","30000","","","N","N",""
"부산","검사료","비유전성 유전자검사-중합효소연쇄반응-확장-이중중합효소연쇄반응, 중합효소연쇄반응-교잡반응","C5831","","56562","","","N","N",""
"부산","검사료","기타 검사-인플루엔자바이러스 A&B [실시간 중합효소연쇄반응]","CZ996","","59652","","","N","N",""
"부산","검사료","","","","26333","","","N","N","위탁검사"
"부산","검사료","항퍼킨제세포세포질항체","CZ424","","34009","","","N","N","위탁검사"
"부산","검사료","항신경핵항체 2형","CZ423","","34009","","","N","N","위탁검사"
"부산","검사료","항신경핵항체 1형","CZ422","","34009","","","N","N","위탁검사"
"부산","검사료","","","","12000","","","N","N",""
"부산","검사료","","","","15000","","","N","N",""
"부산","치과의 보철료","","","","","1620000","1800000","Y","N","재료에 따라 상이"
"부산","치과의 보철료","크라운-Gold","UW607F320","","","420000","460000","Y","N","금함량(55%, 72% )"
"부산","치과 처치·수술료","광중합형 복합레진충전 우식-3면 이상","U02410000","","80000","","","N","N",""
"부산","치과 처치·수술료","광중합형 복합레진충전 우식-2면","U02400000","","80000","","","N","N",""
"부산","치과 처치·수술료","광중합형 복합레진충전 우식-1면","U02390000","","80000","","","N","N",""
"부산","처치 및 수술료 등","경피적 풍선확장 경막외강 신경성형","SZ6410000","","1092000","","","Y","N",""
"부산","처치 및 수술료 등","경피적 경막외강 신경성형술","SZ6340000","","","989832","1200000","Y","N","치료재료에 따라 상이"
"부산","처치 및 수술료 등","체외충격파치료[근골격계질환]","SZ0840000","","50000","","","N","N",""
"부산","처치 및 수술료 등","추간판내 고주파 열치료술","SZ0830000","","2097688","","","Y","N",""
"부산","이학요법료","전산화 인지재활치료[주의·기억]","MZ0090000","","35000","","","N","N",""
"부산","이학요법료","증식치료-척추부위","MY1430000","","30000","","","N","N",""
"부산","이학요법료","증식치료-사지관절부위","MY1420000","","20000","","","N","N",""
"부산","자기공명영상진단료(MRI)","사지혈관-일반","HE1390000","","400000","","","N","N",""
"부산","자기공명영상진단료(MRI)","관절외 하지-일반","HE1230000","","470000","","","N","N",""
"부산","자기공명영상진단료(MRI)","관절외 상지-일반","HE1220000","","470000","","","N","N",""
"부산","자기공명영상진단료(MRI)","발목관절-일반","HE1210000","","470000","","","N","N",""
"부산","자기공명영상진단료(MRI)","슬관절-일반","HE1200000","","470000","","","N","N",""
"부산","자기공명영상진단료(MRI)","천장골관절-일반","HE1190000","","470000","","","N","N",""
"부산","자기공명영상진단료(MRI)","고관절-일반","HE1180000","","470000","","","N","N",""
"부산","자기공명영상진단료(MRI)","수관절-일반","HE1170000","","470000","","","N","N",""
"부산","자기공명영상진단료(MRI)","주관절-일반","HE1160000","","470000","","","N","N",""
"부산","자기공명영상진단료(MRI)","견관절-일반","HE1150000","","470000","","","N","N",""
"부산","자기공명영상진단료(MRI)","경추, 흉추, 요천추와 척추강을 동시촬영","HE1140000","","705000","","","N","N",""
"부산","자기공명영상진단료(MRI)","척추강-일반","HE1120000","","470000","","","N","N",""
"부산","자기공명영상진단료(MRI)","요천추-일반","HE1110000","","470000","","","N","N",""
"부산","자기공명영상진단료(MRI)","경추-일반","HE1090000","","470000","","","N","N",""
"부산","자기공명영상진단료(MRI)","흉추-일반","HE1100000","","470000","","","N","N",""
"부산","압력요류검사용 커프","UROCUFF DISPOSABLE","BM9101TZ","","90000","","","","",""
"부산","CRANIOFACIAL IMPLANTS","MEDPOR CRANIAL PRODUCT","BC7005BW","","2400000","","","","",""
"부산","배액관 고정용판","TUBE FIX","BJ1001XV","","22500","","","","",""
"부산","고주파를 이용한 하비갑개 용적감소술용 재료","COBLATION REFLEX ULTRA PLASMA WAND","BI0631AD","","440000","","","","",""
"부산","자착성(탄력)붕대","PEHAHAFT LATEX FREE","BK7111DQ","","","12000","25500","","",""
"부산","자착성(탄력)붕대","3M COBAN SELF-ADHERENT WRAP","BK7101EA","","1700","","","","",""
"부산","합성거즈 드레싱류","SECUEX","BM5001GA","H/일반","","900","1300","","",""
"부산","창상피복제","NASOPORE","BM2201IE","","","113860","122719","","",""
"부산","혈관 중재적 시술후 지혈용","QUIKCLOT RADIAL, INTERVENTIONAL","BJ7001CH","","90000","","","","",""
"부산","혈관 중재적 시술후 지혈용","CLO-SUR PLUS P.A.D","BJ7001OO","","89900","","","","",""
"부산","경막외강 신경박리술용","EPISOL","BJ4803GZ","","638624","","","","",""
"부산","경막외강 신경박리술용","ST REED","BJ4801RA","","489832","","","","",""
"부산","경막외강 신경박리술 및 감압 신경성형술용","BIOVISION 1.7 KIT","BJ4804XU","","700000","","","","",""
"부산","풍선확장 경막외강 유착박리술용","ASAN-ZINEU BALLOON CATHETER","BJ4801NX","","792000","","","","",""
"부산","혈관내영상카테타","REVOLUTION CATHETER","BJ4502JT","","1419830","","","","",""
"부산","혈관내영상카테타","EAGLE EYE IVUS CATHETER","BJ4504JT","","1419835","","","","",""
"부산","경추전방고정술용 SCREW","INION S-1 SCREW","BF0801BP","","319985","","","","",""
"부산","경추전방고정술용 재료 SET","INION S-1 SET","BF0701BP","","919949","","","","",""
"부산","추간판내 고주파 열치료술","YES C DISC","BF0202SH","","1597688","","","","",""
"부산","척추극돌기간고정용","DIAM","BF0402AW","","2640000","","","","",""
"부산","척추고정용","MOBI-C WITH PLUG & FIT","BF0001KV","","4400000","","","","",""
"부산","척추고정용","ACTIV C","BF0003BP","","4250000","","","","",""
"부산","흡수성 PLATE 고정용 SCREW","OTPS SCREW","BC6002HP","4.5MM","351500","","","","",""
"부산","흡수성 PLATE 고정용 SCREW","OTPS SCREW","BC6001HP","2.8MM/3.1MM","","147250","218500","","",""
"부산","흡수성 MESH PLATE","OTPS MESH PLATE","BC5401HP","","864500","","","","",""
"부산","흡수성 골절고정용 PLATE","INION OTPS BIODEGRADABLE DISTAL RADIUS PLATE","BC5302HP","","760000","","","","",""
"부산","압박고정용 SPLINT","ALKANTIS","BC1202LF","","65000","","","","",""
"부산","인체조직유래 2차 가공뼈","BONGENER, CGDBM DEEP, EL FUSE INJECTABLE","BC0102QT","1CC/2.5CC","","345000","855000","","",""
"부산","인체조직유래 2차 가공뼈","ORTHOBLAST ∥ PASTE","BC0101IE","","380938","","","","",""
"부산","","부스트릭스프리필드시린지(성인용 흡착디프테리아,파상풍 톡소이드 및 정제백일해 혼합 백신)","650001960","","40000","","","","",""
"부산","","에스케이티디백신주(프리필드시린지)(성인용흡착파상풍및디프테리아혼합톡소이드)","056400061","","30000","","","","",""
"부산","","헤파빅주(비형간염사람면역글로불린)(수출명:헤파글로브)","643601890","","22000","","","","",""
"부산","","진크피현탁액(아연피리치온2%)","658900250","","3330","","","","",""
"부산","","소노뷰주(설파헥사플루오라이드)","621400210","","83814","","","","",""
"부산","","설간-구구좌제","657200370","","151","","","","",""
"부산","","오스테민캅셀(결정황산글루코사민)","647801830","","1","","","","",""
"부산","","진료기록사본-6매 이상","PDZ110102","","100","","","","",""
"부산","","진료기록사본-1~5매","PDZ110101","","1000","","","","",""
"부산","","진료기록(영상)-CD","PDZ110004","","5000","","","","",""
"부산","","진료기록(영상)-CD","PDZ110004","","5000","","","","",""
"부산","","진료기록(영상)-CD","PDZ110004","","5000","","","","",""
"부산","","진료기록(영상)-CD","PDZ110004","","5000","","","","",""
"부산","","","","","50000","","","","",""
"부산","","","","","27830","","","","",""
"부산","","","","","28000","","","","",""
"부산","","","","","42000","","","","",""
"부산","","채용신체 검사서-일반","PDZ010004","","30000","","","","",""
"부산","","채용신체 검사서-공무원","PDZ010003","","40000","","","","",""
"부산","","건강진단서","PDZ010001","","20000","","","","",""
"부산","","","","","10000","","","","",""
"부산","","근로능력평가용진단서","PDZ010002","","10000","","","","",""
"부산","","후유장애진단서","PDZ070003","","100000","","","","",""
"부산","","통원확인서","PDZ090004","","3000","","","","",""
"부산","","통원확인서","PDZ090004","","1000","","","","",""
"부산","","출생증명서","PDZ060000","","4500","","","","",""
"부산","","출생증명서","PDZ060000","","3000","","","","",""
"부산","","진료확인서","PDZ090007","","3000","","","","",""
"부산","","향후진료비추정서-천만원이상","PDZ140002","","100000","","","","",""
"부산","","향후진료비추정서-천만원미만","PDZ140001","","50000","","","","",""
"부산","","","","","100000","","","","",""
"부산","","","","","100000","","","","",""
"부산","","장애인증명서","PDZ170000","","1000","","","","",""
"부산","","입퇴원확인서","PDZ090002","","3000","","","","",""
"부산","","일반진단서","PDZ010000","","10000","","","","",""
"부산","","","","","15000","","","","",""
"부산","","","","","10000","","","","",""
"부산","","상해진단서-3주이상","PDZ020002","","100000","","","","",""
"부산","","상해진단서-3주미만","PDZ020001","","50000","","","","",""
"부산","","","","","20000","","","","",""
"부산","","시체검안서","PDZ040000","","30000","","","","",""
"부산","","","","","15000","","","","",""
"부산","","사망진단서","PDZ030000","","10000","","","","",""
"부산","","병무용진단서","PDZ080000","","20000","","","","",""
"부산","","국민연금 장애심사용진단서","PDZ100000","","6000","","","","",""
"부산","한방 시술 및 처치료","","","","30000","","","N","N",""
"부산","한방 시술 및 처치료","","","","15000","","","N","N",""
"부산","기타","","","","199000","","","N","N",""
"부산","기타","","","","163000","","","N","N",""
"부산","기타","","","","114000","","","N","N",""
"부산","기타","","","","76000","","","N","N",""
"부산","입원환자 식대","","","","1000","","","N","N","부가세별도"
"부산","입원환자 식대","","","","6000","","","N","N","부가세별도"
"부산","치과의 보철료","","","","800000","","","Y","N",""
"부산","치과의 보철료","","","","700000","","","Y","N",""
"부산","치과의 보철료","","","","550000","","","Y","N",""
"부산","치과의 보철료","","","","160000","","","Y","N",""
"부산","치과의 보철료","","","","400000","","","Y","N",""
"부산","치과의 보철료","","","","350000","","","Y","N",""
"부산","치과의 보철료","","","","280000","","","Y","N",""
"부산","치과의 보철료","","","","570000","","","Y","N",""
"부산","치과의 보철료","","","","1800000","","","Y","N",""
"부산","치과의 보철료","","","","1600000","","","Y","N",""
"부산","치과의 보철료","","","","1400000","","","Y","N",""
"부산","치과의 보철료","","","","1200000","","","Y","N",""
"부산","치과의 보철료","","","","2700000","","","Y","N",""
"부산","치과의 보철료","","","","2300000","","","Y","N",""
"부산","치과의 보철료","","","","1900000","","","Y","N",""
"부산","치과의 보철료","","","","1500000","","","Y","N",""
"부산","치과의 보철료","","","","1800000","","","Y","N",""
"부산","치과의 보철료","","","","1500000","","","Y","N",""
"부산","치과의 보철료","","","","1200000","","","Y","N",""
"부산","치과의 보철료","","","","2100000","","","Y","N",""
"부산","치과의 보철료","","","","1800000","","","Y","N",""
"부산","치과의 보철료","","","","1500000","","","Y","N",""
"부산","치과의 보철료","","","","1500000","","","Y","N",""
"부산","치과의 보철료","","","","1000000","","","Y","N",""
"부산","치과의 보철료","","","","230000","","","Y","N",""
"부산","치과의 보철료","","","","460000","","","Y","N",""
"부산","치과의 보철료","","","","450000","","","Y","N",""
"부산","치과의 보철료","","","","500000","","","Y","N",""
"부산","치과의 보철료","","","","1150000","","","Y","N",""
"부산","치과의 보철료","","","","2500000","","","Y","N",""
"부산","치과의 보철료","","","","1800000","","","Y","N",""
"부산","치과의 보철료","","","","1500000","","","Y","N",""
"부산","치과의 보철료","","","","600000","","","Y","N",""
"부산","치과의 보철료","","","","800000","","","Y","N",""
"부산","치과의 보철료","","","","620000","","","Y","N",""
"부산","치과의 보철료","","","","660000","","","Y","N",""
"부산","치과의 보철료","","","","1450000","","","Y","N",""
"부산","치과의 보철료","","","","1350000","","","Y","N",""
"부산","치과의 보철료","","","","500000","","","Y","N",""
"부산","치과의 보철료","","","","900000","","","Y","N",""
"부산","치과의 보철료","","","","150000","","","Y","N",""
"부산","치과의 보철료","","","","650000","","","Y","N",""
"부산","치과의 보철료","","","","550000","","","Y","N",""
"부산","치과의 보철료","","","","500000","","","Y","N",""
"부산","치과의 보철료","","","","600000","","","Y","N",""
"부산","치과의 보철료","","","","700000","","","Y","N",""
"부산","치과의 보철료","","","","440000","","","Y","N",""
"부산","치과의 보철료","","","","350000","","","Y","N",""
"부산","치과의 보철료","","","","300000","","","Y","N",""
"부산","치과의 보철료","","","","340000","","","Y","N",""
"부산","치과의 보철료","","","","400000","","","Y","N",""
"부산","치과의 보철료","","","","350000","","","Y","N",""
"부산","치과의 보철료","","","","500000","","","Y","N",""
"부산","치과의 보철료","","","","600000","","","Y","N",""
"부산","치과의 보철료","","","","1200000","","","Y","N",""
"부산","치과의 보철료","","","","1400000","","","Y","N",""
"부산","치과의 보철료","","","","1600000","","","Y","N",""
"부산","치과의 보철료","","","","600000","","","Y","N",""
"부산","치과의 보철료","","","","150000","","","Y","N",""
"부산","치과의 보철료","","","","300000","","","Y","N",""
"부산","치과의 보철료","","","","190000","","","Y","N",""
"부산","치과의 보철료","","","","1100000","","","Y","N",""
"부산","치과의 보철료","","","","880000","","","Y","N",""
"부산","치과의 보철료","","","","1600000","","","Y","N",""
"부산","치과의 보철료","","","","1400000","","","Y","N",""
"부산","치과의 보철료","","","","1800000","","","Y","N",""
"부산","치과의 보철료","","","","1600000","","","Y","N",""
"부산","치과의 보철료","","","","430000","","","Y","N",""
"부산","치과의 보철료","","","","1400000","","","Y","N",""
"부산","치과의 보철료","","","","1200000","","","Y","N",""
"부산","치과의 보철료","","","","600000","","","Y","N",""
"부산","치과의 보철료","","","","700000","","","Y","N",""
"부산","치과의 보철료","","","","220000","","","Y","N",""
"부산","치과의 보철료","","","","180000","","","Y","N",""
"부산","치과의 보철료","","","","260000","","","Y","N",""
"부산","치과의 보철료","","","","230000","","","Y","N",""
"부산","치과의 보철료","","","","280000","","","Y","N",""
"부산","치과의 보철료","","","","270000","","","Y","N",""
"부산","치과의 보철료","","","","350000","","","Y","N",""
"부산","치과의 보철료","","","","300000","","","Y","N",""
"부산","치과의 보철료","","","","370000","","","Y","N",""
"부산","치과의 보철료","","","","290000","","","Y","N",""
"부산","치과의 보철료","","","","400000","","","Y","N",""
"부산","치과의 보철료","","","","470000","","","Y","N",""
"부산","치과의 보철료","","","","520000","","","Y","N",""
"부산","치과의 보철료","","","","380000","","","Y","N",""
"부산","치과의 보철료","","","","450000","","","Y","N",""
"부산","치과의 보철료","","","","520000","","","Y","N",""
"부산","치과의 보철료","","","","350000","","","Y","N",""
"부산","치과의 보철료","","","","370000","","","Y","N",""
"부산","치과의 보철료","","","","250000","","","Y","N",""
"부산","치과의 보철료","","","","250000","","","Y","N",""
"부산","치과의 보철료","","","","350000","","","Y","N",""
"부산","치과의 보철료","","","","100000","","","N","N",""
"부산","치과의 보철료","","","","50000","","","N","N",""
"부산","치과 처치·수술료","","","","100000","","","N","N",""
"부산","치과의 보철료","","","","10000","","","N","N",""
"부산","치과 처치·수술료","","","","500000","","","N","N",""
"부산","치과 처치·수술료","","","","13700","","","N","N",""
"부산","치과의 보철료","","","","1500000","","","N","N",""
"부산","치과의 보철료","","","","1000000","","","N","N",""
"부산","치과의 보철료","","","","300000","","","N","N",""
"부산","치과의 보철료","","","","100000","","","N","N",""
"부산","치과의 보철료","","","","50000","","","N","N",""
"부산","치과의 보철료","","","","50000","","","N","N",""
"부산","치과의 보철료","","","","500000","","","N","N",""
"부산","치과의 보철료","","","","300000","","","N","N",""
"부산","치과의 보철료","","","","100000","","","N","N",""
"부산","치과 처치·수술료","","","","100000","","","N","N",""
"부산","치과 처치·수술료","","","","60000","","","N","N",""
"부산","치과의 보철료","","","","1500000","","","N","N",""
"부산","치과의 보철료","","","","1000000","","","N","N",""
"부산","치과의 보철료","","","","100000","","","N","N",""
"부산","치과의 보철료","","","","500000","","","N","N",""
"부산","치과 처치·수술료","","","","80000","","","N","N",""
"부산","치과의 보철료","","","","30000","","","N","N",""
"부산","치과의 보철료","","","","1000000","","","N","N",""
"부산","치과의 보철료","","","","200000","","","N","N",""
"부산","치과의 보철료","","","","200000","","","N","N",""
"부산","치과의 보철료","","","","50000","","","N","N",""
"부산","치과의 보철료","","","","100000","","","N","N",""
"부산","치과의 보철료","","","","50000","","","N","N",""
"부산","치과의 보철료","","","","100000","","","N","N",""
"부산","치과의 보철료","","","","50000","","","N","N",""
"부산","치과의 보철료","","","","300000","","","N","N",""
"부산","치과의 보철료","","","","300000","","","N","N",""
"부산","치과의 보철료","","","","200000","","","N","N",""
"부산","치과의 보철료","","","","50000","","","N","N",""
"부산","치과의 보철료","","","","50000","","","N","N",""
"부산","치과의 보철료","","","","100000","","","N","N",""
"부산","치과의 보철료","","","","100000","","","N","N",""
"부산","치과의 보철료","","","","50000","","","N","N",""
"부산","치과의 보철료","","","","30000","","","N","N",""
"부산","치과의 보철료","","","","50000","","","N","N",""
"부산","치과의 보철료","","","","100000","","","N","N",""
"부산","치과의 보철료","","","","30000","","","N","N",""
"부산","치과의 보철료","","","","300000","","","N","N",""
"부산","치과의 보철료","","","","30000","","","N","N",""
"부산","치과의 보철료","","","","50000","","","N","N",""
"부산","치과의 보철료","","","","30000","","","N","N",""
"부산","치과의 보철료","","","","30000","","","N","N",""
"부산","치과의 보철료","","","","30000","","","N","N",""
"부산","치과의 보철료","","","","10000","","","N","N",""
"부산","치과의 보철료","","","","30000","","","N","N",""
"부산","치과의 보철료","","","","50000","","","N","N",""
"부산","치과의 보철료","","","","50000","","","N","N",""
"부산","치과의 보철료","","","","150000","","","N","N",""
"부산","치과의 보철료","","","","100000","","","N","N",""
"부산","치과의 보철료","","","","100000","","","N","N",""
"부산","치과의 보철료","","","","50000","","","N","N",""
"부산","치과의 보철료","","","","10000","","","N","N",""
"부산","치과의 보철료","","","","70000","","","N","N",""
"부산","치과의 보철료","","","","200000","","","N","N",""
"부산","치과의 보철료","","","","100000","","","N","N",""
"부산","치과의 보철료","","","","80000","","","N","N",""
"부산","치과의 보철료","","","","250000","","","N","N",""
"부산","치과의 보철료","","","","80000","","","N","N",""
"부산","치과의 보철료","","","","1000000","","","N","N",""
"부산","치과의 보철료","","","","1500000","","","N","N",""
"부산","치과의 보철료","","","","100000","","","N","N",""
"부산","치과의 보철료","","","","100000","","","N","N",""
"부산","치과의 보철료","","","","30000","","","N","N",""
"부산","치과의 보철료","","","","20000","","","N","N",""
"부산","치과의 보철료","","","","20000","","","N","N",""
"부산","치과의 보철료","","","","10000","","","N","N",""
"부산","치과의 보철료","","","","200000","","","N","N",""
"부산","치과의 보철료","","","","100000","","","N","N",""
"부산","치과의 보철료","","","","50000","","","N","N",""
"부산","치과의 보철료","","","","30000","","","N","N",""
"부산","치과의 보철료","","","","400000","","","N","N",""
"부산","치과의 보철료","","","","200000","","","N","N",""
"부산","치과의 보철료","","","","200000","","","N","N",""
"부산","치과의 보철료","","","","150000","","","N","N",""
"부산","치과의 보철료","","","","150000","","","N","N",""
"부산","","","","","195700","","","N","N","임플란트 시술시 사용"
"부산","","","","","161450","","","N","N","임플란트 시술시 사용"
"부산","","","","","37800","","","N","N","임플란트 시술시 사용"
"부산","","","","","113300","","","N","N","임플란트 시술시 사용"
"부산","","","","","73854","","","N","N","임플란트 시술시 사용"
"부산","","","","","2343","","","N","N",""
"부산","추간판내 고주파 열치료술","일회용 발 조절식 전기수술기용 전극","BF0201SH","","1597688","","","N","N",""
"부산","","","","","1218","","","","",""
"부산","","","","","38800","","","","",""
"부산","","","","","7800","","","","",""
"부산","","","","","18605","","","","",""
"부산","","","","","6258206","","","","",""
"부산","","","","","313500","","","","",""
"부산","","","","","836000","","","","",""
"부산","","","","","940500","","","","",""
"부산","","","","","1300000","","","","",""
"부산","","","","","5805595","","","","",""
"부산","","","","","290000","","","","",""
"부산","","","","","250000","","","","",""
"부산","","","","","530000","","","","",""
"부산","","","","","121003","","","","",""
"부산","","","","","735","","","","",""
"부산","","","","","130","","","","",""
"부산","","","","","4000","","","","",""
"부산","","","","","8950","","","","",""
"부산","","","","","1005","","","","",""
"부산","","","","","433","","","","",""
"부산","","시알롱기정20mg(타다라필)","671806740","","2280","","","","",""
"부산","","백색바셀린","657400590","","40","","","","",""
"부산","","본왁스(팔미트산이소프로필)","650800110","","6250","","","","",""
"부산","","플루아릭스테트라프리필드시린지(인플루엔자분할백신)","650003030","","30000","","","","",""
"부산","","그린백색바셀린(원료)","648300980","","744","","","","",""
"부산","","대한무수에탄올주(바이알)","645100650","","23000","","","","",""
"부산","","크린조(염화나트륨)","644903991","","785","","","","",""
"부산","","스카이셀플루4가프리필드시린지(세포배양인플루엔자표면항원백신)","644704380","","30000","","","","",""
"부산","","레밋치연질캡슐2.5마이크로그램(날푸라핀염산염)","644704020","","3594","","","","",""
"부산","","푸레파인연고","642905941","","3638","","","","",""
"부산","","그로트로핀투주사액카트리지","642505131","","92251","","","","",""
"부산","","오메크린크림(퍼메트린)","641605990","","7885","","","","",""
"부산","","크레온캡슐25000(판크레아스분말)","644206290","","494","","","N","N",""
"부산","","브리디온주(슈가마덱스나트륨)","655501751","","106713","","","N","N",""
"부산","","베스타제당의정","642502030","","26","","","N","N",""
"부산","","플로실헤모스태틱매트릭스","646601400","","299552","","","N","N",""
"부산","인체조직유래 2차 가공뼈","RAFUGEN DBM GEL PRO","BC0103BU","","","398737","912187","N","N",""
"부산","초음파 검사료","신경-말초신경 초음파-편측","EB5030000","","60140","","","N","N",""
"부산","자기공명영상진단료(MRI)","자기공명영상진단-기본검사-복부-음낭 및 음경-조영제 주입 전·후 촬영 판독-촬영료 등","HI231","","","483830","515270","N","N","장비별(테슬라) 금액상이,PACS영상저장및전송비용(3280원) 포함"
"부산","자기공명영상진단료(MRI)","자기공명영상진단-기본검사-복부-음낭 및 음경-일반-촬영료 등","HI131","","","364930","388590","N","N","장비별(테슬라) 금액상이,PACS영상저장및전송비용(3280원) 포함"
"부산","자기공명영상진단료(MRI)","자기공명영상진단-기본검사-혈관 [동맥 또는 정맥]-심혈관-조영제 주입 전·후 촬영 판독-촬영료 등","HI240","","","485280","516820","N","N","장비별(테슬라) 금액상이,PACS영상저장및전송비용(3280원) 포함"
"부산","자기공명영상진단료(MRI)","자기공명영상진단-기본검사-혈관 [동맥 또는 정맥]-심혈관-일반-촬영료 등","HI140","","","365940","389650","N","N","장비별(테슬라) 금액상이,PACS영상저장및전송비용(3280원) 포함"
"부산","자기공명영상진단료(MRI)","자기공명영상진단-기본검사-혈관 [동맥 또는 정맥]-복부혈관-일반-촬영료 등","HI138","","","365940","389650","N","N","장비별(테슬라) 금액상이,PACS영상저장및전송비용(3280원) 포함"
"부산","자기공명영상진단료(MRI)","자기공명영상진단-기본검사-혈관 [동맥 또는 정맥]-흉부혈관-일반-촬영료 등","HI137","","","365940","389650","N","N","장비별(테슬라) 금액상이,PACS영상저장및전송비용(3280원) 포함"
"부산","자기공명영상진단료(MRI)","자기공명영상진단-기본검사-복부-전립선-일반-촬영료 등","HI134","","","364930","388590","N","N","장비별(테슬라) 금액상이,PACS영상저장및전송비용(3280원) 포함"
"부산","자기공명영상진단료(MRI)","자기공명영상진단-기본검사-복부-담췌관-일반-촬영료 등","HI133","","","364930","388590","N","N","장비별(테슬라) 금액상이,PACS영상저장및전송비용(3280원) 포함"
"부산","자기공명영상진단료(MRI)","자기공명영상진단-기본검사-복부-간-일반-촬영료 등","HI132","","","364930","388590","N","N","장비별(테슬라) 금액상이,PACS영상저장및전송비용(3280원) 포함"
"부산","자기공명영상진단료(MRI)","자기공명영상진단-기본검사-복부-신장 및 부신-일반-촬영료 등","HI130","","","364930","388590","N","N","장비별(테슬라) 금액상이,PACS영상저장및전송비용(3280원) 포함"
"부산","자기공명영상진단료(MRI)","자기공명영상진단-기본검사-복부-췌장-일반-촬영료 등","HI129","","","364930","388590","N","N","장비별(테슬라) 금액상이,PACS영상저장및전송비용(3280원) 포함"
"부산","자기공명영상진단료(MRI)","자기공명영상진단-기본검사-복부-골반-일반-촬영료 등","HI128","","","364930","388590","N","N","장비별(테슬라) 금액상이,PACS영상저장및전송비용(3280원) 포함"
"부산","자기공명영상진단료(MRI)","자기공명영상진단-기본검사-복부-복부-일반-촬영료 등","HI127","","","364930","388590","N","N","장비별(테슬라) 금액상이,PACS영상저장및전송비용(3280원) 포함"
"부산","자기공명영상진단료(MRI)","자기공명영상진단-기본검사-흉부-흉부-일반-촬영료 등","HI125","","","364930","388590","N","N","장비별(테슬라) 금액상이,PACS영상저장및전송비용(3280원) 포함"
"부산","자기공명영상진단료(MRI)","자기공명영상진단-기본검사-심장-일반-촬영료 등","HI124","","","545250","580700","N","N","장비별(테슬라) 금액상이,PACS영상저장및전송비용(3280원) 포함"
"부산","자기공명영상진단료(MRI)","자기공명영상진단-기본검사-혈관 [동맥 또는 정맥]-복부혈관-조영제 주입 전·후 촬영 판독-촬영료 등","HI238","","","485280","516820","N","N","장비별(테슬라) 금액상이,PACS영상저장및전송비용(3280원) 포함"
"부산","자기공명영상진단료(MRI)","자기공명영상진단-기본검사-혈관 [동맥 또는 정맥]-흉부혈관-조영제 주입 전·후 촬영 판독-촬영료 등","HI237","","","485280","516820","N","N","장비별(테슬라) 금액상이,PACS영상저장및전송비용(3280원) 포함"
"부산","자기공명영상진단료(MRI)","자기공명영상진단-기본검사-혈관[동맥 또는 정맥]-경부혈관-조영제 주입 전·후 촬영 판독-촬영료 등","HI236","","","530330","561870","N","N","장비별(테슬라) 금액상이,PACS영상저장및전송비용(3280원) 포함"
"부산","자기공명영상진단료(MRI)","자기공명영상진단-기본검사-혈관[동맥 또는 정맥]-뇌혈관-조영제 주입 전·후 촬영 판독-촬영료 등","HI235","","","530330","561870","N","N","장비별(테슬라) 금액상이,PACS영상저장및전송비용(3280원) 포함"
"부산","자기공명영상진단료(MRI)","자기공명영상진단-기본검사-복부-전립선-조영제 주입 전·후 촬영 판독-촬영료 등","HI234","","","483830","515270","N","N","장비별(테슬라) 금액상이,PACS영상저장및전송비용(3280원) 포함"
"부산","자기공명영상진단료(MRI)","자기공명영상진단-기본검사-복부-담췌관-조영제 주입 전·후 촬영 판독-촬영료 등","HI233","","","528740","560180","N","N","장비별(테슬라) 금액상이,PACS영상저장및전송비용(3280원) 포함"
"부산","자기공명영상진단료(MRI)","자기공명영상진단-기본검사-복부-간-조영제 주입 전·후 촬영 판독-촬영료 등","HI232","","","483830","515270","N","N","장비별(테슬라) 금액상이,PACS영상저장및전송비용(3280원) 포함"
"부산","자기공명영상진단료(MRI)","자기공명영상진단-기본검사-복부-신장 및 부신-조영제 주입 전·후 촬영 판독-촬영료 등","HI230","","","483830","515270","N","N","장비별(테슬라) 금액상이,PACS영상저장및전송비용(3280원) 포함"
"부산","자기공명영상진단료(MRI)","자기공명영상진단-기본검사-복부-췌장-조영제 주입 전·후 촬영 판독-촬영료 등","HI229","","","483830","515270","N","N","장비별(테슬라) 금액상이,PACS영상저장및전송비용(3280원) 포함"
"부산","자기공명영상진단료(MRI)","자기공명영상진단-기본검사-복부-골반-조영제 주입 전·후 촬영 판독-촬영료 등","HI228","","","483830","515270","N","N","장비별(테슬라) 금액상이,PACS영상저장및전송비용(3280원) 포함"
"부산","자기공명영상진단료(MRI)","자기공명영상진단-기본검사-복부-복부-조영제 주입 전·후 촬영 판독-촬영료 등","HI227","","","483830","515270","N","N","장비별(테슬라) 금액상이,PACS영상저장및전송비용(3280원) 포함"
"부산","자기공명영상진단료(MRI)","자기공명영상진단-기본검사-흉부-흉부-조영제 주입 전·후 촬영 판독-촬영료 등","HI225","","","483860","515300","N","N","장비별(테슬라) 금액상이,PACS영상저장및전송비용(3280원) 포함"
"부산","자기공명영상진단료(MRI)","자기공명영상진단-기본검사-심장-조영제 주입 전·후 촬영 판독-촬영료 등","HI224","","","707840","753940","N","N","장비별(테슬라) 금액상이,PACS영상저장및전송비용(3280원) 포함"
"부산","자기공명영상진단료(MRI)","자기공명영상진단-기본검사-두경부-경부-조영제 주입 전·후 촬영 판독-촬영료 등","HI208","","","483860","515300","N","N","장비별(테슬라) 금액상이,PACS영상저장및전송비용(3280원) 포함"
"부산","자기공명영상진단료(MRI)","자기공명영상진단-기본검사-두경부-측두하악관절-조영제 주입 전·후 촬영 판독-촬영료 등","HI207","","","483860","515300","N","N","장비별(테슬라) 금액상이,PACS영상저장및전송비용(3280원) 포함"
"부산","자기공명영상진단료(MRI)","자기공명영상진단-기본검사-두경부-측두골-조영제 주입 전·후 촬영 판독-촬영료 등","HI206","","","528780","560220","N","N","장비별(테슬라) 금액상이,PACS영상저장및전송비용(3280원) 포함"
"부산","자기공명영상진단료(MRI)","자기공명영상진단-기본검사-두경부-안와-조영제 주입 전·후 촬영 판독-촬영료 등","HI205","","","483860","515300","N","N","장비별(테슬라) 금액상이,PACS영상저장및전송비용(3280원) 포함"
"부산","자기공명영상진단료(MRI)","자기공명영상진단-기본검사-두경부-부비동-조영제 주입 전·후 촬영 판독-촬영료 등","HI204","","","528780","560220","N","N","장비별(테슬라) 금액상이,PACS영상저장및전송비용(3280원) 포함"
"부산","자기공명영상진단료(MRI)","자기공명영상진단-기본검사-두경부-안면-조영제 주입 전·후 촬영 판독-촬영료 등","HI203","","","528780","560220","N","N","장비별(테슬라) 금액상이,PACS영상저장및전송비용(3280원) 포함"
"부산","자기공명영상진단료(MRI)","자기공명영상진단-기본검사-뇌-조영제 주입 전·후 촬영 판독-촬영료 등","HI201","","","487000","515940","N","N","장비별(테슬라) 금액상이,PACS영상저장및전송비용(3280원) 포함"
"부산","자기공명영상진단료(MRI)","자기공명영상진단-기본검사-혈관[동맥 또는 정맥]-경부혈관-일반-촬영료 등","HI136","","","399830","423540","N","N","장비별(테슬라) 금액상이,PACS영상저장및전송비용(3280원) 포함"
"부산","자기공명영상진단료(MRI)","자기공명영상진단-기본검사-혈관[동맥 또는 정맥]-뇌혈관-일반-촬영료 등","HI135","","","399830","423540","N","N","장비별(테슬라) 금액상이,PACS영상저장및전송비용(3280원) 포함"
"부산","자기공명영상진단료(MRI)","자기공명영상진단-기본검사-두경부-경부-일반-촬영료 등","HI108","","","364930","388590","N","N","장비별(테슬라) 금액상이,PACS영상저장및전송비용(3280원) 포함"
"부산","자기공명영상진단료(MRI)","자기공명영상진단-기본검사-두경부-측두하악관절-일반-촬영료 등","HI107","","","364930","388590","N","N","장비별(테슬라) 금액상이,PACS영상저장및전송비용(3280원) 포함"
"부산","자기공명영상진단료(MRI)","자기공명영상진단-기본검사-두경부-측두골-일반-촬영료 등","HI106","","","398740","422400","N","N","장비별(테슬라) 금액상이,PACS영상저장및전송비용(3280원) 포함"
"부산","자기공명영상진단료(MRI)","자기공명영상진단-기본검사-두경부-안와-일반-촬영료 등","HI105","","","364930","388590","N","N","장비별(테슬라) 금액상이,PACS영상저장및전송비용(3280원) 포함"
"부산","자기공명영상진단료(MRI)","자기공명영상진단-기본검사-두경부-부비동-일반-촬영료 등","HI104","","","398740","422400","N","N","장비별(테슬라) 금액상이,PACS영상저장및전송비용(3280원) 포함"
"부산","자기공명영상진단료(MRI)","자기공명영상진단-기본검사-두경부-안면-일반-촬영료 등","HI103","","","398740","422400","N","N","장비별(테슬라) 금액상이,PACS영상저장및전송비용(3280원) 포함"
"부산","자기공명영상진단료(MRI)","자기공명영상진단-기본검사-뇌-일반-촬영료 등","HI101","","","367190","388960","N","N","장비별(테슬라) 금액상이,PACS영상저장및전송비용(3280원) 포함"
"부산","처치 및 수술료 등","","","","146210","","","N","N",""
"부산","자기공명영상진단료(MRI)","특수자기공명영상진단-분광영상-기본검사와동시실시","HF203","","124660","","","N","N","PACS영상저장및전송비용(3280원) 포함"
"부산","자기공명영상진단료(MRI)","특수자기공명영상진단-관류[3차원자기공명영상포함]-기본검사와동시실시","HF202","","180110","","","N","N","PACS영상저장및전송비용(3280원) 포함"
"부산","자기공명영상진단료(MRI)","특수자기공명영상진단-확산-기본검사와동시실시","HF201","","128190","","","N","N","PACS영상저장및전송비용(3280원) 포함"
"부산","초음파 검사료","심장-선천성 심질환 경식도 심초음파","EB610","","36060","","","N","N",""
"부산","초음파 검사료","유도초음파(Ⅳ)","EB564","","324720","","","N","N",""
"부산","초음파 검사료","유도초음파(Ⅲ)","EB563","","129890","","","N","N",""
"부산","초음파 검사료","유도초음파(Ⅱ)","EB562","","108240","","","N","N",""
"부산","초음파 검사료","유도초음파(Ⅰ)","EB561","","54130","","","N","N",""
"부산","초음파 검사료","임산부-제2,3삼분기-정밀-기형아 계측","EB518","","294080","","","N","N",""
"부산","초음파 검사료","임산부-제2,3삼분기-일반-고위험 임신","EB516","","152270","","","N","N",""
"부산","초음파 검사료","임산부-제1삼분기-정밀-기형아 계측","EB514","","189360","","","N","N",""
"부산","초음파 검사료","임산부-제1삼분기-일반-임신 여부만 확인","EB512","","56140","","","N","N",""
"부산","초음파 검사료","신경-말초신경 초음파-사지신경 종합 검사","EB504","","156880","","","N","N",""
"부산","초음파 검사료","신경-중추신경계 초음파-척수","EB502","","201650","","","N","N",""
"부산","초음파 검사료","신경-중추신경계 초음파-경천문 뇌","EB501","","201650","","","N","N",""
"부산","초음파 검사료","복부-비뇨기계 초음파-방광","EB450","","81680","","","N","N",""
"부산","초음파 검사료","복부-비뇨기계 초음파-신장·부신","EB449","","90540","","","N","N",""
"부산","초음파 검사료","복부-비뇨기계 초음파-신장·부신·방광","EB448","","100190","","","N","N",""
"부산","초음파 검사료","복부-복부 초음파-항문","EB447","","111580","","","N","N",""
"부산","초음파 검사료","복부-복부 초음파-직장·항문","EB446","","133900","","","N","N",""
"부산","초음파 검사료","복부-복부 초음파-서혜부","EB445","","78560","","","N","N",""
"부산","초음파 검사료","복부-복부 초음파-소장·대장","EB444","","113780","","","N","N",""
"부산","초음파 검사료","복부-복부 초음파-충수","EB443","","113700","","","N","N",""
"부산","초음파 검사료","복부-복부 초음파-간·담낭·담도·비장·췌장-정밀","EB442","","184980","","","N","N",""
"부산","초음파 검사료","복부-복부 초음파-간·담낭·담도·비장·췌장-일반","EB441","","124560","","","N","N",""
"부산","초음파 검사료","심장-선천성 심질환 경흉부 심초음파","EB430","","36060","","","N","N",""
"부산","초음파 검사료","단순초음파(Ⅱ)","EB402","","31700","","","N","N",""
"부산","초음파 검사료","단순초음파(Ⅰ)","EB401","","15860","","","N","N",""
"부산","자기공명영상진단료(MRI)","기능적 [기본검사 및 3차원자기공명영상 포함]","HF1070000","","531250","","","N","N","PACS영상저장및전송비용(3280원) 포함"
"부산","자기공명영상진단료(MRI)","Dynamic [기본검사 포함]","HF1050000","","365010","","","N","N","PACS영상저장및전송비용(3280원) 포함"
"부산","자기공명영상진단료(MRI)","영화 [기본검사 및 3차원자기공명영상 포함]","HF1040000","","463760","","","N","N","PACS영상저장및전송비용(3280원) 포함"
"부산","자기공명영상진단료(MRI)","분광영상","HF1030000","","208770","","","N","N","PACS영상저장및전송비용(3280원) 포함"
"부산","자기공명영상진단료(MRI)","관류[3차원자기공명영상 포함]","HF1020000","","316780","","","N","N","PACS영상저장및전송비용(3280원) 포함"
"부산","자기공명영상진단료(MRI)","확산","HF1010000","","228350","","","N","N","PACS영상저장및전송비용(3280원) 포함"
"부산","초음파 검사료","심장-심장내 초음파","EB6120000","","325620","","","N","N",""
"부산","초음파 검사료","심장-경식도 심초음파","EB6110000","","296020","","","N","N",""
"부산","초음파 검사료","임산부-제2,3삼분기-정밀","EB5170000","","251020","","","N","N",""
"부산","초음파 검사료","임산부-제2,3삼분기-일반","EB5150000","","117140","","","N","N",""
"부산","초음파 검사료","임산부-제1삼분기-정밀","EB5130000","","147660","","","N","N",""
"부산","초음파 검사료","임산부-제1삼분기-일반","EB5110000","","82750","","","N","N",""
"부산","초음파 검사료","혈관-대동맥 도플러 초음파","EB4900000","","87460","","","N","N",""
"부산","초음파 검사료","혈관-사지혈관 도플러 초음파-하지정맥류","EB4890000","","161260","","","N","N",""
"부산","초음파 검사료","혈관-사지혈관 도플러 초음파-하지-정맥","EB4880000","","143580","","","N","N",""
"부산","초음파 검사료","혈관-사지혈관 도플러 초음파-하지-동맥","EB4870000","","143580","","","N","N",""
"부산","초음파 검사료","혈관-사지혈관 도플러 초음파-동정맥루의 혈류 및 협착 측정","EB4860000","","46670","","","N","N",""
"부산","초음파 검사료","혈관-사지혈관 도플러 초음파-상지-정맥","EB4850000","","90670","","","N","N",""
"부산","초음파 검사료","혈관-사지혈관 도플러 초음파 상지-동맥","EB4840000","","90670","","","N","N",""
"부산","초음파 검사료","혈관-두개외 혈관 도플러 초음파-기타동맥","EB4830000","","59070","","","N","N",""
"부산","초음파 검사료","혈관-두개외 혈관 도플러 초음파-경동맥","EB4820000","","112540","","","N","N",""
"부산","초음파 검사료","혈관-뇌혈류 초음파","EB4810000","","131840","","","N","N",""
"부산","초음파 검사료","근골격, 연부-연부조직 초음파-정밀","EB4710000","","85300","","","N","N",""
"부산","초음파 검사료","근골격, 연부-연부조직 초음파-일반","EB4700000","","66400","","","N","N",""
"부산","초음파 검사료","근골격, 연부-관절 초음파-류마티스성 질환에 의한 다발성 관절염 진단 또는 평가","EB4690000","","142110","","","N","N",""
"부산","초음파 검사료","근골격, 연부-관절 초음파-발목관절(편측)","EB4680000","","91600","","","N","N",""
"부산","초음파 검사료","근골격, 연부-관절 초음파-손목관절(편측)","EB4670000","","91600","","","N","N",""
"부산","초음파 검사료","근골격, 연부-관절 초음파-견관절(편측)","EB4660000","","91600","","","N","N",""
"부산","초음파 검사료","근골격, 연부-관절 초음파-고관절(편측)","EB4650000","","91600","","","N","N",""
"부산","초음파 검사료","근골격, 연부-관절 초음파-무릎관절(편측)","EB4640000","","73150","","","N","N",""
"부산","초음파 검사료","근골격, 연부-관절 초음파 주관절(편측)","EB4630000","","73150","","","N","N",""
"부산","초음파 검사료","근골격, 연부-관절 초음파 발가락(편측)","EB4620000","","66400","","","N","N",""
"부산","초음파 검사료","근골격, 연부-관절 초음파 손가락(편측)","EB4610000","","66400","","","N","N",""
"부산","초음파 검사료","복부-여성생식기 초음파-정밀","EB457","","154850","","","N","N",""
"부산","초음파 검사료","복부-여성생식기 초음파-일반-자궁내 생리식염수 주입","EB456","","135180","","","N","N",""
"부산","초음파 검사료","복부-여성생식기 초음파-일반","EB455","","52830","","","N","N",""
"부산","초음파 검사료","복부-여성생식기 초음파-일반","EB455","","105680","","","N","N",""
"부산","초음파 검사료","복부-남성생식기 초음파-음낭","EB454","","92340","","","N","N",""
"부산","초음파 검사료","복부-남성생식기 초음파-음경","EB453","","92340","","","N","N",""
"부산","초음파 검사료","복부-남성생식기 초음파-음경","EB453","","101570","","","N","N",""
"부산","초음파 검사료","복부-남성생식기 초음파-전립선·정낭(경복부로 실시)","EB452","","65340","","","N","N",""
"부산","초음파 검사료","복부-남성생식기 초음파-전립선·정낭","EB451","","117520","","","N","N",""
"부산","초음파 검사료","심장-태아정밀 심초음파","EB4360000","","395150","","","N","N",""
"부산","초음파 검사료","심장-부하 심초음파-운동부하","EB4350000","","297490","","","N","N",""
"부산","초음파 검사료","심장-부하 심초음파-약물부하","EB4340000","","312880","","","N","N",""
"부산","초음파 검사료","심장-경흉부 심초음파-전문","EB4330000","","262960","","","N","N",""
"부산","초음파 검사료","심장-경흉부 심초음파-일반","EB4320000","","180350","","","N","N",""
"부산","초음파 검사료","심장-경흉부 심초음파-단순","EB4310000","","114260","","","N","N",""
"부산","초음파 검사료","흉부-유방·액와부 제외한 흉부 초음파","EB4220000","","87490","","","N","N",""
"부산","초음파 검사료","흉부-유방·액와부 초음파","EB4210000","","126500","","","N","N",""
"부산","초음파 검사료","두경부-비·부비동 초음파","EB4160000","","62000","","","N","N",""
"부산","초음파 검사료","두경부-경부 초음파-갑상선·부갑상선 제외한 경부","EB4150000","","93860","","","N","N",""
"부산","초음파 검사료","두경부-경부 초음파-갑상선·부갑상선","EB4140000","","93860","","","N","N",""
"부산","초음파 검사료","두경부-안 초음파-안와","EB412","","93500","","","N","N",""
"부산","초음파 검사료","두경부-안 초음파-안구","EB411","","93500","","","N","N",""
"부산","검사료","진정내시경 환자관리료 Ⅳ","EA0040000","","168300","","","N","N",""
"부산","검사료","진정내시경 환자관리료 Ⅲ","EA0030000","","121700","","","N","N",""
"부산","검사료","진정내시경 환자관리료 Ⅱ","EA0020000","","79410","","","N","N",""
"부산","검사료","진정내시경 환자관리료 Ⅰ","EA0010000","","54740","","","N","N",""
"부산","","프리베나13주(폐렴구균씨알엠(CRM197)단백접합백신)","648902270","","90000","","","N","N",""
"부산","","스카이셀플루4가프리필드시린지(세포배양인플루엔자표면항원백신)","056400031","","30000","","","N","N",""
"부산","","박씨그리프테트라주(인플루엔자분할백신)","665900221","","30000","","","N","N",""
"부산","","스카이셀플루프리필드시린지(세포배양인플루엔자표면항원백신)","056400021","","25000","","","N","N",""
"부산","","스카이조스터주(대상포진생바이러스백신)","056400041","","140000","","","N","N",""
"부산","","가다실 9 프리필드시린지[인유두종바이러스9가(6, 11, 16, 18, 31, 33, 45, 52, 58형)백신(유전자재조합)]","655501930","","140000","","","","",""
"부산","","녹십자-세포배양일본뇌염백신주(건조세포배양일본뇌염백신)","643605040","","30000","","","N","N",""
"부산","","펜탁심주(흡착디프테리아파상풍톡소이드정제백일해개량불활화폴리오및헤모필루스인플루엔자비형-파상풍톡소이드접합혼합백신)","665900210","","70000","","","","",""
"부산","","보령세포배양일본뇌염백신주(건조세포배양일본뇌염백신)","670500530","","40000","","","","",""
"부산","","씨디.제박스(일본뇌염생바이러스백신)","666700010","","50000","","","","",""
"부산","","멘비오[(수막구균ACW135Y)-CRM197단백접합백신]","650003080","","130000","","","","",""
"부산","","엠엠알II(홍역유행성이하선염및풍진혼합생바이러스백신)","655500270","","30000","","","","",""
"부산","","테트락심주(흡착디프테리아파상풍톡소이드정제백일해및개량불활화폴리오혼합백신)","665900120","","50000","","","","",""
"부산","","수두박스주(수두생바이러스백신)(수출명:별첨)","643601160","","30000","","","","",""
"부산","","코박스폴리오PF주(프리필드시린지)(개량불활화폴리오백신)","647400280","","30000","","","","",""
"부산","","유히브주(헤모필루스인플루엔자비형·파상풍톡소이드접합백신)","668901890","","30000","","","","",""
"부산","","인판릭스아이피브이프리필드시린지(흡착 디프테리아, 파상풍 톡소이드, 정제 백일해 및 개량 불활화 폴리오 혼합백신)","650002730","","50000","","","","",""
"부산","","인판릭스주(흡착디프테리아파상풍톡소이드및정제백일해혼합백신)","650001000","","30000","","","","",""
"부산","","보령디티에이피백신주(프리필드시린지)(흡착디프테리아파상풍톡소이드및정제백일해혼합백신)","670500610","","30000","","","","",""
"부산","","프로디악스-23(폐렴구균백신)","655500610","","50000","","","","",""
"부산","","가다실프리필드시린지[인유두종바이러스4가(6111618형)백신(유전자재조합)]","655500020","","80000","","","","",""
"부산","","로타릭스(로타생바이러스백신)","650001810","","70000","","","","",""
"부산","","유박스비주(B형간염백신유전자재조합)(수출명:리콤박스주헤파티박스주RecombinantHepatitisBVaccine엘지유박스비주)","668900910","","20000","","","","",""
"부산","","유박스비주(B형간염백신유전자재조합)(수출명:리콤박스주헤파티박스주RecombinantHepatitisBVaccine엘지유박스비주)","668900920","","40000","","","","",""
"부산","","하브릭스주(A형간염백신)","650001940","","30000","","","","",""
"부산","","하브릭스주(A형간염백신)","650001800","","70000","","","","",""
"부산","","경피용건조비씨지백신(일본균주)","686500010","","40000","","","","",""
"부산","","장애 정도 심사용 진단서-정신적 장애","PDZ070002","","40000","","","","",""
"부산","","장애 정도 심사용 진단서-신체적 장애","PDZ070001","","15000","","","","",""
"부산","고주파 정맥내막폐쇄요법용","VNUS CLOSURE FAST","BJ4301DU","","880000","","","N","N",""
"부산","","","","","9753","","","N","N",""
"부산","압박고정용 SPLINT","수성팔자쇄골밴드","BC1202YU","중/대","","4776","4876","","",""
"부산","초음파 검사료","복부-여성생식기 초음파-정밀","EB457","","77420","","","N","N",""
"부산","드레싱 고정류","3M SOFT CLOTH WITH LINER","BM5101LX","2인치/4인치","","3439","4635","","",""
"부산","","","","","1267","","","N","N",""
"부산","동종진피(IMPLANT용-유방재건술용 제외)","SUREDERM","BTS01314","","1320000","","","N","N",""
"부산","","","","","2145","","","N","N",""
"부산","상급병실료(차액)","1인실","ABZ010001","","","151380","165870","N","N","일반과/내소정 구분"
"부산","","아다셀주","665900110","","40000","","","N","N",""
"부산","","덱스메딘주(덱스메데토미딘염산염)","657805981","","35000","","","N","N",""
"부산","","페라미플루주15밀리리터(페라미비르수화물)","643604611","","15100","","","N","N",""
"부산","기타","","","","7800","","","N","N",""
"부산","검사료","항GM1항체 [IgM]","CZ262","","28970","","","N","N","위탁검사"
"부산","검사료","항GM1항체 [IgG]","CZ261","","28970","","","N","N","위탁검사"
"부산","검사료","갑상선자극면역글로불린[생물발광법]","CZ213","","43360","","","N","N","위탁검사"
"부산","검사료","PAPP-A [정밀면역검사](정량)","CZ212","","31710","","","N","N","위탁검사"
"부산","이학요법료","도수치료","MX1220000","","40000","","","N","N",""
"부산","","카버젝트주사20마이크로그람(알프로스타딜)","648901021","","15109","","","","",""
"부산","","루칼로정2밀리그램(프루칼로프라이드숙신산염)","648204190","","141","","","","",""
"부산","","루칼로정1밀리그램(프루칼로프라이드숙신산염)","648204180","","116","","","","",""
"부산","","서카딘서방정2mg(멜라토닌)","646802660","","717","","","","",""
"부산","","하이셀멸균액2%(히드록시프로필메칠셀룰로오스)","643901780","","5690","","","","",""
"부산","","아치온현탁액(피리티온아연)","643802602","","18420","","","","",""
"부산","","주블리아외용액(에피나코나졸)","642507391","","28944","","","","",""
"부산","","아바스틴주","645000361","","157889","","","N","N",""
"부산","","제로바액","671703950","","3995","","","N","N",""
"부산","","로타텍액[경구용약독화로타생바이러스백신(사람-소재배열)]","655500030","","80000","","","","",""
"부산","","헤파빅주(비형간염사람면역글로불린)(수출명:헤파글로브)","643601900","","33878","","","","",""
"부산","","하이알라제주(히알루로니다제)","670602610","","1397","","","","",""
"부산","","이소바이드액(이소소르비드액)","652602860","","41600","","","","",""
"부산","","유락신연고(크로타미톤)","643601400","","900","","","","",""
"부산","","로와콜연질캅셀","659900050","","390","","","","",""
"부산","","파자임-95밀리그램이중정","642202290","","72","","","","",""
"부산","","바네포연고","645101440","","465","","","","",""
"부산","","익스트린엠캡슐","642203580","","64","","","","",""
"부산","","신일비사코딜정","653801170","","20","","","","",""
"부산","","타스나정(탄산수소나트륨)","662501680","","21","","","","",""
"부산","","삐콤정","642100700","","15","","","","",""
"부산","","액티피드정","643900900","","24","","","","",""
"부산","","","","","52840","","","","",""
"부산","","","","","19990","","","","",""
"부산","","","","","37590","","","","",""
"부산","양막이식술용 AMNIOTIC MEMBRANE","AMNIOTIC MEMBRANE","BTA01009","","273750","","","N","N",""
