대분류,건강보험요양급여비용코드(EDI),건강보험요양급여비용코드(EDI)명칭,수가코드,수가명,일반단가
행위료,,,JM0033T,Over denture O-ring & ERA 교환,50000
행위료,,,JM0034T,Over denture magnetic 교환,200000
행위료,,,JM0036T,"Implant, abutment change fee",300000
행위료,,,JM0043T,"bone graft, simple",200000
행위료,,,JM0076T,MANDIBULAR RECONSTRUCTION D,4000000
행위료,,,JM0085T,보격장치(고정식),50000
치료재료대,,,JK0006M,"Implant, coping screw change, Mat",30000
치료재료대,,,JK0009M,"Implant, Cr. Remake fee, B, Mat",200000
치료재료대,,,JK0014M,Konus Telescopic Milling fee,100000
행위료,,,JM0028T,"Dx of implant, simple",50000
행위료,,,JM0037T,"Implant, coping screw change fee",50000
행위료,,,JM0059T,"Implant  second surgery,Complex(연조직)",300000
행위료,,,JM0065T,임플란트목적/상악동거상술(편측),300000
행위료,,,JM0080T,FIXED ORTHODONTIC TX C,3000000
치료재료대,,,JK0005M,"Implant, abutment change, B, Mat",400000
행위료,,,JM0031T,P.R.P.,100000
행위료,,,JM0040T,"implant repair, complex",100000
행위료,,,JM0041T,"Implant, temporary resin Cr., simple",50000
행위료,,,JM0044T,"bone graft, complex",1000000
행위료,,,JM0045T,Pit & fissure sealant,30000
행위료,,,JM0052T,Cornus Denture(내관 & 외관),500000
행위료,,,JM0053T,Milling 비,100000
행위료,,,JM0064T,임플란트목적 레이저치료,100000
행위료,,,JM0079T,FIXED ORTHODONTIC TX B,2000000
행위료,,,JM0014T,Resin temporary crown,30000
치료재료대,,,JK0016M,Novel Guide(FinishedSurgicalTemplate임플란트5이상,1500000
치료재료대,,,JK0004M,"Implant, abutment change, A, Mat",200000
행위료,,,JM0009T,"Denture repair, complex",100000
행위료,,,JM0010T,"Direct denture reline, simple ",100000
행위료,,,JM0016T,"plaque control,simple",10000
행위료,,,JM0022T,Study impression/1악당,30000
행위료,,,JM0025T,Fluorid therapy (1악당),100000
치료재료대,,,JK0001M,"R.D, Attachment Change, Mat",150000
행위료,,,JM0003T,Light curing G.I filling,80000
치료재료대,,,JK0012M,"Hard resin, ant. Teeth, Mat",20000
행위료,,,JM0005T,"P.F.M repair, complex",200000
행위료,,,JM0011T,"Direct denture reline, complex",150000
행위료,,,JM0015T,Face mask impression,200000
행위료,,,JM0062T,"Surgical stent,단순(임플란트3개이하)",50000
행위료,,,JM0077T,MANDIBULAR RECONSTRUCTION E,5000000
치료재료대,BL702005,,4110200034,Colla-Products Collatape,25000
치료재료대,BL701001,,4110500003,(DT)Bio-Cera(0.25CC),60000
치료재료대,BL701002,,4110500002,(DT)Bio-Cera(0.5CC),115000
치료재료대,,,JK0007M,"Implant, UCLA screw change, Mat",50000
치료재료대,,,JK0013M,"Hard resin, post. Teeth, Mat",30000
행위료,,,JM0029T,"Dx of implant, complex",100000
행위료,,,JM0049T,Laser 미백치료(1치당),50000
행위료,,,JM0055T,"임플란트목적/상악동거상술,측방접근(복잡)",1500000
행위료,,,JM0066T,임플란트목적/하치조측방전위술(편측),1000000
행위료,,,JM0084T,SURGICAL UNCOVERING(1치당)치관노출술,100000
행위료,,,JM0086T,보격장치(가철식),100000
행위료,,,JM0008T,"Denture repair, simple",50000
행위료,,,JM0013T,Flipper (simple),50000
행위료,,,JM0020T,"Teeth bleaching, complex",50000
행위료,,,JM0078T,FIXED ORTHODONTIC TX A,1000000
행위료,,,JM0081T,FIXED ORTHODONTIC TX D,4000000
행위료,,,JM0024T,Occlusal splint 관리,30000
치료재료대,,,JK0003M,"Implant, Magnetic change, Mat",200000
치료재료대,,,JK0008M,"Implant, Cr. Remake fee, A, Mat",100000
치료재료대,,,JK0010M,"Overdenture clip change, Mat",10000
행위료,,,JM0027T,"Oral exam, consult.",30000
행위료,,,JM0056T,Laser Solder,60000
행위료,,,JM0060T,"Implant  second surgery,Complex(경조직)",500000
행위료,,,JM0063T,"Surgical stent,복잡(임플란트4개이상)",100000
행위료,,,JM0075T,MANDIBULAR RECONSTRUCTION C,3000000
치료재료대,,,JK0015M,Pressure Injection Resin System,100000
행위료,,,JM0032T,Over denture clip 교환,50000
행위료,,,JM0039T,"implant repair, simple",50000
행위료,,,JM0047T,Scaling 치석제거,80000
행위료,,,JM0048T,Laser 충치예방치료(1치당),10000
행위료,,,JM0050T,구취측정검사,30000
행위료,,,JM0054T,"임플란트목적/상악동거상술,측방접근(단순)",1000000
행위료,,,JM0058T,"Implant  second surgery,Simple",100000
치료재료대,BM201005,,4010600006,Testicular(인공고환)/1EA,660000
행위료,,,JM0026T,Resin facing repair (1치당),50000
행위료,,,JM0035T,"Implant, magnetic change fee",300000
행위료,,,JM0038T,"Implant, UCLA screw change fee",100000
행위료,,,JM0046T,"Orthodontics, Morthly fee",60000
행위료,,,JM0051T,Sp cr,60000
행위료,,,JM0061T,Perio test(인공치아 개당),50000
행위료,,,JM0074T,MANDIBULAR RECONSTRUCTION B,2000000
행위료,,,JM0082T,골증대술,500000
행위료,,,JM0083T,보철 치료(CHECK UP)중,10000
행위료,,,JM0021T,S.S crown,150000
행위료,,,JM0017T,"plaque control, complex",30000
행위료,,,JM0019T,"Teeth bleaching, simple",30000
행위료,,,JM0067T,임플란트목적/하치조측방전위술(양측),1500000
행위료,,,JM0073T,MANDIBULAR RECONSTRUCTION A,1000000
행위료,,,JM0006T,Screw post,70000
행위료,,,JM0012T,Direct denture soft reline,50000
행위료,,,JM0004T,"P.F.M repair, simple",100000
행위료,,,JM0042T,"Implant, temporary resin Cr., complex",200000
행위료,,,JM0057T,Peri implantitis treatment,100000
치료재료대,,,JK0017M,Novel Guide(FinishedSurgicalTemplate1-4Implants),1000000
치료재료대,,,JK0002M,"R.D, Magnetic change, Mat",150000
치료재료대,,,JK0011M,"Overdenture O-ring change, Mat",20000
행위료,,,JM0002T,Esthetic resin filling,250000
치료재료대,BM201007,,4020300031,Silicone Nasal Implant,16000
치료재료대,BL701012,,4110500015,OCS B  0.5g,99000
약제비,A06101801,비마르크정200mg,DBMK2,비마르크정200mg,326
행위료,,,HZDE02201,사마귀제거 [대],10000
행위료,,,HZEN00202,비변형 교정술(중),300000
행위료,,,HZEN00201,비변형 교정술(대),500000
행위료,,,HZOG00800,자궁내장치 [IUD],30000
행위료,,,HZOG00100,난관결찰술(비급여),300000
행위료,,,HZUR01300,정관절제술 [결찰술],200000
행위료,,,HZEN00203,비변형 교정술(소),200000
행위료,,,HZDE02202,사마귀제거 [소],5000
행위료,,,HZOP01301,쌍거풀수술 (대),300000
행위료,,,HZOP01302,쌍거풀수술(소),250000
행위료,,,HZDE02101,"병변내주입요법,A",5000
행위료,,,HZDE02102,"병변내주입요법,B",10000
치료재료대,BK101001,,4020900068,Homby knife Blade/1EA,14300
행위료,,,JM0007T,Pin,10000
치료재료대,BK7011DQ,BENESTORK,4020700019,BENESTORK(NIPPON SIGMAX)10cm,528
행위료,,,HZFM00200,비만치료(주사),8000
행위료,,,JM0023T,"Occlusal splint (1악당), simple",300000
치료재료대,,,XRSCST,캐스트오일/G,3
치료재료대,BZ001005,,XX22DAM,담요/1장(귀가용)-전액본인부담,26500
치료재료대,BF0002GZ,MOBI-C,4011500043,MOBI-C,3400000
약제비,642900700,세노바액(염산세티리진),DZYRS,세노바액(염산세티리진),15
행위료,,,JP0068T,"Orthodontics, fixed type, med.,Tre",500000
치료재료대,,,JP0068M,"Orthodontics, fixed type, med.,Mat",300000
행위료,,,JP0069T,"Orthodontics, fixed type, comp.,Tre",1000000
치료재료대,,,JP0069M,"Orthodontics, fixed type, comp.,Mat",500000
행위료,,,HZOP01200,보톡스주입술(시술건당),100000
치료재료대,BM201004,,4010600004,AMS Spectra(음경보형물재료)-굽은형,2640000
치료재료대,,,4110500018,ICB block (5*10*10),280000
치료재료대,,,QD3321,상지의지/작업수/작업수(중국제),260000
치료재료대,,,QD6624,"의자차/타이어/뒷바퀴(14"")",38000
치료재료대,,,QD6723,의자차/튜브/뒷바퀴(12 1/2* 2 1/4),23000
치료재료대,,,QD6821,의자차/팔걸이/스텐판(DA 6/12),26000
치료재료대,,,QD6825,"의자차/튜브/뒷바퀴(14"")",32000
치료재료대,,,QA23038,대퇴의지(골격/회전/C-leg/기능4/진공/신형),30565000
치료재료대,,,QA23039,대퇴의지(골격/회전/C-leg/기능4/진공/구형),26540000
치료재료대,,,QD6904,"의자차/의자차/전동의자차(Wheel 12/14"")",87000
치료재료대,,,QD6908,의자차/의자차/전동의자차(Motor/Gear box),1896000
치료재료대,,,QD6913,의자차/의자차/모터브레이크(1055872),122000
치료재료대,,,QD6931,의자차기타/호크(CW 2/9),25000
치료재료대,,,QA23048,대퇴의지(골격/회전/C-leg/기능4/실리콘/신형),30887000
치료재료대,,,QD6951,의자차기타/밧데리(NF형(2EA)1셋트),533000
치료재료대,,,QD6952,의자차기타/밧데리충전기(GC-0082),521000
치료재료대,,,QD8311,보청기/보청기타부품(저항),29000
치료재료대,,,QD8312,보청기/보청기타부품(콘덴서),29000
치료재료대,,,QD8313,보청기/보청기타부품(I.C),263000
치료재료대,,,QD8316,보청기/보청기타부품(스위치),74000
치료재료대,,,QA24019,무릎관절의지(골격/유압1/표준),5185000
치료재료대,,,QD9111,전동의자차/밧데리/밧데리(인바케어),243000
치료재료대,,,QD9112,전동의자차/밧데리/밧데리(퀵키),237000
치료재료대,,,QD9121,전동의자차/밧데리/밧데리충전기(인바케어/220V),513000
치료재료대,,,QD9122,전동의자차/밧데리/밧데리충전기(퀵키),450000
치료재료대,,,QD9131,전동의자차/밧데리/밧데리케이스(퀵키),438000
치료재료대,,,QD9211,전동의자차/발걸이/발걸이(인바케어/PW93),59000
치료재료대,,,QD9212,전동의자차/발걸이/발걸이(인바케어/P904A),111000
치료재료대,,,QD9213,전동의자차/발걸이/발걸이(퀵키/),101000
치료재료대,,,QD9221,전동의자차/발걸이/발  판(퀵키/),77000
치료재료대,,,QD9222,전동의자차/발걸이/발  판(퀵키/엘리베이팅),498000
치료재료대,,,QD9231,전동의자차/발걸이/발판고정장치(퀵키),9000
치료재료대,,,QD9311,의자차/모 터/모터기어박스(인바케어/1107110),1026000
치료재료대,,,QD9312,의자차/모 터/모터기어박스(퀵키/499204),1268000
치료재료대,,,QD9321,의자차/모 터/기어박스(인바케어/),513000
치료재료대,,,QD9331,의자차/모 터/모   터(인바케어/),589000
치료재료대,,,QD9341,의자차/모 터/모터브레이크(인바케어/),122000
치료재료대,,,QD9351,의자차/모 터/브러시(인바케어/),45000
치료재료대,,,QD9411,의자차/씨 트/빽 씨 트(인바케어),87000
치료재료대,,,QD9412,의자차/씨 트/빽 씨 트(퀵키),86000
치료재료대,,,QD9421,의자차/씨 트/빽손잡이(인바케어/),45000
치료재료대,,,QD9431,의자차/씨 트/등받이지지대(퀵키/Back Tube),47000
치료재료대,,,QD9441,의자차/씨 트/씨  트(인바케어),62000
치료재료대,,,QD9442,의자차/씨 트/씨  트(퀵키),86000
치료재료대,,,QD9512,의자차/씨 트/포  크(인바케어/1104410),70000
치료재료대,,,QA25076,종아리의지(골격/표준) 어린이용,2235000
치료재료대,,,QD9513,"의자차/씨 트/포  크(퀵키/8""X2"")",101000
치료재료대,,,QD9521,"바퀴의자차/캐스터(인바케어/3"")",28000
치료재료대,,,QD9522,"바퀴의자차/캐스터(인바케어/8"" Pneu200x50)",74000
치료재료대,,,QD9523,"바퀴의자차/캐스터(인바케어/8"" Semi-Pneu)",62000
치료재료대,,,QD9531,바퀴의자차/베아링(인바케어),7000
치료재료대,,,QD9541,"바퀴의자차/타이어(인바케어/3x8"")",37000
치료재료대,,,QD9542,"바퀴의자차/타이어(인바케어/12-1/2"")",31000
치료재료대,,,QD9543,"바퀴의자차/타이어(퀵키/12-1/2"")",41000
치료재료대,,,QD9544,바퀴의자차/타이어(인바케어/200x50),9000
치료재료대,,,QD9545,"바퀴의자차/타이어(퀵키/8""X2"")",30000
치료재료대,,,QD9546,"바퀴의자차/타이어(퀵키/12""통타이어)",113000
치료재료대,,,QD9547,"바퀴의자차/타이어(퀵키/8""X2""/통타이어)",65000
치료재료대,,,QD9551,"바퀴의자차/튜  브(인바케어/3x8"")",12000
치료재료대,,,QD9552,"바퀴의자차/튜  브(인바케어/12-1/2"")",12000
치료재료대,,,QD9553,"바퀴의자차/튜  브(퀵키/12-1/2"")",12000
치료재료대,,,QD9554,바퀴의자차/튜  브(인바케어/200x50),6000
치료재료대,,,QD9555,"바퀴의자차/튜  브(퀵키/8""x2"")",12000
치료재료대,,,QD9561,바퀴의자차/휠(인바케어/),308000
치료재료대,,,QA32013,목뼈보조기(SOMI형 경추보조기),94000
치료재료대,,,QD4556,하지의지/실리콘류/프로실라이너,427000
치료재료대,,,QD9562,"바퀴의자차/휠(퀵키/8""x2"")",65000
치료재료대,,,QD9563,바퀴의자차/휠(뒷바퀴),130000
치료재료대,,,QD9611,의자차/콘트롤박스(인바케어),1114000
치료재료대,,,QD9612,의자차/콘트롤박스(퀵키),2370000
치료재료대,,,QD9621,의자차/죠이스틱(인바케어/A형),699000
치료재료대,,,QD9622,의자차/죠이스틱(인바케어/Rll형),489000
치료재료대,,,QD9623,의자차/죠이스틱(퀵키/JACK),1114000
치료재료대,,,QD9631,의자차/죠이스틱케이블(퀵키),130000
치료재료대,,,QD9641,의자차/조정기지지대(퀵키),320000
치료재료대,,,QD9651,의자차/속도조절기(인바케어/),5000
치료재료대,,,QD9661,의자차/감지조절기(인바케어/),5000
치료재료대,,,QD9671,의자차/스위치(인바케어/A Switch),25000
치료재료대,,,QD9672,의자차/스위치(인바케어/Rll Switch),30000
치료재료대,,,QD9681,의자차/친  컵(인바케어/),50000
치료재료대,,,QD9711,전동의자차/팔걸이/암베이스(인바케어),76000
치료재료대,,,QD9721,전동의자차/팔걸이/팔걸이(퀵키),284000
치료재료대,,,QD9731,전동의자차/팔걸이/팔걸이패드(퀵키),41000
치료재료대,,,QD9732,전동의자차/팔걸이/팔걸이패드(인바케어),37000
치료재료대,,,QA32025,척추보조기(윌리암스형),182000
치료재료대,,,QD9741,전동의자차/팔걸이/팔걸이리시버(퀵키),89000
치료재료대,,,QD9751,전동의자차/팔걸이/팔걸이판넬(퀵키),20000
치료재료대,,,QD9811,전동의자차/기 타/등받이쇼파(퀵키/300NX11-),240000
치료재료대,,,QD9822,전동의자차/기 타/보조바퀴(퀵키),71000
치료재료대,,,QA33051,양쪽긴다리보조기(국산/표준),553000
치료재료대,,,QA33052,양쪽긴다리보조기(외산/표준),1295000
치료재료대,,,QA33053,양쪽긴다리보조기(외산/반자동),1306000
치료재료대,,,QA33062,무릎관절보조기(레녹스힐),236000
치료재료대,,,QA53034,보청기(귀속형/디지털/SEQUEL II),1507000
치료재료대,,,QA54076,보청기(귀걸이/디지털/DP 7 BTE),451000
치료재료대,,,QD6132,의자차/베아링/호크(285*126*8),22000
치료재료대,,,QD6221,의자차/앞바퀴/휠+통타이어(대세),43000
치료재료대,,,QD6222,의자차/앞바퀴/휠+통타이어(대성),43000
치료재료대,,,QD6331,의자차/발받침/SWINGAWAY(60/R),87000
치료재료대,,,QD6332,의자차/발받침/SWINGAWAY(60/L),87000
치료재료대,,,QD6342,의자차/발받침/LEGREST(16-20-L),95000
치료재료대,,,QD6352,의자차/발받침/발판스프링(카터),21000
치료재료대,,,QD6411,의자차/의자차씨트/대  성(41),31000
치료재료대,,,QD6412,의자차/의자차씨트/대  성(43),31000
치료재료대,,,QD6413,의자차/의자차씨트/대  성(45),31000
치료재료대,,,QD6414,의자차/의자차씨트/대  성(48),31000
치료재료대,,,QD6415,의자차/의자차씨트/대  성(51),31000
치료재료대,,,QD6421,의자차/의자차씨트/대  세(38),31000
치료재료대,,,QD6422,의자차/의자차씨트/대  세(41),31000
치료재료대,,,QD6423,의자차/의자차씨트/대  세(43),31000
치료재료대,,,QD6424,의자차/의자차씨트/대  세(45),31000
치료재료대,,,QD6425,의자차/의자차씨트/대  세(43),31000
치료재료대,,,QD6426,의자차/의자차씨트/대  세(51),31000
치료재료대,,,QD6433,의자차/의자차씨트/인바케어(51),73000
치료재료대,,,QD6441,의자차/의자차씨트/카  터(41),73000
치료재료대,,,QD6442,의자차/의자차씨트/카  터(46),73000
치료재료대,,,QD6443,의자차/의자차씨트/카  터(51),73000
약제비,684900040,파이브로베인주1%(테트라데실황산나트륨),MTROMBO1,파이브로베인주1%(금청약품(주)),25800
제증명료,70012,장해보상청구용 진단서-종합병원,AQS70012,산재장해보상청구용진단서발급,30000
제증명료,70042,폐질상태 신고용 진단서-종합병원,AQS70042,산재폐질상태신고용진단서발급,30000
제증명료,70052,요양비 청구서 확인-종합병원,AQS70052,산재요양비청구서확인,5000
제증명료,70062,요양급여신청서용 진단서-종합병원,AQS70062,산재요양급여신청서용진단서,18000
제증명료,70072,특별진찰에 대한 소견서-종합병원,AQS70072,산재특별진찰에대한소견서,40000
제증명료,70082,소견조회 등 회신-종합병원,AQS70082,산재소견조회등 회신,10000
제증명료,70112,진료계획서(1회째)용 진단서-종합병원,AQS70112,산재진료계획서(1회째)용 진단서,20000
제증명료,70122,진료계획서(2회째)용 진단서-종합병원,AQS70122,산재진료계획서(2회째)용 진단서,14000
제증명료,70132,진료계획서(3회째부터)용 진단서-종합병원,AQS70132,산재진료계획서(3회째부터)용 진단서,10000
치료재료대,,,QA31028,손목-손보조기(제작),90000
치료재료대,BJ4801CD,NT EPIDURAL CATHETER,4011500109,Neurotherm epidural  catheter,520000
치료재료대,,,QA55012,보청기(고급형/X Series-P 90/소형 귀속형),2853000
치료재료대,,,QA55016,보청기(최고급형/X Series-P 110/소형 귀속형),3099000
치료재료대,,,QA55019,보청기(고출력일반형/I-Power/귀속형),1653000
치료재료대,,,QA55020,보청기(고출력일반형/I-Power/고막형),1754000
치료재료대,,,QA55002,보청기(기본형/Ignite-P 20/소형 귀속형),1145000
치료재료대,,,QA55005,보청기(일반형 1/Ignite-P 30/소형 귀속형),1754000
치료재료대,,,QA55008,보청기(일반형 2/X Series-P 70/초소형 귀속형),2417000
치료재료대,,,QA31027,손목-손보조기(dynimic),123000
치료재료대,,,QD4611,하지의지/회전장식/오토복(4R57),733000
치료재료대,,,QD4275,대퇴흡입벨브/안전받침(21Y12),312000
치료재료대,,,QD4549,"하지의지/실리콘류/흡입밸브 오써(대퇴용,실인)",113000
치료재료대,,,QD4548,"하지의지/실리콘류/흡입밸브 오써(하퇴용,실인)",107000
치료재료대,,,QD4274,대퇴흡입벨브/안전받침(21Y43=40)(고무),16000
치료재료대,,,QD3246,상지관절부 장식/상지손목장식(10V36),272000
치료재료대,,,QD4124,하지의지/고관절장식/4R32,99000
치료재료대,,,QA22020,엉덩이관절의지(골격/회전/유압/기능1),11390000
치료재료대,,,QA22022,엉덩이관절의지(골격/회전/기압/기능1),9055000
치료재료대,,,QA22021,엉덩이관절의지(골격/회전),7862000
치료재료대,,,QA21012,한쪽편골반의지(재래/국산),2324000
치료재료대,,,QD4273,대퇴흡입벨브/안전받침(21Y42=105),68000
치료재료대,,,QD3431,전자의수/센서연결선(BE),311000
치료재료대,,,QA31024,긴팔보조기(일반형/각도조절형)-기성품,91000
치료재료대,L7418348,COLLAGEN MEMBRANE,4110500025,COLLAGEN MEMBRANE 15*20mm,54000
치료재료대,BL701020,,4110500029,Osteon II collagen(OTCC) 0.28cc[OTCC0610M],49000
치료재료대,L7402347,OSTEON Ⅱ,4110500022,OSTEON Ⅱ0.25cc,27000
치료재료대,BL701020,,4110500028,Osteon II collagen(OTCC) 0.14cc[OTCC0605M],33000
행위료,,,HZOP01901,사시수술 단순(단일 안근),300000
행위료,,,HZOP01902,사시수술 단순(복수 안근),500000
치료재료대,,,JP0105M,"Implant, milled bar,Gold,Fixture 6ea,Mat",1250000
행위료,,,JP0105T,"Implant, milled bar,Gold,Fixture 6ea,Tre",1450000
치료재료대,,,QA31017,어깨뼈외전보조기(견관절탈구슬링)-기성품,34000
치료재료대,,,JP0106M,"Implant, milled bar,Titanium,Fixture 3ea,Mat [재료]",450000
행위료,,,JP0106T,"Implant, milled bar,Titanium,Fixture 3ea,Tre",750000
치료재료대,,,QD4122,하지의지 고관절장식 7E7,1585000
치료재료대,,,JP0107M,"Implant, milled bar,Titanium,Fixture 4ea,Mat",600000
행위료,,,JP0107T,"Implant, milled bar,Titanium,Fixture 4ea,Tre",800000
치료재료대,,,QD3143,상지싸켓트부/상지훰카바(15K3),110000
치료재료대,,,JP0108M,"Implant, milled bar,Titanium,Fixture 5ea,Mat",700000
행위료,,,JP0108T,"Implant, milled bar,Titanium,Fixture 5ea,Tre",900000
치료재료대,,,QD2253,스탐프싹스/카바용스타킹(BM40(하퇴)),28000
치료재료대,,,JP0109M,"Implant, milled bar,Titanium,Fixture 6ea,Mat",800000
행위료,,,JP0109T,"Implant, milled bar,Titanium,Fixture 6ea,Tre",1000000
치료재료대,,,QD2231,스탐프싹스/카바용스타킹(AM30(대퇴)),33000
행위료,,,HZDE00102,"기미,주근깨,점 제거술 [중]",20000
행위료,,,HZUR01800,포경수술(배면절개),150000
행위료,,,HZEN00502,코골음성형술 복잡,400000
행위료,,,HZUR01801,포경수술(환상절개),200000
행위료,,,HZUR00200,고환삽입술,500000
행위료,,,HZEN00501,코골음성형술 간단,200000
행위료,,,HZDE00101,"기미,주근깨,점 제거술 [대]",30000
행위료,,,HZDE00103,"기미,주근깨,점 제거술 [소]",10000
치료재료대,,,QD2232,스탐프싹스/카바용스타킹(AM35(대퇴)),37000
치료재료대,,,JP0013M,"Crown, Laminate veneer,Mat",180000
행위료,,,JP0013T,"Crown, Laminate veneer,Tre",220000
치료재료대,,,QD2234,스탐프싹스/카바용스타킹(AM45(대퇴)),44000
치료재료대,,,JP0014M,"Crown, Maryland, non-Prec.,Mat",110000
행위료,,,JP0014T,"Crown, Maryland, non-Prec.,Tre",180000
치료재료대,,,QD2254,스탐프싹스/카바용스타킹(BW45(하퇴)),32000
치료재료대,,,JP0015M,"Crown, Maryland, Prec.,Mat",140000
행위료,,,JP0015T,"Crown, Maryland, Prec.,Tre",230000
치료재료대,,,QD2251,스탐프싹스/카바용스타킹(BM30(하퇴)),22000
치료재료대,,,JP0016M,"Inlay, Prec. Gold simple,Mat",140000
행위료,,,JP0016T,"Inlay, Prec. Gold simple,Tre",160000
치료재료대,,,QD2242,스탐프싹스/카바용스타킹(KX45(슬관절)),41000
치료재료대,,,JP0017M,"Inlay, Prec. Gold complex,Mat",140000
행위료,,,JP0017T,"Inlay, Prec. Gold complex,Tre",210000
치료재료대,,,QD2235,스탐프싹스/카바용스타킹(AX35(대퇴)),42000
치료재료대,,,JP0020M,"Post&Core, gold simple,Mat",90000
행위료,,,JP0020T,"Post&Core, gold simple,Tre",140000
치료재료대,,,QA17011,손가락의지(국-PVC미용수),75000
치료재료대,,,JP0021M,"Post&Core, gold complex,Mat",120000
행위료,,,JP0021T,"Post&Core, gold complex,Tre",140000
치료재료대,,,QA31019,어깨뼈외전보조기(암슬링)-기성품,14000
치료재료대,,,JP0022M,"Post&Core, Para,Mat",50000
행위료,,,JP0022T,"Post&Core, Para,Tre",130000
치료재료대,,,QD3224,상지관절부 장식/주관절장식(12A1),429000
치료재료대,,,JP0023M,"Post&Core, glassfiber,Mat",80000
행위료,,,JP0023T,"Post&Core, glassfiber,Tre",140000
치료재료대,,,QD3223,상지관절부 장식/주관절장식(12R3),366000
치료재료대,,,JP0028M,"R.P.D., Half, non-Prec. Elect.,Mat",250000
행위료,,,JP0028T,"R.P.D., Half, non-Prec. Elect.,Tre",450000
치료재료대,,,QD3222,상지관절부 장식/주관절장식(12R2),407000
치료재료대,,,JP0029M,"R.P.D., Half, non-Prec.,Mat",170000
행위료,,,JP0029T,"R.P.D., Half, non-Prec.,Tre",430000
치료재료대,,,QD3211,상지관절부 장식/견갑장식 (대만),145000
치료재료대,,,JP0031M,"R.P.D.,non-Prec.,Mat",400000
행위료,,,JP0031T,"R.P.D.,non-Prec.,Tre",800000
치료재료대,,,QA21011,한쪽편골반의지(골격/회전),7880000
치료재료대,,,JP0032M,"R.P.D., electronic non-Prec.,Mat",400000
행위료,,,JP0032T,"R.P.D., electronic non-Prec.,Tre",1000000
치료재료대,,,QA41019,맞춤형교정용신발(기성정형화/표준),101000
치료재료대,,,JP0033M,"R.P.D., Temporary,Mat",150000
행위료,,,JP0033T,"R.P.D., Temporary,Tre",280000
치료재료대,,,QD3221,상지관절부 장식/주관절장식(12R1),362000
치료재료대,,,JP0034M,"R.P.D., Overdenture, simple,Mat",500000
행위료,,,JP0034T,"R.P.D., Overdenture, simple,Tre",1100000
치료재료대,,,QD3212,상지관절부 장식/견갑장식 (12S4),288000
치료재료대,,,JP0035M,"R.P.D., Overdenture, complex,Mat",700000
행위료,,,JP0035T,"R.P.D., Overdenture, complex,Tre",1100000
치료재료대,,,QD3253,상지관절부 장식/상지연결장식(10A10),76000
치료재료대,,,JP0036M,"R.P.D., Attachment, simple,Mat",400000
행위료,,,JP0036T,"R.P.D., Attachment, simple,Tre",1000000
치료재료대,,,QD4248,"대퇴관절골격식/대퇴장식(재래식)(3R106)(기압,다축)",2314000
치료재료대,,,JP0037M,"R.P.D., Attachment, complex,Mat",500000
행위료,,,JP0037T,"R.P.D., Attachment, complex,Tre",1100000
치료재료대,,,QD4247,"대퇴관절골격식/대퇴장식(재래식)(3R92)(기압,단축,브레이크형)",1844000
치료재료대,,,JP0038M,"R.P.D., Telescopic, simple,Mat",350000
행위료,,,JP0038T,"R.P.D., Telescopic, simple,Tre",530000
치료재료대,,,QD4246,"대퇴관절골격식/대퇴장식(재래식)(3R90)(기계,단축,브레이크형)",1241000
치료재료대,,,JP0039M,"R.P.D., Telescopic, complex,Mat",550000
치료재료대,,,JP0052M,"Attachment, Magnetic,Mat",140000
치료재료대,,,QD4245,대퇴관절골격식/대퇴장식(재래식)3R60(유압2)/마우크(OS),4650000
행위료,,,JP0052T,"Attachment, Magnetic,Tre",200000
치료재료대,,,QD4243,대퇴관절골격식(대퇴공기압식(무릎관절)),994000
치료재료대,,,JP0053M,"Attachment, simple,Mat",150000
행위료,,,JP0053T,"Attachment, simple,Tre",150000
치료재료대,,,QD3251,상지관절부 장식/상지연결장식(10R2),83000
치료재료대,,,JP0054M,"Attachment, medium,Mat",150000
행위료,,,JP0054T,"Attachment, medium,Tre",200000
치료재료대,,,QA33023,고관절외전보조기-기성품,136000
치료재료대,,,JP0055M,"Attachment, complex,Mat",220000
행위료,,,JP0055T,"Attachment, complex,Tre",220000
치료재료대,,,QA15021,(짧은)표준아래팔의지(국-재래/국-PVC미용수),845000
치료재료대,,,JP0056M,"Konus Teles. crown, inner&outer,PT.G.,Mat",350000
행위료,,,JP0056T,"Konus Teles. crown, inner&outer,PT.G.,Tre",350000
치료재료대,,,QA14013,팔꿈치관절의지(독-재래/독-기능수/미-작업수),2883000
치료재료대,,,JP0057M,"Konus Teles. crown, inner&outer,Super G.,Mat",320000
행위료,,,JP0057T,"Konus Teles. crown, inner&outer,Super G.,Tre",280000
치료재료대,,,QA14011,팔꿈치관절의지(독-재래/국-PVC미용수),1916000
치료재료대,,,JP0058M,"Konus Teles. crown, inner&outer,Palladium,Mat",220000
행위료,,,JP0039T,"R.P.D., Telescopic, complex,Tre",550000
치료재료대,,,QD4721,하지의지/싸켓트(고관절),1519000
치료재료대,,,JP0040M,"Rebase, indirect, simple,Mat",50000
행위료,,,JP0040T,"Rebase, indirect, simple,Tre",140000
치료재료대,,,QD4712,하지의지/싸켓트(내면싸게),142000
치료재료대,,,JP0041M,"Rebase, indirect, complex,Mat",100000
행위료,,,JP0041T,"Rebase, indirect, complex,Tre",200000
치료재료대,,,QD4657,고무발 1S49(싸치),158000
치료재료대,,,JP0042M,"Flipper, complex,Mat",50000
행위료,,,JP0042T,"Flipper, complex,Tre",100000
치료재료대,,,QD3430,상지의지/전자의수내피(BK)8X18,151000
치료재료대,,,JP0043M,"Occlusal splint, complex,Mat",200000
행위료,,,JP0043T,"Occlusal splint, complex,Tre",400000
행위료,,,JP0058T,"Konus Teles. crown, inner&outer,Palladium,Tre",280000
치료재료대,,,QD4685,하지의지/다리의지기타/발싹스,40000
치료재료대,,,JP0059M,"Konus Teles. crown, inner&outer,PFM,Mat",220000
행위료,,,JP0059T,"Konus Teles. crown, inner&outer,PFM,Tre",330000
치료재료대,,,QD4662,하지/ 다리의지기타 (발덮개),89000
치료재료대,,,JP0060M,"Konus Teles. crown, inner&outer,PFG,Mat",330000
행위료,,,JP0060T,"Konus Teles. crown, inner&outer,PFG,Tre",320000
치료재료대,,,QD4664,하지/ 다리의지기타  (고무발외피),168000
치료재료대,,,JP0061M,"Semirigid joint,Mat",70000
행위료,,,JP0061T,"Semirigid joint,Tre",80000
치료재료대,,,QD4659,고무발 C-Walk/VFEVO(기능4),2788000
치료재료대,,,JP0062M,Flexible denture,300000
행위료,,,JP0062T,Flexible denture,600000
치료재료대,,,QD3424,상지의지/전자의수(전극센서),960000
치료재료대,,,JP0063M,"Locator,Mat",250000
치료재료대,,,QD2144,스타킹/카바용스타킹(하퇴용),4000
치료재료대,,,JP0044M,"F.D., Prec., base metal,Mat",900000
행위료,,,JP0044T,"F.D., Prec., base metal,Tre",700000
치료재료대,,,QD4514,실리콘라이너 6Y81(프로실라이너),368000
치료재료대,,,JP0045M,"F.D., Mesh or base metal,Mat",450000
행위료,,,JP0045T,"F.D., Mesh or base metal,Tre",950000
치료재료대,,,QD4692,하지기타/실리콘슬리브/452K6=5(무릎밴드식),100000
치료재료대,,,JP0046M,"F.D., resin plate,Mat",300000
행위료,,,JP0046T,"F.D., resin plate,Tre",900000
치료재료대,,,QD4555,하지의지/실리콘류/실리콘핀오토복 6Y13=1,39000
치료재료대,,,JP0047M,"F.D., Immediate, mesh,Mat",250000
행위료,,,JP0047T,"F.D., Immediate, mesh,Tre",350000
치료재료대,,,QD4554,하지의지/실리콘류/실리콘핀오써,48000
치료재료대,,,JP0048M,"F.D., Immediate, resin plate,Mat",200000
행위료,,,JP0048T,"F.D., Immediate, resin plate,Tre",300000
치료재료대,,,QD9803,기타/피부보호제/453H14(더마리페어),104000
행위료,,,JP0063T,"Locator,Tre",250000
치료재료대,,,QA33077,발목관절보조기(연성)-기성품,20000
치료재료대,,,JP0067M,"Orthodontics, fixed type, simp.,Mat",180000
행위료,,,JP0067T,"Orthodontics, fixed type, simp.,Tre",200000
치료재료대,,,QA33079,"짧은다리플라스틱보조기(일체형,워크부츠)-기성품",87000
치료재료대,,,JP0070M,"Implant, simple,Mat",600000
행위료,,,JP0070T,"Implant, simple,Tre",750000
치료재료대,,,QD4218,하지의지/대퇴반도/중반도,30000
치료재료대,,,JP0071M,"Implant, complex,Mat",650000
행위료,,,JP0071T,"Implant, complex,Tre",800000
치료재료대,,,QD4211,하지의지/대퇴반도/피혁반도,79000
치료재료대,,,JP0072M,"Implant crown, Pt-gold,Mat",320000
행위료,,,JP0072T,"Implant crown, Pt-gold,Tre",340000
치료재료대,,,QA33070,"무릎관절보조기(슬관절보조기,니브레이스)-기성품",37000
치료재료대,,,JP0073M,"Implant crown, Super-gold,Mat",300000
행위료,,,JP0073T,"Implant crown, Super-gold,Tre",320000
치료재료대,,,QD4631,파이프 교환/파이프  2R38(Long),111000
치료재료대,,,JP0074M,"Implant crown, PFG,Mat",400000
행위료,,,JP0074T,"Implant crown, PFG,Tre",400000
치료재료대,,,QD4626,발목관절 2R31(싸치볼트),117000
치료재료대,,,JP0075M,"Implant crown, PFM,Mat",270000
행위료,,,JP0075T,"Implant crown, PFM,Tre",330000
치료재료대,,,QD3323,상지의지/작업수/작업수(미/스텐),432000
치료재료대,,,JP0076M,"Implant overdenture, simple,Mat",700000
행위료,,,JP0076T,"Implant overdenture, simple,Tre",800000
치료재료대,,,QD5213,보조기/슬관절보조기/(각도갤택스),110000
치료재료대,,,JP0077M,"Implant overdenture, complex,Mat",800000
행위료,,,JP0077T,"Implant overdenture, complex,Tre",1000000
치료재료대,,,QD5212,보조기/슬관절보조기/(돈죠이),44000
치료재료대,,,JP0078M,"Implant, Hybrid denture,Mat",1300000
행위료,,,JP0078T,"Implant, Hybrid denture,Tre",1200000
치료재료대,,,QA33069,무릎관절보조기(갤텍스)-기성품,62000
치료재료대,,,JP0080M,"Implant, hader bar,Mat",550000
행위료,,,JP0080T,"Implant, hader bar,Tre",600000
치료재료대,,,JP0081M,"Implant, hader bar(추가),Mat",200000
치료재료대,,,QD4711,하지의지/싸켓트/(부분수리),228000
치료재료대,,,JP0084M,"Implant, Magnetic,Mat",200000
행위료,,,JP0084T,"Implant, Magnetic,Tre",300000
치료재료대,,,QD4658,고무발 1A31(그레이징거발),497000
치료재료대,,,JP0085M,"Implant, O-ring, E.R.A.,Mat",220000
행위료,,,JP0085T,"Implant, O-ring, E.R.A.,Tre",230000
치료재료대,,,QD3322,상지의지/작업수/작업수(미/알미늄),432000
치료재료대,,,JP0086M,"Implant, MDI,Mat",220000
행위료,,,JP0086T,"Implant, MDI,Tre",240000
치료재료대,,,QD3331,상지의지/작업수/기능수(독일제)8K23,457000
치료재료대,,,JP0087M,"Implant, Tem. MDI,Mat",110000
행위료,,,JP0087T,"Implant, Tem. MDI,Tre",120000
치료재료대,,,QD3314,상지의지/미용수/실리콘(손가락의지),183000
치료재료대,,,JP0088M,"Implant, 국산,Mat",320000
행위료,,,HZDE02301,여드름 제거(대),10000
행위료,,,HZDE02302,여드름 제거(중),5000
행위료,,,HZDE02303,여드름 제거(소),3000
행위료,,,HZDE01901,박피술 [화학] (대),100000
행위료,,,HZDE01902,박피술 [화학] (중),50000
행위료,,,HZDE01903,박피술 [화학] (소),30000
행위료,,,JP0088T,"Implant,국산,Tre",680000
치료재료대,,,QD3135,상지싸켓트부/상지케이블(국산),90000
치료재료대,,,JP0092M,"Implant, complex,Mat",800000
행위료,,,JP0092T,"Implant, complex,Tre",700000
치료재료대,,,QD3134,상지싸켓트부/상지케이블(21A4=2),163000
치료재료대,,,JP0096M,"Implant, Hybrid denture,Titanium,Fixture 4ea,Mat",650000
행위료,,,JP0096T,"Implant, Hybrid denture,Titanium,Fixture 4ea,Tre",850000
치료재료대,,,JP0049M,"F.D., Temporary,Mat",100000
행위료,,,JP0049T,"F.D., Temporary,Tre",250000
치료재료대,,,QA32046,디스크닥터-기성품,162000
치료재료대,,,JP0050M,"Definitive obturator, metal base,Mat",700000
행위료,,,JP0050T,"Definitive obturator, metal base,Tre",800000
치료재료대,,,QD3423,상지의지/전자의수(의수카바)8X18,171000
치료재료대,,,JP0051M,"Interrim or immediate obturator,Mat",170000
행위료,,,JP0051T,"Interrim or immediate obturator,Tre",230000
치료재료대,,,QD3422,상지의지/전자의수(밧데리마운트셋트)757Z184=1,164000
치료재료대,,,JP0120M,"Crown, Gold - Pt,Mat",220000
행위료,,,JP0120T,"Crown, Gold - Pt,Tre",240000
치료재료대,,,QD4621,발목관절/(국산),80000
치료재료대,,,JP0121M,"Crown, Super - Gold,Mat",200000
행위료,,,JP0121T,"Crown, Super - Gold,Tre",220000
치료재료대,,,JP0004M,"Crown, Metal,Mat",100000
행위료,,,JP0004T,"Crown, Metal,Tre",150000
치료재료대,,,QD3312,상지의지/미용수/실리콘,335000
치료재료대,,,JP0005M,"Atrficial gold crown for RD,Mat",100000
행위료,,,JP0005T,"Atrficial gold crown for RD,Tre",150000
치료재료대,,,QD3311,상지의지/미용수/PVC,225000
치료재료대,,,JP0006M,"Crown, PFM, A,Mat",150000
행위료,,,JP0006T,"Crown, PFM, A,Tre",220000
치료재료대,,,QD3252,상지관절부 장식/상지연결장식(10R6),69000
치료재료대,,,JP0007M,"Crown, PFM, B,Mat",150000
행위료,,,JP0007T,"Crown, PFM, B,Tre",200000
치료재료대,,,QD4625,발목관절  2R33(단축발),330000
치료재료대,,,JP0008M,"Crown, PFG, A,Mat",230000
행위료,,,HZFM00303,비만치료 [간단],2000
행위료,,,HZFM00301,비만치료 [복잡],5000
행위료,,,HZFM00302,비만치료 [중등도],4000
행위료,,,HZFM00100,메조테라피/1회당,14000
행위료,,,JP0008T,"Crown, PFG, A,Tre",290000
치료재료대,,,QD4545,하지의지/실리콘류/ 실리콘라이너 특수피부용(오써),443000
치료재료대,,,JP0009M,"Crown, PFG, B,Mat",230000
행위료,,,JP0009T,"Crown, PFG, B,Tre",220000
치료재료대,,,QA33075,짧은다리플라스틱보조기(일체형)-기성품,81000
치료재료대,,,JP0010M,"Crown, collarless PFM,Mat",150000
행위료,,,JP0010T,"Crown, collarless PFM,Tre",230000
치료재료대,,,QA33078,"무릎관절보조기(갤텍스,각도조절형)-기성품",100000
치료재료대,,,JP0011M,"Crown, collarless PFG,Mat",260000
행위료,,,JP0011T,"Crown, collarless PFG,Tre",260000
치료재료대,,,QA11012,어깨가슴의지(국-재래/국-PVC미용수),1078000
치료재료대,,,JP0012M,"Crown, all ceramic,Mat",200000
행위료,,,JP0012T,"Crown, all ceramic,Tre",270000
치료재료대,,,QD3132,상지싸켓트부/상지케이블(21A3=2),171000
치료재료대,,,JP0018M,"Inlay, Por. or resin, simple,Mat",120000
행위료,,,JP0018T,"Inlay, Por. or resin, simple,Tre",150000
치료재료대,,,QD3131,상지싸켓트부/상지케이블(21A3=1),169000
행위료,,,JP0019T,"Inlay, Por. or resin, complex,Tre",160000
치료재료대,,,QD3124,상지싸켓트부품/하니스 21A29=25(액와받침대),49000
치료재료대,,,JP0003M,"Crown, Palladium,Mat",160000
행위료,,,JP0003T,"Crown, Palladium,Tre",190000
치료재료대,,,QD4244,대퇴관절골격식슬관절공기압식,994000
치료재료대,,,QD3231,상지관절부 장식(재래식)(상박장식),117000
치료재료대,,,JP0097M,"Implant, Hybrid denture,Titanium,Fixture 5ea,Mat",850000
행위료,,,JP0097T,"Implant, Hybrid denture,Titanium,Fixture 5ea,Tre",950000
치료재료대,,,QD3234,상지관절부장식(재래식)(의수고정장식),60000
치료재료대,,,JP0098M,"Implant, Hybrid denture,Titanium,Fixture 6ea,Mat",1000000
행위료,,,JP0098T,"Implant, Hybrid denture,Titanium,Fixture 6ea,Tre",1100000
치료재료대,,,QD3123,상지싸켓트부/상지 케이블 (반도연결부)21Y37,23000
치료재료대,,,JP0110M,"Implant crown, A-gold,Mat",250000
행위료,,,JP0110T,"Implant crown, A-gold,Tre",320000
치료재료대,,,JP0111M,"ERA,1ea,Mat",130000
행위료,,,JP0111T,"ERA,1ea,Tre",150000
치료재료대,,,QA33076,발목관절보조기(경성)-기성품,34000
치료재료대,,,JP0112M,"Magnetic,1ea,Mat",170000
행위료,,,JP0112T,"Magnetic,1ea,Tre",180000
치료재료대,,,QA33066,무릎관절보조기(각도조절/돈죠이)-기성품,44000
치료재료대,,,JP0113M,"Locator,Mat",200000
행위료,,,JP0113T,"Locator,Tre",200000
치료재료대,,,QD4241,대퇴신경대/대퇴장식(재래식)(기존식),32000
치료재료대,,,JP0114M,"Spark elosin,Mat",60000
행위료,,,JP0114T,"Spark elosin,Tre",100000
치료재료대,,,QD4232,대퇴요부장식/대퇴장식(재래식)(고정장식),91000
치료재료대,,,JP0116M,"CAD-CAM Ceramic crown,Mat",250000
행위료,,,JP0116T,"CAD-CAM Ceramic crown,Tre",300000
치료재료대,,,QD3133,상지싸켓트부/상지케이블(21A4=1),166000
치료재료대,,,JP0117M,"CAD-CAM Ceramic crown,임플란트용(simple),Mat",350000
치료재료대,,,QA16011,손의지(국-PVC미용수),175000
치료재료대,,,JP0099M,"Implant, hader bar,Fixture 2ea,Mat",550000
행위료,,,JP0099T,"Implant, hader bar,Fixture 2ea,Tre",650000
치료재료대,,,QA33086,발목관절보조기(연성),40000
치료재료대,,,JP0100M,"Implant, hader bar,Fixture 3ea,Mat",700000
행위료,,,JP0100T,"Implant, hader bar,Fixture 3ea,Tre",800000
치료재료대,,,QA23023,넓적다리의지(골격/회전/기압1/기능2/허리반도),8010000
치료재료대,,,JP0101M,"Implant, hader bar,Fixture 4ea,Mat",850000
행위료,,,JP0101T,"Implant, hader bar,Fixture 4ea,Tre",950000
치료재료대,,,QA23022,넓적다리의지(골격/회전/기압1/기능1/허리반도),7366000
치료재료대,,,JP0102M,"Implant, milled bar,Gold,Fixture 3ea,Mat",650000
행위료,,,JP0102T,"Implant, milled bar,Gold,Fixture 3ea,Tre",850000
치료재료대,,,QA23026,넓적다리의지(골격/회전/기압/표준/허리반도),6358000
치료재료대,,,JP0103M,"Implant, milled bar,Gold,Fixture 4ea,Mat",850000
행위료,,,JP0103T,"Implant, milled bar,Gold,Fixture 4ea,Tre",1050000
치료재료대,,,QD3126,상지싸켓트부/의수반도(상박반도),33000
치료재료대,,,JP0104M,"Implant, milled bar,Gold,Fixture 5ea,Mat",1050000
행위료,,,JP0104T,"Implant, milled bar,Gold,Fixture 5ea,Tre",1250000
치료재료대,,,QD3125,상지싸켓트부/의수반도(전박반도),54000
행위료,,,JP0117T,"CAD-CAM Ceramic crown,임플란트용(simple),Tre",350000
치료재료대,,,QD4632,파이프교환/파이프 2K38,130000
치료재료대,,,JP0118M,"CAD-CAM Ceramic crown,임플란트용(complex),Tre",400000
행위료,,,JP0118T,"CAD-CAM Ceramic crown,임플란트용(complex),Tre",400000
치료재료대,,,JP0019M,"Inlay, Por. or resin, complex,Mat",120000
행위료,,,FZ01701,운동처방[스트레칭 집단 재활치료],4000
행위료,,,FZ01702,운동처방[특수재활체육],10000
치료재료대,BL702003,,4110200032,Colla-Products Collacote,24000
약제비,657400580,성광칼라민로오숀,DCALAM,성광칼라민로오숀,1
약제비,670800110,시알리스정20mg(타다라필),DTADA20,시알리스정20mg(타다라필),16000
약제비,666000090,락소폴1.0g캅셀(피마자유),DCAST,락소폴1.0g캅셀(피마자유),2
약제비,676800020,트롬보젝주3%30mg/ml(테트라데실황산나트륨),MTROMBO3,트롬보젝주3%30mg/ml(테트라데실황산나트륨),26000
치료재료대,BL701011,,4110500014,OCS B  0.25g(골이식재),54082
치료재료대,BL702004,,4110200033,Colla Plug /1EA,19200
치료재료대,,,QD4624,발목관절 2H19(단축발장식),94000
치료재료대,,,QD4623,발목관절/(발목나무),66000
치료재료대,BF0001KV,MOBI-C WITH PLUG & FIT,4011500122,MOBI-C WITH PLUG & FIT(LDR MEDICAL),4400000
약제비,684400040,코네티비나겔(히알우론산나트륨),DCONNETTI,코네티비나겔(히알우론산나트륨),21630
치료재료대,BJ4801NX,ASAN-ZINEU BALLOON CATHETER,4011500125,"ASAN-ZINEU BALLOON CATHETER(JUVENUI)-ANES,NS,OS 가능",792000
치료재료대,,,QD4622,발목관절싸임용,87000
치료재료대,,,QD4560,하지의지/실리콘류/실리콘슬리브 자체제작,196000
치료재료대,,,QA33021,고관절외전보조기,394000
치료재료대,,,QA25083,사임식발목관절의지(골격/고급형),4454000
치료재료대,,,QA25082,사임식발목관절의지(재래/실리콘형),2440000
치료재료대,,,QA25081,사임식발목관절의지(재래),1438000
치료재료대,,,QA25075,종아리의지(재래/수영용),2013000
치료재료대,,,QA25074,종아리의지(재래/장식),1779000
치료재료대,,,QA25073,종아리의지(재래),1528000
치료재료대,,,QA25072,종아리의지(골격/건보용/실리콘),1921000
치료재료대,,,QD3241,상지관절부 장식/상지손목장식(국산),197000
치료재료대,,,QD3227,상지관절부 장식/주관절장식(16X14),262000
치료재료대,,,QD3247,상지관절부/상지손목장식(52159(Hosmer)),236000
치료재료대,,,QD4324,"하지의지/슬관절장식/앞반도(3R32)(슬,기계,다축,잠김)",1171000
치료재료대,,,QD4321,하지의지/슬관절장식/앞반도 7G3(kneebearingjoint),334000
치료재료대,,,QD3254,상지관절부장식/상지연결장식(10A55),76000
치료재료대,,,QD3142,상지싸켓트부/상지훰카바(15K1),91000
치료재료대,,,QD3141,상지싸켓트부/상지훰카바(15K1),91000
치료재료대,BM201002,,4010600015,보형물 AMS700 PENILE PROSTHESIS(3/PIECE)-팽창형,6258206
치료재료대,BC0101AT,DBX PUTTY,4011500108,DBX PUTTY 1cc,386000
치료재료대,BJ4801GZ,ABEL EPIDURAL CATHETER,4011500104,ABEL EPIDURAL CATHETER(GS MEDICAL),509976
치료재료대,BC0102QT,"BONGENER, CGDBM DEEP, EL FUSE INJECTABLE",4011500081,BONGENER 1cc(DBM),345000
제증명료,,,AQA02401,진료확인서,3000
제증명료,,,AQA01901,장애인증명서-소득공제장애자증명서,1000
치료재료대,,,QD4221,대퇴요부장식/대퇴요부장식(국산),134000
치료재료대,,,QA25071,종아리의지(골격/건보용),1390000
치료재료대,,,QA25062,종아리의지(골격/기능4/하모니형),10344000
치료재료대,,,QA25061,종아리의지(골격/기능3/하모니형),9544000
치료재료대,,,QA25099,종아리의지(골격/기능4/맞춤형실리콘),6614000
치료재료대,,,QA25098,종아리의지(골격/기능3/맞춤형실리콘),6006000
치료재료대,,,QA25097,종아리의지(골격/기능2/맞춤형실리콘),5001000
치료재료대,,,QA25096,종아리의지(골격/기능1/맞춤형실리콘),4361000
치료재료대,,,QA25095,종아리의지(골격/기능4/씰인형실리콘),5904000
치료재료대,,,QA25094,종아리의지(골격/기능3/씰인형실리콘),5296000
치료재료대,,,QA25093,종아리의지(골격/기능2/씰인형실리콘),4304000
치료재료대,,,QA25042,종아리의지(골격/기능1/표준형실리콘),3394000
치료재료대,,,QA25041,종아리의지(골격/표준/보급형실리콘),3414000
치료재료대,,,QA25035,종아리의지(골격/기능4),5224000
치료재료대,,,QA25034,종아리의지(골격/기능3),4616000
치료재료대,,,QA25033,종아리의지(골격/기능2),3624000
치료재료대,,,QA25031,종아리의지(골격/표준),3000000
치료재료대,,,QA25024,짧은종아리의지(실리콘고급/장식),3730000
치료재료대,,,QA25022,짧은종아리의지(실리콘/장식),3339000
치료재료대,,,QA33049,긴다리보조기(카본형),3567000
치료재료대,,,QD3233,상지관절부 장식(재래식)(이중장식),116000
치료재료대,,,QA56006,보청기(최고급형/Xino110/개방형),2556000
치료재료대,,,QD4513,실리콘라이너 오써(3mm/대퇴),592000
치료재료대,,,QD4691,하지기타/실리콘슬리브/452K7(무릎밴드식),33000
치료재료대,,,QD9802,기타/피부보호제/453H10(더마크린),91000
치료재료대,,,QD9801,기타/피부보호제/453H12(더마프리벤트),104000
치료재료대,,,QA33083,짧은다리금속형보조기(국산/크렌자크식),538000
치료재료대,,,QA33082,"짧은다리금속형보조기(외산/고정형,90도 고정형)",559000
치료재료대,,,QD4655,고무발 1P5,242000
치료재료대,,,QD4654,고무발 1P9(피로고프),293000
제증명료,,,AQB00102,"의무기록사본(6매이상, 1장 수가)",100
제증명료,,,AQA00501,사망진단서,10000
제증명료,,,AQA00503,영문사망진단서,15000
제증명료,,,AQA00701,사산(사태)증명서,2000
제증명료,,,AQA00801,시체검안서,30000
제증명료,,,AQA01003,상해진단서(3주이상),100000
제증명료,,,AQA01501,일반소견서(보험회사 제출용),10000
제증명료,,,AQA01503,영문일반소견서(보험회사 제출용),15000
제증명료,,,AQA01601,일반진단서,10000
제증명료,,,AQA02001,장애진단서,100000
제증명료,,,AQA02002,장애진단서(간단),15000
제증명료,,,AQA03001,수술확인서,10000
제증명료,,,AQA01001,상해진단서(3주미만),50000
제증명료,,,AQA00101,국민연금장애심사용진단서,6000
제증명료,VC040,,AQF00501,진료기록영상(CD)-핵의학PACS영상,5000
제증명료,VC040,,AQF00601,진료기록영상(CD)-EEG영상,5000
치료재료대,,,QD4653,고무발 1H38(단축발),184000
제증명료,,,AQA01401,연령감정서,20000
제증명료,71012,토탈서비스 이용 수수료-종합병원,AQS71012,산재토탈서비스 이용 수수료-종합병원,2000
제증명료,,,AQA02601,통원확인서[병명 미기재],1000
제증명료,,,AQA02602,통원확인서[병명 기재],3000
제증명료,,,AQA02801,근로능력평가용진단서,10000
제증명료,VC040,,AQF00101,진료기록영상(CD)-PACS영상,5000
제증명료,VC040,,AQF00201,진료기록영상(CD)-내시경PACS영상,5000
제증명료,VC040,,AQF00301,진료기록영상(CD)-뇌파영상,5000
제증명료,VC040,,AQF00401,진료기록영상(CD)-심혈관PACS영상,5000
제증명료,,,AQA01701,입퇴원확인서,3000
제증명료,,,AQB00101,"의무기록사본(기본5부까지, 1장 수가)",1000
치료재료대,,,QD4652,고무발(대만제),153000
제증명료,70512,전원요양 신청 소견서-종합병원,AQS70512,산재전원요양 신청 소견서-종합병원,50000
제증명료,,,AQA00301,병무용진단서,20000
제증명료,,,AQA01101,성별감정서,10000
제증명료,,,AQA02101,정신감정서,100000
제증명료,,,AQA02201,영문 등 외국어 일반진단서,15000
제증명료,,,AQA02301,향후진료비추정서(천만원미만),50000
제증명료,,,AQA02303,향후진료비추정서(천만원이상),100000
제증명료,,,AQA02501,출생증명서,3000
제증명료,,,AQA00400,보장구검진소견서,10000
치료재료대,,,QD4546,하지의지/실리콘류/실리콘라이너 오써(씰인X/하퇴),476000
치료재료대,,,QD4544,"하지의지/실리콘류 / 실리콘라이너 오써(3mm/6mm,하퇴)",403000
치료재료대,,,QD4512,"하지의지/실리콘류/453D4(더마실,더블)",96000
치료재료대,,,QD4511,하지의지/실리콘류/453D7/더마실(싱글),146000
치료재료대,,,QD4651,고무발 (국산),199000
치료재료대,,,QD4645,연결장식/4R103(슬라이딩),204000
치료재료대,,,QD4644,연결장식(4R84)(양면/+-),114000
치료재료대,,,QD4643,연결장식/(4R72)(양면/--),111000
치료재료대,,,QD4642,연결장식 4K52(성림/국산),90000
치료재료대,,,QD4641,연결장식  4R52(오토복),182000
치료재료대,,,QD4634,파이프 교환/파이프 2R37(Short),117000
치료재료대,,,QD4633,파이프 교환./파이프  2R57(34mm),117000
치료재료대,,,QD4272,대퇴흡입벨브/안전받침(21Y42=77),11000
치료재료대,,,QD2313,공통/지팡이/지팡이고무(소),2000
치료재료대,,,QD2312,공통/지팡이/지팡이고무(중),2000
치료재료대,,,QD2311,공통/크럿치/카바용스타킹(대),2000
치료재료대,,,QD2273,스탐프싹스/카바용스타킹(UX25(상지)),24000
치료재료대,,,QD2272,스탐프싹스/카바용스타킹(UM30(상지)),17000
치료재료대,,,QD2271,스탐프싹스/카바용스타킹(UM20(상지)),13000
치료재료대,,,QD2263,스탐프싹스/카바용스타킹(SX55(싸임)),42000
치료재료대,,,QD2261,스탐프싹스/카바용스타킹(SM50(싸임)),32000
치료재료대,,,QD2256,스탐프싹스/카바용스타킹(BX45(하퇴)),41000
치료재료대,,,QD2255,스탐프싹스/카바용스타킹(BX35(하퇴)),34000
치료재료대,,,QD3111,상지싸켓트부/싸켓트(견갑),665000
치료재료대,,,QD4267,하지의지/대퇴부속품/안전받침,44000
치료재료대,,,QD4263,하지의지/대퇴부속품/반도고정대,22000
치료재료대,,,QD4261,하지의지/대퇴부속품/요부가죽,19000
치료재료대,,,QD4260,대퇴관절골격식/대퇴장식(재래식)(3R80)(유압1),3362000
치료재료대,,,QD4259,"대퇴관절골격식/대퇴장식(재래식)(3R95=1)(유압,단축)",2610000
치료재료대,,,QD4257,"대퇴관절골격식/대퇴장식(재래식)(3R49)(단축,기계,브레이크형)",1111000
치료재료대,,,QD4255,"대퇴관절골격식/대퇴장식(재래식)(3R34)(후방스프링,단축)",778000
치료재료대,,,QD4254,"대퇴관절골격식/대퇴장식(재래식)(3R33)(후방스프링,단축,잠김형)",776000
치료재료대,,,QD4253,대퇴관절골격식/대퇴장식(재래식)21B30(extensionassist),97000
치료재료대,,,QD4252,대퇴관절골격식/대퇴장식(재래식)(3R18),371000
치료재료대,,,QD4251,대퇴관절골격식/대퇴장식(재래식)(3R36)(4바)/밸런스(OS),1198000
치료재료대,,,QA25021,짧은종아리의지(표준/장식),2759000
치료재료대,,,QA25018,종아리굴곡체중부하의지(건보용/실리콘형),2058000
치료재료대,,,QA25017,종아리굴곡체중부하의지(건보용),1713000
치료재료대,,,QA24034,무릎관절의지(골격/기능3/유압1/프로씰형실리콘 ,9244000
치료재료대,,,QA24033,무릎관절의지(골격/기능3/유압1/씰인형실리콘),8894000
치료재료대,,,QD3243,상지관절부 장식/상지손목장식(10V18),312000
치료재료대,,,QD3226,상지관절부 장식/주관절장식(16X13),670000
치료재료대,,,QD3213,상지관절부 장식/견갑장식 (12S7),198000
치료재료대,,,QA33081,"짧은다리금속형보조기(국산/고정형,90도 고정형)",413000
치료재료대,,,QA52000,의이,3274000
치료재료대,,,QA31031,짧은팔보조기(전박골절보조기),230000
치료재료대,,,QA32021,척추보조기(나이트형보조기),186000
치료재료대,,,QA32042,콜셋(허리.엉치뼈형),107000
치료재료대,,,QA32041,"콜셋(등,허리.엉치뼈형)",161000
치료재료대,,,QA33012,골반보조기,93000
치료재료대,,,QD4559,맞춤형실리콘커버종아리용(표준형),1981000
치료재료대,,,QA13015,짧은위팔의지(국-재래/국-PVC미용수),990000
치료재료대,,,QA12015,어깨관절의지(독-골격/국-PVC미용수),2175000
치료재료대,,,QA12012,어깨관절의지(국-재래/국-PVC미용수),1096000
치료재료대,,,QA11015,어깨가슴의지(독-골격/국-PVC미용수),2201000
치료재료대,,,QA31018,어깨뼈외전보조기(울트라슬링)-기성품,47000
치료재료대,,,QA33032,긴다리보조기(골반대부착)(외산/표준),1770000
치료재료대,,,QA33031,긴다리보조기(골반대부착)(국산/표준),1739000
치료재료대,,,QD4541,하지의지/실리콘류/실리콘라이너 오토복 6Y70,237000
치료재료대,,,QD4550,하지의지/실리콘류/디스탈컵(오써),155000
치료재료대,,,QD3421,상지의지/전자의수(밧데리)757B20,523000
치료재료대,,,QA24026,무릎관절의지(골격/기능2/기압),7102000
치료재료대,,,QA24025,무릎관절의지(골격/기능1/기압),6458000
치료재료대,,,QA24014,무릎관절의지(골격/기능1/일반형),5487000
치료재료대,,,QA24013,무릎관절의지(골격/유압2/표준),8423000
치료재료대,,,QA24024,무릎관절의지(골격/유압1/표준),6592000
치료재료대,,,QA24012,무릎관절의지(골격/잠김형/표준),5659000
치료재료대,,,QA24011,무릎관절의지(골격/기계/표준),5507000
치료재료대,,,QA23091,넓적다리의지(골격/회전/유압2/기능4/씰인형실리콘),12973000
치료재료대,,,QA23090,넓적다리의지(골격/회전/유압2/기능3/씰인형실리콘),12366000
치료재료대,,,QA23089,넓적다리의지(골격/회전/유압2/기능2/씰인형실리콘),11374000
제증명료,,,AQW01200,제증명료 사본,1000
치료재료대,,,QD4558,하지의지/실리콘류/셔틀락 6A52(버튼),142000
치료재료대,,,QA24023,무릎관절의지(골격/건보용/실리콘),3990000
치료재료대,,,QA24022,무릎관절의지(골격/건보용),3397000
치료재료대,,,QA24021,무릎관절의지(재래),3311000
치료재료대,,,QA24018,무릎관절의지(골격/기능4/유압),8832000
치료재료대,,,QA24017,무릎관절의지(골격/기능3/유압),8224000
치료재료대,,,QA24016,무릎관절의지(골격/기능2/유압),7232000
치료재료대,,,QA24015,무릎관절의지(골격/기능1/유압),6589000
치료재료대,,,QD3114,상지싸켓트부/(전박),437000
치료재료대,,,QD5155,보조기/스티럽 17B64,70000
치료재료대,,,QD5154,보조기/스티럽 17F36(오토복형),130000
치료재료대,,,QD5152,보조기/스티럽/17F28,140000
치료재료대,,,QD5151,보조기/스티럽/국산,72000
치료재료대,,,QD5145,보조기/보조기발목장식/셔틀락(17F32),72000
치료재료대,,,QD5144,보조기/보조기발목장식/셔틀락(17F31)스티럽(베커형),172000
치료재료대,,,QD5143,보조기/보조기발목장식/셔틀락(크렌쟉(국)),91000
치료재료대,,,QD5142,보조기/보조기발목장식/셔틀락(17B62)(오토복형),176000
치료재료대,,,QD5141,보조기/보조기발목장식/셔틀락(표준형(국),70000
치료재료대,,,QD5132,보조기/사이드바/셔틀락(17B40)베커(반자동),460000
치료재료대,,,QD5131,보조기/사이드바/셔틀락(17B39)베커(링락형),378000
치료재료대,,,QD4553,하지의지/실리콘류/셔틀락 6A20=20(대퇴용),236000
치료재료대,,,QD4552,하지의지/실리콘류/셔틀락 6A20=10(하퇴용),256000
치료재료대,,,QD4515,"셔틀락 6A30=10(하퇴용,액)",280000
치료재료대,,,QD4443,하퇴부속품/종아리장식(족선고무),309000
치료재료대,,,QD4421,수영용무릎고무밴드/종아리(싸켓교환)(필라이트),142000
치료재료대,,,QD4433,하퇴장식/종아리자식(국산),219000
치료재료대,,,QD4432,하퇴장식/종아리장식(7U30),374000
치료재료대,,,QD4431,하퇴장식/종아리장식(7U15),380000
치료재료대,,,QD4416,하퇴반도/종아리반도(가장착용하퇴반도),70000
치료재료대,,,QD4325,"하지의지/슬관절장식/앞반도(3R46)(슬,유압,다축)",2429000
치료재료대,,,QD4323,"하지의지/슬관절장식/앞반도(3R30)(슬,기계,다축)",1092000
치료재료대,,,QD4322,하지의지/슬관절장식/앞반도(국산),201000
치료재료대,,,QD4271,대퇴흡입벨브/안전받침(대만제),54000
치료재료대,,,QD2141,스타킹/실크여성용스타킹(판타롱),2000
치료재료대,,,QD2123,"스타킹/나이롱스타깅 5""",4000
치료재료대,,,QA33011,보행보조벨트,74000
치료재료대,,,QD3244,상지관절부 장식/상지손목장식(10V30),504000
치료재료대,,,QD3232,상지관절부 장식(재래식)(호스머형),246000
치료재료대,,,QA31023,긴팔보조기(일반형/각도조절형),359000
치료재료대,,,QA43030,맞춤형교정용신발(수제단화/표준),179000
치료재료대,,,QA31022,긴팔보조기(일반형/팔꿈치고정형),303000
치료재료대,,,QA31021,긴팔보조기(일반형/상박고정형),341000
치료재료대,,,QA42024,맞춤형교정용신발(수제단화/기능3),324000
치료재료대,,,QA42023,맞춤형교정용신발(수제단화/기능2),286000
치료재료대,,,QA42022,맞춤형교정용신발(수제단화/기능1),209000
치료재료대,,,QA31015,어깨뼈외전보조기(울트라슬링),64000
치료재료대,,,QA43034,맞춤형교정용신발(수제정형화/기능3),353000
치료재료대,,,QA31014,어깨뼈외전보조기(견관절탈구슬링),98000
치료재료대,,,QA43033,맞춤형교정용신발(수제정형화/기능2),338000
치료재료대,,,QA31013,어깨뼈외전보조기(쇄골지지보조기),73000
치료재료대,,,QA43032,맞춤형교정용신발(수제정형화/기능1),261000
치료재료대,,,QA31012,어깨뼈외전보조기(견관절외전필로우),76000
치료재료대,,,QD3245,상지관절부 장식/상지손목장식(10V32),394000
치료재료대,,,QD3242,상지관절부 장식/상지손목장식(10V8),518000
치료재료대,,,QA23088,넓적다리의지(골격/회전/유압2/기능1/씰인형실리콘),10730000
치료재료대,,,QA23087,넓적다리의지(골격/회전/유압2/기능4/고급형실리콘),12870000
치료재료대,,,QA23086,넓적다리의지(골격/회전/유압2/기능3/고급형실리콘),12263000
치료재료대,,,QA23085,넓적다리의지(골격/회전/유압2/기능2/고급형실리콘),11271000
치료재료대,,,QA23084,넓적다리의지(골격/회전/유압2/기능1/고급형실리콘),10627000
치료재료대,,,QA23083,넓적다리의지(골격/회전/유압1/기능4/씰인형실리콘),12110000
치료재료대,,,QA23082,넓적다리의지(골격/회전/유압1/기능3/씰인형실리콘),11310000
치료재료대,,,QA23081,넓적다리의지(골격/회전/유압1/기능2/씰인형실리콘),10510000
치료재료대,,,QA23080,넓적다리의지(골격/회전/유압1/기능1/씰인형실리콘),9866000
치료재료대,,,QA23079,넓적다리의지(골격/회전/유압1/기능4/고급형실리콘),12007000
치료재료대,,,QA23078,넓적다리의지(골격/회전/유압1/기능3/고급형실리콘),11399000
치료재료대,,,QA23077,넓적다리의지(골격/회전/유압1/기능2/고급형실리콘),10407000
치료재료대,,,QA23076,넓적다리의지(골격/회전/유압1/기능1/고급형실리콘),9763000
치료재료대,,,QA23075,넓적다리의지(골격/회전/기압2/기능2/씰인형실리콘),9038000
치료재료대,,,QD3315,상지의지/작업수/미/네오스텐,769000
치료재료대,,,QD5124,보조기/장보조기장식/셔틀락(17B20),316000
치료재료대,,,QD5123,보조기/장보조기장식/셔틀락(소아용),118000
치료재료대,,,QD5122,보조기/장보조기장식/셔틀락(다이알식),155000
치료재료대,,,QD5121,보조기/장보조기장식/(국산),168000
치료재료대,,,QD4762,하지의지/싸켓트연결장식/(대만/대퇴),71000
행위료,MZ001,FIMS(Functional Intramuscular Stimulation),FZ00302,근육내자극요법[IMS] 두부위,10000
치료재료대,,,QD4754,하지의지/싸켓트연결장식/(4R41),112000
치료재료대,BC0102QT,"BONGENER, CGDBM DEEP, EL FUSE INJECTABLE",4011500099,BONGENER 2.5cc(DBM),855000
치료재료대,650800250,존슨앤드존슨스폰고스탄(젤라틴)(덴탈)(10X10X10㎣/1개),3012800012,SPONGOSTAN STD(70*50)/1EA ,6300
치료재료대,,,QD4758,하지의지/싸켓트연결장식/(4K63)(성림/국산),71000
치료재료대,,,QD4757,하지의지/싸켓트연결장식/(4R54),141000
치료재료대,,,QD4756,하지의지/싸켓트연결장식/(4R51),165000
치료재료대,,,QD4753,하지의지/싸켓트연결장식/(5R6=3),125000
치료재료대,,,QD4752,하지의지/싸켓트연결장식/(5R6=2),112000
치료재료대,,,QD4751,하지의지/싸켓트연결장식/(5R1=6),78000
치료재료대,,,QD4734,하지의지/훰커버(하퇴),144000
치료재료대,,,QD4732,하지의지/훰커버(대퇴),260000
치료재료대,,,QD4731,하지의지/훰 카 바/(고관절),321000
치료재료대,,,QD4724,하지의지/싸켓트(하퇴),781000
치료재료대,,,QD4722,하지의지/싸켓트(대퇴),1089000
치료재료대,,,QA23045,넓적다리의지(골격/회전/유압2/기능2/실리콘),10997000
치료재료대,,,QA23043,넓적다리의지(골격/회전/기압1/기능2/실리콘),8673000
치료재료대,,,QA23042,넓적다리의지(골격/회전/기압1/기능1/실리콘),8029000
치료재료대,,,QA23041,넓적다리의지(골격/회전/기계/표준/실리콘),6959000
치료재료대,,,QA23035,넓적다리의지(골격/회전/유압2/기능2/진공),10504000
치료재료대,,,QA23056,넓적다리의지(골격/회전/유압1/기능2/진공),9640000
치료재료대,,,QA23055,넓적다리의지(골격/회전/유압1/기능1/진공),8996000
약제비,652101560,프록토세딜연고,DPROO,프록토세딜연고,1005
치료재료대,,,QD4761,하지의지/싸켓트연결장식/(대만/하퇴),72000
치료재료대,,,QD4755,하지의지/싸켓트연결장식/(4R89),159000
치료재료대,,,QA44042,맞춤형교정용신발(수제장화/기능1),333000
치료재료대,,,QA44041,맞춤형교정용신발(수제장화/표준),280000
치료재료대,,,QA46011,인솔(경증),79000
치료재료대,,,QA33071,짧은다리보조기(PTB형/국산),463000
치료재료대,,,QA33072,짧은다리보조기(PTB형/외산),832000
치료재료대,,,QA33073,"짧은다리플라스틱보조기(고정형,90도 고정형)",337000
치료재료대,,,QA33074,짧은다리플라스틱보조기(일체형),204000
치료재료대,,,QA33085,발목관절보조기(경성),48000
치료재료대,,,QA33084,짧은다리금속형보조기(외산/크렌자크식),608000
치료재료대,,,QD8342,보청기/보청기타부품(일반형1),305000
행위료,MX033,체외자기장 요실금치료 [1일당],HZUR01602,체외골반자기장치료(배뇨통및골반통증),20000
행위료,MX033,체외자기장 요실금치료 [1일당],HZUR01603,체외골반자기장치료 [요실금] [1일당],30000
행위료,MX033,체외자기장 요실금치료 [1일당],HZUR01601,"체외골반자기장치료(발기능.사정력강화,전립선동통)",30000
약제비,658900250,진크피현탁액(아연피리치온2%),DDANGA,진크피현탁액(나노팜),6887
치료재료대,,,QD2143,스타킹/카바용스타킹(대퇴용),4000
치료재료대,,,QD2142,스타킹/실크여성용스타킹(밴드용),4000
치료재료대,,,QA17012,손가락의지(국-실리콘미용수),326000
치료재료대,,,QA43031,맞춤형교정용신발(수제정형화/표준),254000
치료재료대,,,QA31011,어깨뼈외전보조기(견관절외전보조기),429000
치료재료대,,,QA44044,맞춤형교정용신발(수제장화/기능3),424000
치료재료대,,,QA51012,의안(동작),1757000
치료재료대,,,QA44043,맞춤형교정용신발(수제장화/기능2),363000
치료재료대,BJ4504BM,OPTICROSS 18 PERIPHERAL IMAGING CATHETER,5420100024,OPTICROSS 18 PERIPHERAL IMAGING CATHETER(BOSTON SCIENTIFIC CORPORATION),1160000
치료재료대,,,QA55018,보청기(최고급형/SoundLens-P11110/초소형고막형),2546000
치료재료대,,,QA56004,보청기(일반형2/Xino70/개방형),1225000
치료재료대,,,QA55007,보청기(일반형2/XSeries-P70/귀속형),1205000
행위료,VA011,,A2Z00102,입원료(1인실:병실차액)-기존 병실차액 ,70000
행위료,CZ394,인플루엔자 A·B 바이러스항원검사 [현장검사],LZ00900,인플루엔자 A·B 바이러스항원검사 [현장검사]  ,25000
치료재료대,,,QA55009,보청기(일반형2/XSeries-P70/고막형),1205000
치료재료대,,,QA55010,보청기(일반형2/SoundLens-P1170/초소형고막형),1215000
치료재료대,,,QA55004,보청기(일반형1/Ignite-P30/귀속형),916000
치료재료대,,,QA55006,보청기(일반형1/Ignite-P30/고막형),916000
치료재료대,,,QA32043,"콜셋(허,엉치뼈형,건보용)",84000
치료재료대,,,QA32032,바디쟈켓(복잡형/LSO형),581000
치료재료대,,,QA32031,바디쟈켓(단순형/LSO형),579000
치료재료대,,,QA32027,척추보조기(보스톤형),1082000
치료재료대,,,QA32026,척추보조기(노턴브라운형),272000
치료재료대,,,QA32024,척추보조기(쥬웨트형),292000
치료재료대,,,QA32023,척추보조기(나이트테일러형),215000
치료재료대,,,QA32022,척추보조기(테일러형보조기),203000
치료재료대,,,QA32016,목뼈보조기(몰딩경추보조기),401000
치료재료대,,,QA32014,목뼈보조기(4지주경추보조기),107000
치료재료대,,,QA32011,목뼈보조기(필라델피아),38000
치료재료대,,,QD8111,보청기/귀걸이형/몰드부(실리콘몰드),27000
치료재료대,,,QD5153,보조기스티럽(17F33)(베커형),99000
치료재료대,,,QA25092,종아리의지(골격/기능1/씰인형실리콘),3661000
치료재료대,,,QA23074,넓적다리의지(골격/회전/기압2/기능2/고급형실리콘),8953000
치료재료대,,,QA23073,넓적다리의지(골격/회전/기압2/기능1/씰인형실리콘),8394000
치료재료대,,,QA23072,넓적다리의지(골격/회전/기압2/기능1/고급형실리콘),8309000
치료재료대,,,QA23071,넓적다리의지(골격/회전/기압1/표준/씰인형실리콘),7319000
치료재료대,,,QA23070,무릎관절의지(골격/기능3/유압1/프로씰형실리콘 ,7216000
행위료,MZ001,FIMS(Functional Intramuscular Stimulation),FZ00304,근육내자극요법[IMS] 한분절,30000
행위료,MZ001,FIMS(Functional Intramuscular Stimulation),FZ00306,근육내자극요법[IMS] 다발분절,100000
행위료,MZ001,FIMS(Functional Intramuscular Stimulation),FZ00303,근육내자극요법[IMS] 다발부위,20000
행위료,MZ001,FIMS(Functional Intramuscular Stimulation),FZ00301,근육내자극요법[IMS] 한부위,5000
행위료,MZ001,FIMS(Functional Intramuscular Stimulation),FZ00305,근육내자극요법[IMS] 두분절,50000
치료재료대,,,QA23069,넓적다리의지(골격/회전/기계/표준/씰인형실리콘),7336000
치료재료대,,,QA23068,넓적다리의지(골격/회전/기계/표준/고급형실리콘),7233000
치료재료대,,,QA23054,넓적다리의지(골격/건보용/실리콘),4194000
치료재료대,,,QA23053,넓적다리의지(골격/건보용),3504000
치료재료대,,,QA23052,넓적다리의지(재래/골반대),3751000
치료재료대,,,QA23051,넓적다리의지(재래/표준),3328000
치료재료대,,,QA23047,넓적다리의지(골격/회전/유압2/기능4/실리콘),12596000
치료재료대,,,QA23046,넓적다리의지(골격/회전/유압2/기능3/실리콘),11989000
치료재료대,,,QA23044,넓적다리의지(골격/회전/유압2/기능1/실리콘),10353000
치료재료대,,,QA23064,넓적다리의지(골격/회전/유압1/기능4/실리콘),11733000
치료재료대,,,QA15028,손목관절의지,1176000
치료재료대,,,QD4222,대퇴요부장식/대퇴요부장식(외제),366000
치료재료대,,,QD4231,대퇴요부장식/대퇴장식(재래식)(국산),77000
치료재료대,,,QD4214,하지의지/대퇴반도/어깨반도,26000
치료재료대,,,QD4212,하지의지/대퇴반도/면반도,43000
치료재료대,,,QD4123,하지의지/고관절장식/4R56,274000
치료재료대,,,QD4121,하지의지/고관절장식/카나디안식,413000
치료재료대,,,QD3429,상지의지/전자의수수부(BE),3085000
치료재료대,,,QD3428,"상지의지/전자의수(수부,8E39)",7653000
치료재료대,,,QD3427,상지의지/전자의수(스위치케이블),97000
치료재료대,,,QD3426,상지의지/전자의수(스위치블럭),119000
치료재료대,,,QD3425,상지의지/전자의수(밧데리연결케이블),112000
치료재료대,,,QA33048,긴다리보조기(보우레그형),3908000
약제비,643802602,아치온현탁액(피리티온아연)(8g/200mL),DATHIONE,아치온현탁액(신신제약(주)),14780
치료재료대,,,QA33047,긴다리보조기(프라스틱형),1119000
치료재료대,,,QA33046,긴다리보조기(외산/반자동),2469000
치료재료대,,,QA33045,긴다리보조기(외산/표준),1468000
치료재료대,,,QA33044,긴다리보조기(국산/표준),1392000
치료재료대,,,QD8332,보청기/보청기타부품(Shell),90000
치료재료대,,,QD2252,스탐프싹스/카바용스타킹(BW35(하퇴)),24000
치료재료대,,,QD2233,스탐프싹스/카바용스타킹(AM40(대퇴)),40000
치료재료대,,,QD8601,의안/인조안구/움직이는의안(메드퍼),1259000
치료재료대,,,QD8343,보청기/보청기타부품(일반형2),369000
치료재료대,,,QD8341,보청기/보청기타부품(KIT교환(기본형)),278000
치료재료대,,,QD8340,보청기/보청기타부품(KIT교환(보급형)),235000
치료재료대,,,QD8315,보청기/보청기타부품(밧데리(일반)),1700
치료재료대,,,QD8335,보청기/보청기타부품(Amp(Anglog)),568000
치료재료대,,,QD8334,보청기/보청기타부품(Amp(Digital)),661000
치료재료대,,,QD8333,보청기/보청기타부품(Hook),8000
치료재료대,,,QD8331,보청기/보청기타부품(Plate),66000
치료재료대,,,QD8314,보청기/보청기타부품(볼륨조절부),62000
치료재료대,,,QD8223,보청기/귀속형/마이크로폰부(일반형),65000
치료재료대,,,QD8213,보청기/귀속형/몰드부(일반형),61000
치료재료대,,,QD3411,상지의지/기능수(의수비죠),6000
치료재료대,,,QD3412,상지의지/기능수(고무바킹),5000
치료재료대,,,QD8112,보청기/귀걸이형/몰드부(실리콘몰드),9000
치료재료대,,,QD8214,보청기/귀속형/몰드부(절약형),59000
치료재료대,,,QD8322,보청기/보청기타부품(밧데리(5A)),6000
치료재료대,,,QD8339,보청기/보청기타부품(Battery Door),3000
치료재료대,,,QD8501,욕창방석/기타(커버),22000
치료재료대,,,QD4111,하지의지/고관절반도/전자의수(교환),46000
치료재료대,,,QD4213,하지의지/대퇴반도/나이롱반도,22000
치료재료대,,,QD4215,하지의지/대퇴반도/Y  반 도,23000
치료재료대,,,QD4216,하지의지/대퇴반도/앞고무반도,26000
치료재료대,,,QD4217,하지의지/대퇴반도/뒷고무반도,26000
치료재료대,,,QD9804,기타/피부보호제/어마트레블 세트 ,77000
치료재료대,,,QA31016,어깨뼈외전보조기(암슬링),29000
치료재료대,,,QA31042,손가락관절보조기(운동형),125000
치료재료대,,,QA31043,손가락관절보조기(고정형),97000
치료재료대,,,QA31044,손가락관절보조기(유텐실홀더형),26000
치료재료대,,,QA32012,목뼈보조기(토마스소프트칼라),21000
치료재료대,,,QD4242,대퇴신경대/대퇴장식(재래식)(로라식),35000
치료재료대,,,QD4262,하지의지/대퇴부속품/도롱태,23000
치료재료대,,,QA32015,목뼈보조기(미네르바경추보조기),447000
치료재료대,,,QA32051,디스크닥터,242000
치료재료대,,,QD4264,하지의지/대퇴부속품/뒷고리,23000
치료재료대,,,QD4265,하지의지/대퇴부속품/비죠고리,23000
치료재료대,,,QD4266,하지의지/대퇴부속품/헤리,23000
치료재료대,,,QD4276,대퇴흡입벨브/푸시밸브(21Y14),143000
치료재료대,,,QD4277,대퇴흡입벨브/맥밸브(21Y15),146000
치료재료대,,,QD4278,대퇴흡입벨브/클릭밸브(21Y21),168000
치료재료대,,,QD4311,하지의지/슬관절반도/앞반도,29000
치료재료대,,,QD4331,하지의지/슬관절부속품/장식싸개,23000
치료재료대,,,QD4332,하지의지/슬관절부속품/뒷마개,23000
치료재료대,,,QD4333,하지의지/슬관절부속품/볼베아링/보도,24000
치료재료대,,,QD4411,하퇴반도/종아리반도(장식용),68000
치료재료대,,,QD4412,하퇴반도/종아리반도(일자식),51000
치료재료대,,,QD4413,하퇴반도/종아리반도(경편식),52000
치료재료대,,,QD4414,하퇴반도/종아리반도(PTB식),56000
치료재료대,,,QD4415,하퇴반도/종아리반도(앞반도),51000
치료재료대,,,QD4417,수영용무릎고무밴드/볼베아링/보도(99B4=38),17000
치료재료대,,,QD4441,하퇴부속품/다리의기타(리테이너),5000
치료재료대,,,QD4442,하퇴부속품/종아리장식(옆/뒷고리),9000
치료재료대,,,QD4628,발목관절 싸임용볼트,28000
치료재료대,,,QD4663,하지/ 다리의지기타 (발바닥덮개),45000
치료재료대,,,QD4733,하지의지/훰커버(슬관절),206000
치료재료대,,,QA55021,보청기(고출력최고급형/X-Power/귀속형),2239000
치료재료대,,,QA55022,보청기(고출력최고급형/X-Power/고막형),2281000
치료재료대,,,QA56001,보청기(보급형Aries/귀걸이형),440000
치료재료대,,,QA56007,보청기(고출력보급형/DP8귀걸이형),611000
치료재료대,,,QD2001,공통수리(단순수리),1000
치료재료대,,,QD2002,공통수리/(복잡수리1),10000
치료재료대,,,QD2003,공통수리/(복잡수리2),100000
치료재료대,,,QD2111,"스타킹/면스타킹 3""",1000
치료재료대,,,QD2112,"스타킹/면스타킹 4""",1000
치료재료대,,,QD2113,"스타킹/면스타킹 5""",2000
치료재료대,,,QD2121,"스타킹/나이롱스타킹 3""",2000
치료재료대,,,QD4742,하지의지/스프링고무 (대만제),10000
치료재료대,,,QD4743,하지의지/스프링고무(독일제),10000
치료재료대,,,QD5111,하지의지/허리장식,173000
치료재료대,,,QD2122,"스타킹/나이롱스타킹 4""",2000
치료재료대,,,QD2131,"스타킹/살색나이롱스타킹3""",2000
치료재료대,,,QD2132,"스타킹/살색나이롱스타킹 4""",3000
치료재료대,,,QD2133,"스타킹/살색나이롱스타킹 5""",4000
치료재료대,,,QD2211,스탐프싹스/카바용스타킹(상박용),2000
치료재료대,,,QD2212,스탐프싹스/카바용스타킹(전박용),2000
치료재료대,,,QD2213,스탐프싹스/카바용스타킹(수부용),2000
치료재료대,,,QD2221,스탐프싹스/카바용스타킹(대퇴용),6000
치료재료대,,,QD2222,스탐프싹스/카바용스타킹(슬관절),8000
치료재료대,,,QD2223,스탐프싹스/카바용스타킹(순모하퇴용),7000
치료재료대,,,QD2224,스탐프싹스/카바용스타킹(싸임하퇴용),7000
치료재료대,,,QD2225,스탐프싹스/카바용스타킹(족부용),6000
치료재료대,,,QD2241,스탐프싹스/카바용스타킹(KW50(슬관절)),33000
치료재료대,,,QD2262,스탐프싹스/카바용스타킹(SM60(싸임)),24000
치료재료대,,,QD2411,공통/공통수리부품/기타(나이롱끈),400
치료재료대,,,QD2412,공통/공통수리부품/기타(연질스폰지),11000
치료재료대,,,QD2413,공통/공통수리부품/기타(나이롱반도),400
치료재료대,,,QD5161,보조기/보조기반도/(허리반도),28000
치료재료대,,,QD5163,보조기/보조기반도/(커프),24000
치료재료대,,,QD6111,전동휠체어/베아링/앞바퀴(CW 2/14),6000
치료재료대,,,QD6112,전동휠체어/베아링/앞바퀴(F/CASTER),6000
치료재료대,,,QD6121,전동휠체어/베아링/뒷바퀴(CM5/16),6000
치료재료대,,,QD6122,베아링뒷바퀴 11*35,6000
치료재료대,,,QD6131,전동휠체어/베아링/호크(CW 2/15),3000
치료재료대,,,QD6211,"전동휠체어 뒷바퀴휠24""",167000
치료재료대,,,QD6231,"전동휠체어/앞바퀴/휠(8"")",43000
치료재료대,,,QD6232,"전동휠체어/앞바퀴/Caster(전체)(8""/UR)",97000
치료재료대,,,QD6233,"전동휠체어/앞바퀴/Caster(전체)(6"")",90000
치료재료대,,,QD6311,전동휠체어 발받침표준형인바케어,61000
치료재료대,,,QD6312,전동휠체어/발받침/표준형(카터),61000
치료재료대,,,QD6313,전동휠체어/발받침표준/전동형 인바케어,272000
치료재료대,,,QD6321, 전동휠체어 발받침거상형 인바케어,165000
치료재료대,,,QD6341,전동휠체어 발받침LEGREST(16-20-R),95000
치료재료대,,,QD6351,전동휠체어/발받침/발판지지대(카터),23000
치료재료대,,,QD6353,전동휠체어 발받침FOOTPLATE인바케어,47000
치료재료대,,,QD6361,전동휠체어발판덮개대세,61000
치료재료대,,,QD6431,전동휠체어 씨트인바케어 46,73000
치료재료대,,,QD6432,전동휠체어 씨트카터 41,73000
치료재료대,,,QD6511,전동휠체어 등받이씨트 인바케어,48000
치료재료대,,,QD6521,전동휠체어 등받이파이프인바케어,65000
치료재료대,,,QD6611,"전동휠체어 타이어 작은바퀴(6"")",18000
치료재료대,,,QD6612,전동휠체어/타이어 작은바퀴(8*1/4),16000
치료재료대,,,QD6613,전동휠체어/타이어작은바퀴200*50,15000
치료재료대,,,QD6614,"전동휠체어/타이어 작은바퀴 (8""*2""(전동용))",41000
치료재료대,,,QD6621,전동휠체어/타이어뒷바퀴24*3/8,16000
치료재료대,,,QD6622,전동휠체어/타이어뒷바퀴 스포츠형,47000
치료재료대,,,QD6623,"전동휠체어/타이어뒷바퀴 전동용12""",50000
치료재료대,,,QD3121,상지싸켓트부/작업의수반도(작업의수반도),35000
치료재료대,,,QD3122,상지싸켓트부/의수반도(의수반도),36000
치료재료대,,,QA23049,넓적다리의지(골격/회전/인공지능/기능4/실리콘),50899000
치료재료대,,,QD6625,"전동휠체어/타이어/뒷바퀴(22"")",29000
치료재료대,,,QD6626,"전동휠체어/타이어/뒷바퀴(26"")",30000
치료재료대,,,QD6711,"전동휠체어/튜브/작은바퀴(6"")",16000
치료재료대,,,QD6712,전동휠체어/튜브/작은바퀴(200*50),14000
치료재료대,,,QD6713,전동휠체어/튜브/작은바퀴(8*1/4),16000
치료재료대,,,QD6714,"전동휠체어/튜브/작은바퀴(8""*2""(전동용))",28000
치료재료대,,,QD6721,전동휠체어/튜브/뒷바퀴(23*3/8),13000
치료재료대,,,QD6722,전동휠체어/튜브/뒷바퀴(스포츠형),23000
치료재료대,,,QD6724,"전동휠체어/튜브/뒷바퀴(12""에어리스인서트)",74000
치료재료대,,,QD6811,전동휠체어/팔걸이/팔걸이(표준형),80000
치료재료대,,,QD6812,전동휠체어/팔걸이/팔걸이(책상형),80000
치료재료대,,,QD6813,전동휠체어/팔걸이/팔걸이(전동형),173000
치료재료대,,,QD6814,전동휠체어/팔걸이/팔걸이(고정대),82000
치료재료대,,,QD6815,전동휠체어/팔걸이/팔걸이(Povit),56000
치료재료대,,,QD6826,"전동휠체어/튜브/뒷바퀴(22"")",23000
치료재료대,,,QD6827,"전동휠체어/튜브/뒷바퀴(26"")",21000
치료재료대,,,QD6831,전동휠체어/팔걸이/패드(표준형),58000
치료재료대,,,QD6832,전동휠체어/팔걸이/패드(책상형),58000
치료재료대,,,QD6911,전동휠체어 기타/브레이크(카터),32000
치료재료대,,,QD6912,전동휠체어 기타/브레이크(인바케어),47000
치료재료대,,,QD6921,전동휠체어 기타/기타(크로스브레이스),51000
치료재료대,,,QD6922,전동휠체어 기타/기타(스핀들),21000
치료재료대,,,QD6923,전동휠체어 기타/기타(핸드림),31000
치료재료대,,,QD6924,전동휠체어 기타/기타(퀵릴리즈),55000
치료재료대,,,QD6932,전동휠체어 기타/호크(인바케어),24000
치료재료대,,,QD6941,전동휠체어 기타/SECTER(L/R),27000
치료재료대,,,QD7111,보조화/보조화부품/굽류(굴/뒷굽),19000
치료재료대,,,QD7121,보조화/보조화부품/창류(스폰지창),24000
치료재료대,,,QD7131,보조화/보조화부품/기타(댕가와),9000
치료재료대,,,QA31026,"긴팔보조기(일반형/손목형,스프린트형)-기성품",13000
치료재료대,,,QA32017,목뼈보조기(마이애미)(신설)-기성품,83000
약제비,642203580,익스트린엠캡슐,DMYDR,익스트린엠캡슐,64
제증명료,,,AQA01301,장애정도 심사용 진단서(신체적장애),15000
행위료,,,HZOP01200A,보톡스주입술(시술건당)(재활미용성형만처방),100000
치료재료대,,,QD7122,보조화/보조화부품/창류(중창/선심/월형),22000
제증명료,,,AQA01304,장애정도 심사용 진단서(정신적장애),40000
치료재료대,,,QD5172,보조기기타부품/셔틀락(속신),221000
약제비,645700450,비마르크정100mg(에녹사신수화물)(0.1085g),DBMK,비마르크정100mg(에녹사신수화물),170
치료재료대,,,QD5171,보조기기타부품/(보조화교체),43000
치료재료대,,,QD5165,보조기/보조기반도/(무릎반도),92000
치료재료대,L7402348,OSTEON Ⅱ,4110500023,OSTEON Ⅱ0.5cc,40500
치료재료대,L7402349,OSTEON Ⅱ,4110500027,OSTEON Ⅱ1.0cc,63000
치료재료대,621400210,,5420900001,sonoVue inj(소노뷰),93141
치료재료대,,,QA46012,인솔(중증),138000
치료재료대,BK7111DQ,PEHAHAFT LATEX FREE,3011000012,PEHAHAFT LATEX 4*20,12000
치료재료대,BK7111DQ,PEHAHAFT LATEX FREE,3011000013,PEHAHAFT LATEX 8*20,18000
치료재료대,,,QD5164,보조기/보조기반도/(T/Y형),49000
치료재료대,,,QD5162,보조기/보조기반도/(반월형),71000
치료재료대,,,QA13023,표준위팔의지(독-재래/국-PVC미용수),1750000
치료재료대,,,QA13021,표준위팔의지(독-골격/국-PVC미용수),1818000
행위료,AZ001,교육상담료-당뇨병교육,HZGT00102,교육 및 상담료[당뇨병 교육],20000
치료재료대,,,QA55001,보청기(기본형/Ignite-P20/귀속형),707000
치료재료대,,,QA55003,보청기(기본형/Ignite-P20/고막형),707000
치료재료대,,,QA55015,보청기(최고급형/XSeries-P110/귀속형),2535000
치료재료대,,,QA55017,보청기(최고급형/XSeries-P110/고막형),2535000
치료재료대,,,QA56003,보청기(일반형1/Ignite30PowerPlus/귀걸이형),800000
치료재료대,,,QA56002,보청기(기본형/Ignite20PowerPlus/귀걸이형),600000
치료재료대,,,QA25032,종아리의지(골격/기능1),2980000
치료재료대,,,QA25023,짧은종아리의지(골격/표준/기능1/장식),3109000
치료재료대,,,QA15022,(짧은)표준아래팔의지(국-재래/국-실리콘미용수),1508000
치료재료대,,,QA15012,아주짧은아래팔의지(국-재래/국-실리콘미용수),1525000
치료재료대,,,QA14015,팔꿈치관절의지(국-재래/국-실리콘미용수),1861000
치료재료대,,,QA14012,팔꿈치관절의지(독-재래/국-실리콘미용수),2341000
치료재료대,,,QA13033,표준위팔의지(국-재래/국-실리콘미용수/실리콘),2558000
치료재료대,,,QA13031,표준위팔의지(독-재래/국-실리콘미용수/실리콘),2771000
치료재료대,,,QA13030,표준위팔의지(독-골격/국-실리콘미용수/실리콘),3013000
치료재료대,,,QA25091,종아리의지(골격/표준/씰인형실리콘),3681000
치료재료대,,,QA25055,종아리의지(골격/기능4/고급형실리콘),5977000
치료재료대,,,QA25054,종아리의지(골격/기능3/고급형실리콘),5369000
치료재료대,,,QA25053,종아리의지(골격/기능2/고급형실리콘),4364000
치료재료대,,,QA25052,종아리의지(골격/기능1/고급형실리콘),3724000
치료재료대,,,QA25051,종아리의지(골격/표준/고급형실리콘),3744000
치료재료대,,,QA25045,종아리의지(골격/기능4/표준형실리콘),5637000
치료재료대,,,QA25044,종아리의지(골격/기능3/표준형실리콘),5029000
치료재료대,,,QA25043,종아리의지(골격/기능2/표준형실리콘),4037000
치료재료대,,,QA33022,아트란타,848000
치료재료대,,,QA33065,무릎관절보조기(갤텍스),97000
치료재료대,,,QA33064,무릎관절보조기(니써포트),89000
치료재료대,,,QA33063,무릎관절보조기(슬관절보조기),257000
치료재료대,,,QA33061,무릎관절보조기(각도조절/돈죠이),172000
치료재료대,,,QA33033,긴다리보조기(골반대부착)(외산/반자동),2771000
치료재료대,,,QD5211,슬관절보조기/(니케이지),20000
치료재료대,,,QD4661,하지/ 다리의지기타  2R22(고무발캡),10000
치료재료대,,,QD4735,하지의지/소프트터치/99B116,539000
치료재료대,,,QD4627,발목관절 2R14(싸치발연결판),10000
치료재료대,,,QD4741,하지의지/스프링고무/(국산),7000
치료재료대,,,QD4557,하지의지/실리콘류/실리콘라이너 452A1,272000
치료재료대,,,QD3225,상지관절부 장식/주관절장식(12K5),428000
치료재료대,,,QA23063,넓적다리의지(골격/회전/유압1/기능3/실리콘),11125000
치료재료대,,,QA23062,넓적다리의지(골격/회전/유압1/기능2/실리콘),10133000
치료재료대,,,QA23061,넓적다리의지(골격/회전/유압1/기능1/실리콘),9489000
치료재료대,,,QA23060,넓적다리의지(골격/회전/기압/표준/실리콘),6922000
치료재료대,,,QA23037,넓적다리의지(골격/회전/유압2/기능4/진공),12017000
치료재료대,,,QA23036,넓적다리의지(골격/회전/유압2/기능3/진공),11483000
치료재료대,,,QA23034,넓적다리의지(골격/회전/유압2/기능1/진공),9860000
치료재료대,,,QA23058,넓적다리의지(골격/회전/유압1/기능4/진공),11240000
치료재료대,,,QA23057,넓적다리의지(골격/회전/유압1/기능3/진공),10632000
치료재료대,,,QA23033,넓적다리의지(골격/회전/기압1/기능2/진공),8180000
치료재료대,,,QA23032,넓적다리의지(골격/회전/기압/기능1/진공),7536000
치료재료대,,,QA23027,넓적다리의지(골격/회전/기압/표준/진공),6551000
치료재료대,,,QA23031,넓적다리의지(골격/회전/기계/표준/진공),6647000
치료재료대,,,QA23025,넓적다리의지(골격/회전/유압2/기능2/허리반도),10345000
치료재료대,,,QA23024,넓적다리의지(골격/회전/유압2/기능1/허리반도),9702000
치료재료대,,,QA45051,맞춤형교정용신발(정형제화/보험),248000
치료재료대,,,QD9827,하지의지/고무발/일레이션,1849000
치료재료대,,,QD9826,하지의지/고무발/베리플렉스,2031000
치료재료대,,,QD9825,"하지의지/셔틀락(Lo-rider,LPVF(기능3))",2031000
치료재료대,,,QD9824,하지의지/셔틀락(Axtion),2090000
치료재료대,,,QD9823,하지의지/셔틀락(Trias)(기능2),992000
치료재료대,,,QA22032,엉덩이관절의지(재래/국산),2324000
치료재료대,,,QA33068,무릎관절보조기(니써포트)-기성품,42000
치료재료대,,,QA32047,"콜셋(허리.엉치뼈형, 다기능)-기성품",67000
치료재료대,,,QA32018,척추보조기(사이버택형)(신설)-기성품,36000
치료재료대,,,QA32033,바디쟈켓(단순형/TLSO형)-기성품,87000
치료재료대,,,QA32029,척추보조기(테일러형보조기)-기성품,141000
치료재료대,,,QA32028,척추보조기(나이트형보조기)-기성품,123000
치료재료대,,,QD4723,하지의지/싸켓트(슬관절),960000
치료재료대,,,QD4660,고무발 1D35(기능1),490000
치료재료대,,,QA32044,콜셋(허리.엉치뼈형)-기성품,23000
치료재료대,,,QA13027,표준위팔의지(국-재래/국-실리콘미용수),1784000
치료재료대,,,QA13024,표준위팔의지(독-재래/국-실리콘미용수),2193000
치료재료대,,,QA13022,표준위팔의지(독-골격/국-실리콘미용수),2271000
치료재료대,,,QA13016,짧은위팔의지(국-재래/국-실리콘미용수),1784000
치료재료대,,,QA12011,어깨관절의지(국-재래/국-실리콘미용수),2033000
치료재료대,,,QA12014,어깨관절의지(독-골격/국-실리콘미용수),2668000
치료재료대,,,QA11011,어깨가슴의지(국-재래/국-실리콘미용수),2033000
치료재료대,,,QA11014,어깨가슴의지(독-골격/국-실리콘미용수),2695000
치료재료대,,,QA27014,발가락의지(재래/실리콘),1343000
치료재료대,,,QA27013,발가락의지(재래/피혁),486000
치료재료대,,,QA26012,의족(재래/실리콘),1826000
치료재료대,,,QA26011,의족(재래/피혁),578000
치료재료대,,,QA25084,"싸임식발목관절의지(골격/일반형)(단축,4R41)",2877000
치료재료대,,,QA13028,표준위팔의지(국-재래/독-기능수/미-작업수),2340000
치료재료대,,,QD4547,하지의지/실리콘류/실리콘라이너/씰인/오써(씰인X/대퇴),596000
치료재료대,,,QA15027,(짧은)표준아래팔의지(국-재래/국-실리콘미용수/실리콘),2570000
치료재료대,,,QA15025,(짧은)표준아래팔의지(독일-전자의수),15089000
치료재료대,,,QA15023,(짧은)표준아래팔의지(국-재래/독-기능수/미-작업수),2068000
치료재료대,,,QA15013,아주짧은아래팔의지(국-재래/독-기능수/미-작업수),2076000
치료재료대,,,QA15011,아주짧은아래팔의지(국-재래/국-PVC미용수),862000
치료재료대,,,QA14016,팔꿈치관절의지(국-재래/독-기능수/미-작업수),2403000
치료재료대,,,QA14014,팔꿈치관절의지(국-재래/국-PVC미용수),1107000
치료재료대,,,QA13034,표준위팔의지(국-재래/독-기능수/미-작업수/실리콘),3114000
치료재료대,,,QA13032,표준위팔의지(독-재래/독-기능수/미-작업수/실리콘),3376000
치료재료대,,,QA13026,표준위팔의지(국-재래/국-PVC미용수),990000
치료재료대,,,QA13025,표준위팔의지(독-재래/독-기능수/미-작업수),2716000
치료재료대,,,QD3313,상지의지/미용수/실리콘(수부),335000
치료재료대,,,QA16013,손의지(채움형),1384000
치료재료대,,,QA23021,넓적다리의지(골격/회전/기계/표준/허리반도),6296000
치료재료대,,,QA23000,넓적다리의지(골격/회전/기계/표준/골반대),6878000
치료재료대,,,QA31025,긴팔보조기(일반형/손목형)-기성품,23000
치료재료대,,,QA32019,목뼈보조기(필라델피아)-기성품,23000
치료재료대,,,QA16012,손의지(국-실리콘미용수),906000
치료재료대,,,QA41020,맞춤형교정용신발(기성장화/표준),117000
치료재료대,,,QD3112,상지싸켓트부/싸켓트(상박),572000
치료재료대,,,QD3113,상지싸켓트부/싸켓트(주관절),615000
치료재료대,,,QA41018,맞춤형교정용신발(기성단화/표준),101000
치료재료대,BI0213LN,테크니스 퓨어SEE 토릭,4010200051,TECNIS Puresee Toric IOL,1210000
치료재료대,BI0212LN,테크니스 퓨어SEE,4010200050,TECNIS Puresee IOL,1210000
치료재료대,BK7111DQ,PEHAHAFT LATEX FREE,3011000014,PEHAHAFT LATEX 12*20,25500
제증명료,71023,토탈서비스 이용 최초요양급여신청서(대행) 수수료-병원,AQS71023,산재토탈서비스 이용 최초요양급여신청서(대행) 수수료 -병원 10일 이내,20000
치료재료대,VM061,,3012300024,Arm Sling (child)/1EA,1009
치료재료대,BJ4506JT,REFINITY ST ROTATIONAL IVUS CATHETER,5411400004,REFINITY ST ROTATIONAL IVUS CATHETER,1419830
약제비,657400260,성광포비딘(포비돈요오드액10%),D10POTA,성광포비딘(포비돈요오드액10%),1
치료재료대,BJ4504JT,EAGLE EYE IVUS CATHETER,5411400002,EAGLE EYE IVUS CATHETER,1419835
치료재료대,,,QA32034,바디쟈켓(복잡형/TLSO형)-기성품,87000
치료재료대,BF0202SH,YES C DISC,4011500130,"YES DISC Catheter-Cervical(NS,OS,ANES 가능)",1597688
치료재료대,BJ4801GV,EDEN EPIDURAL CATHETER,4011500094,EDEN EPIDURAL CATHETER(JMT),419990
치료재료대,BTS01314,"SUREDERM (슈어덤), SUREDERM UROMAX (슈어덤 유로맥스)",4011400094,SURE DERM 4*5 cm,1320000
행위료,SZ634,경피적 경막외강 신경성형술,HZNS00500,경피적경막외강신경성형술(Neuroplasty),700000
행위료,,,WZ00100,"보호자식대(일반식, 1식)",6000
행위료,,,WZ00200,"보호자식대(공기밥, 1개)",1000
행위료,SZ641,경피적 풍선확장 경막외강 신경성형,HZNS00700,경피적 풍선확장 경막외강 신경성형,300000
약제비,670602610,하이알라제주(히알우로니다제),MHLASE,하이알라제주(휴온스),5471
약제비,655500030,로타텍액[경구용 약독화 로타생바이러스백신(사람-소 재배열)],DROTAV,로타텍(로타바이러스)예방접종약(백신),80000
치료재료대,BJ4803GZ,EPISOL,4011400098,EPISOL(GS MEDICAL),638624
치료재료대,BC0101QT,VELOFUSE PUTTY,4011400040,VELOFUSE PUTTY 1cc(CGBIO),384917
치료재료대,BF0201SH,일회용 발 조절식 전기수술기용 전극,4011500129,"YES DISC Catheter-Lumbar(NS,OS,ANES 가능)",1597688
치료재료대,BJ4321DU,VENASEAL CLOSURE SYSTEM,4010100084,VENASEAL CLOSURE SYSTEM(MEDTRONIC. INC.),1639000
치료재료대,,,QA31020,어깨뼈외전보조기(울트라슬링)(개발-기성품),45000
치료재료대,BI0641YD,OLOGEN,4010200042,올로젠/OLOGEN 1mm,468000
치료재료대,BC0101AT,DBX PUTTY,4011400111,DBX PUTTY 2.5cc,988278
치료재료대,650800250,존슨앤드존슨스폰고스탄(젤라틴)(덴탈)(10X10X10㎣/1개),4020900057,SPONGOSTAN STD(70*50)/1EA ,6300
치료재료대,,,QA13017,짧은위팔의지(국-재래/독-기능수/미-작업수),2340000
치료재료대,BI001015,,4020400039,JSL-LENS(법정비급여),2000
치료재료대,BL3004EA,3M NO STING BARRIER FILM,3012300213,3M Cavilon No sting BARRIER FILM,8800
행위료,,,HZUR00801,음경보형물 삽입술 A,1500000
행위료,,,HZUR00501,음경 이물질 제거술 A ,1000000
행위료,,,HZUR00503,음경 이물질 제거술 C,2000000
행위료,,,HZUR00502,음경 이물질 제거술 B,1500000
치료재료대,BZ001001,,BZ00002,(환의)검진용 상의-귀가용,12500
치료재료대,BZ001001,,BZ00003,(환의)검진용 하의-귀가용,7000
치료재료대,,,QA33067,무릎관절보조기(슬관절보조기)-기성품,19000
치료재료대,20244,목 보조기-필라델피아,3012300042,필라델피아칼라(Cervical)-중,16358
치료재료대,20242,목 보조기-토머스 소프트 칼라,3012300161,소프트 칼라(전규격),2119
치료재료대,BF0101WC,큐블럭(QBLOCK),4011500141,큐블럭(*요추부수술만 가능)(QBLOCK)(BMI KOREA),660000
치료재료대,684100070,에프피씨아이티주사(플루오로프로필씨아이티(18F),5310200008,F-18-FP-CIT(파킨슨병검진용),208482
약제비,643601400,유락신연고(크로타미톤),DTAMI,유락신연고(크로타미톤),1050
약제비,,,MISUPREL,이수푸렐(Isoproterenol HCl 200㎍)/1ml(모니코),15780
약제비,653103731,비씨슈가주(슈가마덱스나트륨)(0.2176g/2mL),MBRID2,비씨슈가주2mL,73413
치료재료대,BK7101EA,3M COBAN SELF-ADHERENT WRAP,4020900186,(4인치)3M COBAN SELF-ADHERENT WRAP,1397
치료재료대,BK7101EA,3M COBAN SELF-ADHERENT WRAP,4020900170,(3인치)3M COBAN SELF-ADHERENT WRAP,1397
치료재료대,BK7101EA,3M COBAN SELF-ADHERENT WRAP,3011000001,"Coban 1""/1EA(Dressing 사용)",1397
행위료,,,HZCOVID,코로나19 치료제 본인부담금,50000
약제비,648901021,카버젝트주사20μg(알프로스타딜)(0.02mg),MALP20,카버젝트주사20μg(알프로스타딜),16080
약제비,648901021,카버젝트주사20μg(알프로스타딜)(0.02mg),MCVJ2,카버젝트주사20μg(알프로스타딜)(0.02mg),16080
약제비,641704360,일양실데나필정100mg(0.14045g),DSILDE100,일양실데나필정100mg,3826
행위료,VA011,,A2Z0010202,입원료(1인실:병실차액)-만1세이상~만8세미만,82120
행위료,VA011,,A2Z0010201,입원료(1인실:병실차액),61590
치료재료대,,,QA32045,"콜셋(허리,엉치뼈형,건보용)-기성품",32000
치료재료대,,,QA32020,목뼈보조기(토마스소프트칼라)-기성품,7000
치료재료대,,,QA32048,콜셋 (기본형/XXL)-기성품,42000
치료재료대,BZ001004,,3012300175,"여자용 소변기/1EA(본인이 파손하거나, 귀가시 휴대하여 갈 경우 본인부담)",5854
치료재료대,VM062,,3012300004,8자붕대(대)/1EA,3475
행위료,VA011,,A2Z0010208,입원료(1인실:병실차액)-간호간병/기본외박관리료(병원관리료),22780
행위료,VA011,,A2Z0010205,입원료(1인실:병실차액)-간호간병/입원관리료(1세이상~8세 미만),53310
행위료,VA011,,A2Z0010203,입원료(1인실:병실차액)-간호간병/입원관리료,48460
행위료,VA011,,A2Z0010206,입원료(1인실:병실차액)-간호간병/간호간병료(1세이상~8세 미만),80320
행위료,VA011,,A2Z0010204,입원료(1인실:병실차액)-간호간병/간호간병료,73020
행위료,VA011,,A2Z0010213,입원료(1인실:병실차액)-간호간병/병동지원인력,6090
행위료,VA011,,A2Z0010212,입원료(1인실:병실차액)-간호간병/야간전담간호사,21400
치료재료대,BC0301QT,NOVOSIS,4011500144,NOVOSIS(CGBIO),1762200
치료재료대,VM070,,3012300038,캐스트(cast) 슈즈(신발) 1개-국산,3831
약제비,650202471,폴락스산(마크로골4000)(10.167g),DMAC10,폴락스산,788
약제비,642202290,파자임-95mg이중정,DPZM,파자임-95mg이중정,77
약제비,648300043,그린관장약(농글리세린)(50g/100mL),D50GLY,그린관장약(농글리세린)(50g/100mL),550
치료재료대,BJ4804XU,BIOVISION 1.7 KIT,4011500143,BIOVISION 1.7 KIT,700000
치료재료대,VM062,,3012300002,8자붕대(소),3483
치료재료대,VM062,,3012300003,8자붕대(중)/1EA,3483
치료재료대,BJ4505BM,OPTICROSS HD CORONARY IMAGING CATHETER,5411400005,OPTICROSS HD CORONARY IMAGING CATHETER,1570000
행위료,OZ303,시아노아크릴레이트를 이용한 복재정맥 폐색술[유도료 포함],HZOZ00303,시아노아크릴레이트를 이용한 복재정맥 폐색술(유도료 포함) [편측],1000000
치료재료대,BF0402AW,DIAM,4011500016,DIAM(COUSIN BIOTECH S.A.S),2640000
치료재료대,BJ4503BM,OPTICROSS CORONARY IMAGING CATHETER,5419900041,OPTICROSS CORONARY IMAGING CATHETER,1090400
치료재료대,BI0207LN,"TECNIS EYHANCE IOL, TECNIS EYHANCE IOL WITH TECNIS SIMPLICITY DELIVERY SYSTEM",4010200046,TECNIS EYHANCE IOL,500000
행위료,D6620,SARS-CoV-2 항원검사 [일반면역검사]-간이검사,LZ01000,(비급여-당일입원시)SARS-CoV-2 항원검사[일반면역검사]-간이검사,25000
행위료,,,LZ00101,TBPE검사(약물중독검사),6000
행위료,,,LW91344,TBPE검사(검진 약물중독검사),6000
치료재료대,BJ4801RA,ST REED,4011500097,ST  REED,489740
치료재료대,20330,목발,3010600026,Crutch (특대)/1EA,13932
치료재료대,20244,목 보조기-필라델피아,3012300041,필라델피아칼라(Cervical)-소,16419
치료재료대,BZ001003,,3012300026,Bed Pen P.V.C /1EA(대변기),1581
치료재료대,L7418346,COLLAGEN MEMBRANE,4110500024,COLLAGEN MEMBRANE 10*20mm,43880
치료재료대,L7414220,BIO-GIDE / COMPRESSED,4110500005,Bio-Gide(치과),168077
치료재료대,L7401220,BIO-OSS,4110500008,BIO-OSS(OSTEOHEALTH),76890
치료재료대,L7401221,BIO-OSS,4110500009,BIO-OSS(OSTEOHEALTH),117945
치료재료대,BZ001001,,BZ00001,환의 상하 한벌 (귀가용),11562
치료재료대,BZ001005,,XX22SEAT,시트(대)/1EA(귀가용)-전액본인부담,9150
치료재료대,BZ001005,,XX22SHEET1,"반 시트/1장(파손,가져갈때 전액본인부담""K"")",6083
약제비,655601681,코티소루주(히드로코르티손숙시네이트나트륨)(0.1337g),MSOLUC,비급여) 코티소루주 100mg(히드로코르티손숙시네이트나트륨),1363
약제비,659600291,예나스테론주(테스토스테론에난테이트)(0.25g/1mL),MTESTOE,예나스테론주(에난토산테스토스테론)(0.25g/1mL),4397
약제비,659901460,오라팡정,DORAFA,오라팡정,10683
약제비,644704910,레밋치구강붕해정2.5μg(날푸라핀염산염)(0.0025mg),DREMITCH,레밋치구강붕해정2.5μg,3908
약제비,671703950,제로바액,DTALIV,제로바액,4632
약제비,642507391,주블리아외용액(에피나코나졸)(3.56g/4mL),DEFINAIL,주블리아외용액(에피나코나졸)(3.56g/4mL),21384
약제비,650205740,서카톤피알서방정2mg(멜라토닌),DMELATONIN,서카톤피알서방정2mg(멜라토닌),625
약제비,654802040,액상하이랙스주(히알루로니다제),MHLASE-L,액상하이랙스주(히알루로니다제),14481
치료재료대,BC1301PE,K-D CLAMP,4011400033,"K-D CLAMP(JEILTECH,INC)",130000
약제비,643900900,액티피드정,DACT,액티피드정,34
약제비,642100700,삐콤정,DBC,삐콤정,11
약제비,662501680,타스나정(탄산수소나트륨)(0.5g),DBIVONT,타스나정(탄산수소나트륨)0.5g,24
약제비,653801170,신일비사코딜정(5mg),DDULCO,신일비사코딜정(5mg),20
약제비,641605990,오메크린크림(퍼메트린),DOMECLEAN,오메크린크림(퍼메트린),5419
약제비,652500031,데카펩틸주0.1mg(트립토렐린아세트산염)(0.105mg/1mL),MDPCR01,데카펩틸주0.1mg(트립토렐린아세트산염)(0.105mg/1mL),3177
치료재료대,BI0200LN,"TECNIS EYHANCE TORIC II IOL, TECNIS EYHANCE TORIC II IOL WITH TECNIS SIMPLICITY DELIVERY SYSTEM",4010200048,TECNIS EYHANCE TORIC II IOL,605000
치료재료대,BM5101LX,3M SOFT CLOTH WITH LINER,3012300068,Fixing roll(3M SOFT CLOTH TAPE)(NEOPLAST),5600
치료재료대,BM5101LX,3M SOFT CLOTH WITH LINER,4020900106,Fixing roll(3M SOFT CLOTH TAPE)10CM/10M,56
치료재료대,20244,목 보조기-필라델피아,3012300040,필라델피아칼라(Cervical)-대,16419
행위료,SZ084,체외충격파치료[근골격계질환],HZRM00200,체외충격파 치료 [근골격계질환],70000
행위료,FZ731,동적체평형검사,FZ00200,균형훈련,8000
행위료,51030,증식치료-가.사지관절부위〔1일당〕,FZ01301,증식치료 [사지관절부위]- MY142,50000
행위료,51031,증식치료-나.척추부위〔1일당〕,FZ01302,증식치료 [척추부위]-MY143,50000
행위료,HI229,자기공명영상진단-기본검사-복부-췌장-조영제 주입 전·후 촬영 판독-촬영료 등,RMHI22901,MRI 췌장 Pancreas 촬영료/조영제 사용 [테슬라3.0이상+품질관리적합],369840
행위료,HI129,자기공명영상진단-기본검사-복부-췌장-일반-촬영료 등,RMHI129,MRI 췌장 Pancreas 촬영료 [테슬라1.5-3.0미만+품질관리적합],255140
행위료,HI129,자기공명영상진단-기본검사-복부-췌장-일반-촬영료 등,RMHI12901,MRI 췌장 Pancreas 촬영료 [테슬라3.0이상+품질관리적합],278340
행위료,HJ234,자기공명영상진단-기본검사-복부-전립선-조영제 주입 전·후 촬영 판독-판독료,RMHJ234,MRI 전립선 Prostate 조영제 주입 전후 판독료,176120
행위료,HJ237,자기공명영상진단-기본검사-혈관 [동맥 또는 정맥]-흉부혈관-조영제 주입 전·후 촬영 판독-판독료,RMHJ237,MRI 흉부혈관 Thoracic MRA 조영제 주입 전후 판독료,176650
행위료,HJ138,자기공명영상진단-기본검사-혈관 [동맥 또는 정맥]-복부혈관-일반-판독료,RMHJ138,MRI 복부혈관 Abdominal MRA 일반 판독료 ,132900
행위료,AA254,"재진진찰료-의원,보건의료원 내 의과",AJ91,특정암검사 진찰상담,7550
행위료,EB452,복부-남성생식기 초음파-전립선·정낭(경복부로 실시),SEB452,진단초음파-남성생식기-전립선·정낭(경복부로 실시),64060
행위료,EB453,복부-남성생식기 초음파-음경,SEB453,진단초음파-남성생식기-음경 Penis,90520
행위료,EB416,두경부-비·부비동 초음파,SEB416,진단초음파-비·부비동 초음파,60790
행위료,EB470,"근골격, 연부-연부조직 초음파-일반",SEB470,진단초음파-연부조직-일반,65100
행위료,EB471,"근골격, 연부-연부조직 초음파-정밀",SEB471,진단초음파-연부조직-정밀,83610
행위료,EB481,혈관-뇌혈류 초음파,SEB481,진단초음파-혈관-뇌혈류,129250
행위료,EB482,혈관-두개외 혈관 도플러 초음파-경동맥,SEB482,진단초음파-혈관-(경동맥)두개외 혈관 도플러,110320
행위료,D2420,알파피토프로틴-[정밀면역검사],LXC4211,AFP,10130
행위료,EB461,"근골격, 연부-관절 초음파-손가락(편측)",SEB461,진단초음파-관절-손가락(편측),65100
행위료,EB458,복부-소아 복부 초음파,SEB458,소아 복부 초음파 (만8세 미만),222270
행위료,HI224,자기공명영상진단-기본검사-심장-조영제 주입 전·후 촬영 판독-촬영료 등,RMHI224,MRI 심장 Heart 촬영료/조영제 사용 [테슬라1.5-3.0미만+품질관리적합],497080
행위료,HI224,자기공명영상진단-기본검사-심장-조영제 주입 전·후 촬영 판독-촬영료 등,RMHI22401,MRI 심장 Heart 촬영료/조영제 사용 [테슬라3.0이상+품질관리적합],542260
행위료,HJ125,자기공명영상진단-기본검사-흉부-흉부-일반-판독료,RMHJ125,MRI 흉부 Chest 일반 판독료 ,132540
행위료,EB522,응급·중환자 초음파-단일 표적 초음파(1일당)-2부위 이상,SEB522,응급·중환자-(2부위 이상)단일 표적 초음파(1일당),38850
행위료,EB442,복부-복부 초음파-간·담낭·담도·비장·췌장-정밀,SEB442,진단초음파-복부-(정밀)간·담낭·담도·비장·췌장,181340
행위료,EB441,복부-복부 초음파-간·담낭·담도·비장·췌장-일반,SEB441,진단초음파-복부-(일반)간·담낭·담도·비장·췌장,122110
행위료,VA011,,A2Z0010207,입원료(1인실:병실차액)-기본외박관리료(병원관리료),14080
행위료,HA497,"Cone beam 전산화단층영상진단-3차원 CT, 관절강내조영촬영",RCHA413DT,Cone beam 3차원 CT(치아매식용 ),61280
행위료,HI128,자기공명영상진단-기본검사-복부-골반-일반-촬영료 등,RMHI12801,MRI 골반 Pelvis 촬영료 [테슬라3.0이상+품질관리적합],278340
제증명료,,,AQA00200,노인장기요양보험 의사소견서,52870
행위료,SZ083,추간판내 고주파 열치료술,HZOS00200,추간판내고주파열치료술 [IDET] ,700000
행위료,EB456,복부-여성생식기 초음파-일반-자궁내 생리식염수 주입,SEB456,진단초음파-여성생식기-자궁내생리식염수를 주입하여 검사한 경우,132520
행위료,EB457,복부-여성생식기 초음파-정밀,SEB457,진단초음파-여성생식기-정밀,151810
행위료,CZ292,p2PSA[정밀면역검사]-Prostate Health Index(PHI)로 실시한 경우 산정,LZW0059,p2PSA 정밀면역검사 prostate Health Idex (PHI)로 실시한 경우 산정,77162
행위료,EB455,복부-여성생식기 초음파-일반,SEB455,진단초음파-여성생식기-일반,103600
행위료,EB423,흉부-유방·액와부 초음파-정밀,SEB423,진단초음파-흉부-유방·액와부 초음파 (정밀),135640
행위료,EB422,"흉부-흉벽, 흉막, 늑골 등 초음파",SEB422,"진단초음파-흉부-흉벽,흉막,늑골 등 초음파",85770
행위료,EB421,흉부-유방·액와부 초음파-일반,SEB42101,진단초음파-흉부-유방·액와부 초음파(일반-도플러),124010
행위료,HE217,기본자기공명영상진단-근골격계-수관절-조영제주입전·후 촬영판독,RMHE217,MRI Wrist 조영제사용,470000
행위료,HJ204,자기공명영상진단-기본검사-두경부-부비동-조영제 주입 전·후 촬영 판독-판독료,RMHJ204,MRI 부비동 PNS /판독료/조영제 사용,176130
행위료,HJ205,자기공명영상진단-기본검사-두경부-안와-조영제 주입 전·후 촬영 판독-판독료,RMHJ205,MRI 안와 Orbit /판독료/조영제 사용,176130
행위료,HI106,자기공명영상진단-기본검사-두경부-측두골-일반-촬영료 등,RMHI106,MRI 측두골 Temporal Bone  촬영료 [테슬라1.5-3.0미만+품질관리적합],255140
행위료,HI107,자기공명영상진단-기본검사-두경부-측두하악관절-일반-촬영료 등,RMHI107,MRI 측두하악관절 TM-Joint  촬영료 [테슬라1.5-3.0미만+품질관리적합],255140
행위료,HJ111,자기공명영상진단-기본검사-척추-요천추-일반-판독료,RMHJ111,MRI 요천추 판독료,125440
행위료,HJ209,자기공명영상진단-기본검사-척추-경추-조영제 주입 전·후 촬영 판독-판독료,RMHJ209,MRI 경추/조영제사용 판독료,166660
행위료,HJ211,자기공명영상진단-기본검사-척추-요천추-조영제 주입 전·후 촬영 판독-판독료,RMHJ211,MRI 요천추 판독료/조영제사용,166660
행위료,HJ210,자기공명영상진단-기본검사-척추-흉추-조영제 주입 전·후 촬영 판독-판독료,RMHJ210,MRI 흉추 판독료/조영제사용,166660
행위료,HI210,자기공명영상진단-기본검사-척추-흉추-조영제 주입 전·후 촬영 판독-촬영료 등,RMHI210,MRI 흉추 촬영료/조영제사용[테슬라1.5-3.0미만+품질관리적합],320820
행위료,HJ110,자기공명영상진단-기본검사-척추-흉추-일반-판독료,RMHJ110,MRI 흉추 판독료,125440
행위료,HJ109,자기공명영상진단-기본검사-척추-경추-일반-판독료,RMHJ109,MRI 경추 판독료,125440
행위료,HI111,자기공명영상진단-기본검사-척추-요천추-일반-촬영료 등,RMHI111,MRI 요천추 촬영료[테슬라1.5-3.0미만+품질관리적합],241480
행위료,HI209,자기공명영상진단-기본검사-척추-경추-조영제 주입 전·후 촬영 판독-촬영료 등,RMHI209,MRI 경추 촬영료/조영제사용 [테슬라1.5-3.0미만+품질관리적합],320820
행위료,HI211,자기공명영상진단-기본검사-척추-요천추-조영제 주입 전·후 촬영 판독-촬영료 등,RMHI21101,MRI 요천추 촬영료/조영제사용[테슬라3.0이상+품질관리적합],349990
행위료,HI110,자기공명영상진단-기본검사-척추-흉추-일반-촬영료 등,RMHI110,MRI 흉추 촬영료 [테슬라1.5-3.0미만+품질관리적합],241480
행위료,HI110,자기공명영상진단-기본검사-척추-흉추-일반-촬영료 등,RMHI11001,MRI 흉추 촬영료[테슬라3.0이상+품질관리적합],263440
행위료,HI211,자기공명영상진단-기본검사-척추-요천추-조영제 주입 전·후 촬영 판독-촬영료 등,RMHI211,MRI 요천추 촬영료/조영제사용 [테슬라1.5-3.0미만+품질관리적합],320820
행위료,HI210,자기공명영상진단-기본검사-척추-흉추-조영제 주입 전·후 촬영 판독-촬영료 등,RMHI21001,MRI 흉추 촬영료/조영제사용[테슬라3.0이상+품질관리적합],349990
행위료,HI111,자기공명영상진단-기본검사-척추-요천추-일반-촬영료 등,RMHI11101,MRI 요천추 촬영료[테슬라3.0이상+품질관리적합],263440
행위료,HJ103,자기공명영상진단-기본검사-두경부-안면-일반-판독료,RMHJ103,MRI 안면 Face 판독료,132540
행위료,HJ104,자기공명영상진단-기본검사-두경부-부비동-일반-판독료,RMHJ104,MRI 부비동 PNS 판독료,132540
행위료,HJ105,자기공명영상진단-기본검사-두경부-안와-일반-판독료,RMHJ105,MRI 안와 Orbit 판독료,132540
행위료,HJ106,자기공명영상진단-기본검사-두경부-측두골-일반-판독료,RMHJ106,MRI 측두골 Temporal Bone  판독료,132540
행위료,HJ107,자기공명영상진단-기본검사-두경부-측두하악관절-일반-판독료,RMHJ107,MRI 측두하악관절 TM-Joint  판독료,132540
행위료,HJ108,자기공명영상진단-기본검사-두경부-경부-일반-판독료,RMHJ108,MRI 경부 Neck 판독료,132540
행위료,HJ203,자기공명영상진단-기본검사-두경부-안면-조영제 주입 전·후 촬영 판독-판독료,RMHJ203,MRI 안면 Face /판독료/조영제 사용,176130
행위료,HI208,자기공명영상진단-기본검사-두경부-경부-조영제 주입 전·후 촬영 판독-촬영료 등,RMHI20801,MRI 경부 Neck /촬영료/조영제 사용[테슬라3.0이상+품질관리적합],369870
행위료,HI108,자기공명영상진단-기본검사-두경부-경부-일반-촬영료 등,RMHI10801,MRI 경부 Neck 촬영료[테슬라3.0이상+품질관리적합],278340
행위료,HI207,자기공명영상진단-기본검사-두경부-측두하악관절-조영제 주입 전·후 촬영 판독-촬영료 등,RMHI20701,MRI 측두하악관절 TM-Joint /촬영료/조영제 사용[테슬라3.0이상+품질관리적합],369870
행위료,HI107,자기공명영상진단-기본검사-두경부-측두하악관절-일반-촬영료 등,RMHI10701,MRI 측두하악관절 TM-Joint  촬영료[테슬라3.0이상+품질관리적합],278340
행위료,HI103,자기공명영상진단-기본검사-두경부-안면-일반-촬영료 등,RMHI10301,MRI 안면 Face 촬영료 [테슬라3.0이상+품질관리적합],278340
행위료,HI108,자기공명영상진단-기본검사-두경부-경부-일반-촬영료 등,RMHI108,MRI 경부 Neck 촬영료 [테슬라1.5-3.0미만+품질관리적합],255140
행위료,HI203,자기공명영상진단-기본검사-두경부-안면-조영제 주입 전·후 촬영 판독-촬영료 등,RMHI203,MRI 안면 Face/촬영료/조영제 사용 [테슬라1.5-3.0미만+품질관리적합],339050
행위료,HI101,자기공명영상진단-기본검사-뇌-일반-촬영료 등,RMHI10101,MRI Brain 촬영료[테슬라3.0이상+품질관리적합],256140
행위료,HI105,자기공명영상진단-기본검사-두경부-안와-일반-촬영료 등,RMHI10501,MRI 안와 Orbit  촬영료 [테슬라3.0이상+품질관리적합],278340
행위료,HJ227,자기공명영상진단-기본검사-복부-복부-조영제 주입 전·후 촬영 판독-판독료,RMHJ227,MRI 복부 Abdomen 조영제 주입 전후 판독료,176120
행위료,HJ129,자기공명영상진단-기본검사-복부-췌장-일반-판독료,RMHJ129,MRI 췌장 Pancreas 일반 판독료 ,132540
행위료,HF201,특수자기공명영상진단-확산-기본검사와동시실시,RMHF201,MRI Diffusion [기본MRI와 동시촬영],122460
행위료,HF104,특수자기공명영상진단-영화 [기본검사 및 3차원자기공명영상 포함],RMHF104,MRI Cine,496580
행위료,HJ135,자기공명영상진단-기본검사-혈관[동맥 또는 정맥]-뇌혈관-일반-판독료,RMHJ135,MRI뇌혈관Brain MRA 판독료,132900
행위료,HI101,자기공명영상진단-기본검사-뇌-일반-촬영료 등,RMHI101,MRI Brain 촬영료 [테슬라1.5-3.0미만+품질관리적합],234790
행위료,HI135,자기공명영상진단-기본검사-혈관[동맥 또는 정맥]-뇌혈관-일반-촬영료 등,RMHI135,MRI뇌혈관Brain MRA 촬영료 [테슬라1.5-3.0미만+품질관리적합],255850
행위료,HI136,자기공명영상진단-기본검사-혈관[동맥 또는 정맥]-경부혈관-일반-촬영료 등,RMHI136,MRI 경부혈관Neck MRA 촬영료[테슬라1.5-3.0미만+품질관리적합],255850
행위료,EB521,응급·중환자 초음파-단일 표적 초음파(1일당)-1부위,SEB521,응급·중환자-(1부위)단일 표적 초음파(1일당),19420
행위료,EB523,응급·중환자 초음파-복합 표적 초음파,SEB523,응급·중환자-복합 표적 초음파 ,99970
행위료,HF102,특수자기공명영상진단-관류[3차원자기공명영상포함],RMHF102,MRI Perfusion [단독촬영],338090
행위료,HF103,특수자기공명영상진단-분광영상,RMHF103,MRI MR spectroscopy,221610
행위료,EB454,복부-남성생식기 초음파-음낭,SEB454,진단초음파-남성생식기-음낭 Scrotum,90520
행위료,HI225,자기공명영상진단-기본검사-흉부-흉부-조영제 주입 전·후 촬영 판독-촬영료 등,RMHI225,MRI 흉부 Chest 촬영료/조영제 사용 [테슬라1.5-3.0미만+품질관리적합],339050
행위료,HJ140,자기공명영상진단-기본검사-혈관 [동맥 또는 정맥]-심혈관-일반-판독료,RMHJ140,MRI 심혈관 Cardiovascular MRA 일반 판독료 ,132900
행위료,EB412,두경부-안 초음파-안와,SEB412,진단초음파-안-안와,91670
행위료,EB483,혈관-두개외 혈관 도플러 초음파-기타 동맥,SEB483,진단초음파-혈관-(기타 동맥)두개외 혈관 도플러,57910
행위료,HE221,기본자기공명영상진단-근골격계-발목관절-조영제주입전·후 촬영판독,RMHE221,MRI Ankle joint 조영제사용,470000
행위료,HE220,기본자기공명영상진단-근골격계-슬관절-조영제주입전·후 촬영판독,RMHE220,MRI Knee 조영제사용,470000
행위료,HE219,기본자기공명영상진단-근골격계-천장골관절-조영제주입전·후 촬영판독,RMHE219,MRI Sacroiliac 조영제사용,470000
행위료,HE218,기본자기공명영상진단-근골격계-고관절-조영제주입전·후 촬영판독,RMHE218,MRI Hip 조영제사용,470000
행위료,HJ225,자기공명영상진단-기본검사-흉부-흉부-조영제 주입 전·후 촬영 판독-판독료,RMHJ225,MRI 흉부 Chest 조영제 주입 전후 판독료,176130
행위료,HJ126,자기공명영상진단-기본검사-흉부-유방-일반-판독료,RMHJ126,MRI 유방 Breast 일반 판독료 ,132540
행위료,HE116,기본자기공명영상진단-근골격계-주관절-일반,RMHE116,MRI Elbow,470000
행위료,HE115,기본자기공명영상진단-근골격계-견관절-일반,RMHE115,MRI Shoulder,470000
행위료,HJ124,자기공명영상진단-기본검사-심장-일반-판독료,RMHJ124,MRI 심장 Heart 일반 판독료 ,198630
행위료,EA010,내시경 세척·소독료,SEA010,내시경 세척·소독료,13380
행위료,EA001,진정내시경 환자관리료 Ⅰ,SEA001,진정내시경 환자관리료Ⅰ,59020
행위료,HF203,특수자기공명영상진단-분광영상-기본검사와동시실시,RMHF203,MR spectroscopy [기본MRI와 동시촬영],130890
행위료,HF105,특수자기공명영상진단-Dynamic [기본검사 포함],RMHF105,MRI Dynamic,390080
행위료,HJ207,자기공명영상진단-기본검사-두경부-측두하악관절-조영제 주입 전·후 촬영 판독-판독료,RMHJ207,MRI 측두하악관절 TM-Jointe/판독료/조영제 사용,176130
행위료,EB515,"임산부-제2,3삼분기-일반",SEB515,"진단초음파-임산부-(일반)제2,3삼분기",114830
행위료,EB516,"임산부-제2,3삼분기-일반-고위험 임신",SEB516,"진단초음파-임산부-(고위험임신)제2,3삼분기",149290
행위료,EB517,"임산부-제2,3삼분기-정밀",SEB517,"진단초음파-임산부-(정밀)제2,3삼분기",246090
행위료,EB518,"임산부-제2,3삼분기-정밀-기형아 계측",SEB518,"진단초음파-임산부-(기형아정밀계측)제2,3삼분기",288310
행위료,HJ133,자기공명영상진단-기본검사-복부-담췌관-일반-판독료,RMHJ133,MRI 담췌관 Cholangiogram 일반 판독료 ,132540
행위료,HJ233,자기공명영상진단-기본검사-복부-담췌관-조영제 주입 전·후 촬영 판독-판독료,RMHJ233,MRI 담췌관 Cholangiogram 조영제 주입 전후 판독료,176120
행위료,HJ240,자기공명영상진단-기본검사-혈관 [동맥 또는 정맥]-심혈관-조영제 주입 전·후 촬영 판독-판독료,RMHJ240,MRI 심혈관 Cardiovascular MRA 조영제 주입 전후 판독료,176650
행위료,HI131,자기공명영상진단-기본검사-복부-음낭 및 음경-일반-촬영료 등,RMHI131,MRI 음낭 및 음경 Scrotum and Penile 촬영료 [테슬라1.5-3.0미만+품질관리적합],255140
행위료,HI131,자기공명영상진단-기본검사-복부-음낭 및 음경-일반-촬영료 등,RMHI13101,MRI 음낭 및 음경 Scrotum and Penile 촬영료[테슬라3.0이상+품질관리적합],278340
행위료,HJ101,자기공명영상진단-기본검사-뇌-일반-판독료,RMHJ101,MRI Brain 판독료 ,121970
행위료,HJ229,자기공명영상진단-기본검사-복부-췌장-조영제 주입 전·후 촬영 판독-판독료,RMHJ229,MRI 췌장 Pancreas 조영제 주입 전후 판독료,176120
행위료,HJ130,자기공명영상진단-기본검사-복부-신장 및 부신-일반-판독료,RMHJ130,MRI 신장 및 부신 Kidney and Adrenal 일반 판독료 ,132540
행위료,HJ230,자기공명영상진단-기본검사-복부-신장 및 부신-조영제 주입 전·후 촬영 판독-판독료,RMHJ230,MRI 신장 및 부신 Kidney and Adrenal 조영제 주입 전후 판독료,176120
행위료,HJ226,자기공명영상진단-기본검사-흉부-유방-조영제 주입 전·후 촬영 판독-판독료,RMHJ226,MRI 유방 Breast 조영제 주입 전후 판독료,176130
행위료,HJ127,자기공명영상진단-기본검사-복부-복부-일반-판독료,RMHJ127,MRI 복부 Abdomen 일반 판독료 ,132540
행위료,HJ132,자기공명영상진단-기본검사-복부-간-일반-판독료,RMHJ132,MRI 간 Liver 일반 판독료 ,132540
행위료,HJ232,자기공명영상진단-기본검사-복부-간-조영제 주입 전·후 촬영 판독-판독료,RMHJ232,MRI 간 Liver 조영제 주입 전후 판독료,176120
행위료,HJ224,자기공명영상진단-기본검사-심장-조영제 주입 전·후 촬영 판독-판독료,RMHJ224,MRI 심장 Heart 조영제 주입 전후 판독료,258210
행위료,HI229,자기공명영상진단-기본검사-복부-췌장-조영제 주입 전·후 촬영 판독-촬영료 등,RMHI229,MRI 췌장 Pancreas 촬영료/조영제 사용 [테슬라1.5-3.0미만+품질관리적합],339020
행위료,HI228,자기공명영상진단-기본검사-복부-골반-조영제 주입 전·후 촬영 판독-촬영료 등,RMHI228,MRI 골반 Pelvis 촬영료/조영제 사용 [테슬라1.5-3.0미만+품질관리적합],339020
행위료,HI227,자기공명영상진단-기본검사-복부-복부-조영제 주입 전·후 촬영 판독-촬영료 등,RMHI227,MRI 복부 Abdomen 촬영료/조영제 사용 [테슬라1.5-3.0미만+품질관리적합],339020
행위료,EB484,혈관-사지혈관 도플러 초음파-상지-동맥,SEB484,진단초음파-혈관-(상지-동맥)사지혈관 도플러,88900
행위료,EB485,혈관-사지혈관 도플러 초음파-상지-정맥,SEB485,진단초음파-혈관-(상지-정맥)사지혈관 도플러,88900
행위료,EB486,혈관-사지혈관 도플러 초음파-동정맥루의 혈류 및 협착 측정,SEB486,진단초음파-혈관-(동정맥루의 혈류 및 협착 측정)사지혈관 도플러,45760
행위료,EB487,혈관-사지혈관 도플러 초음파-하지-동맥,SEB487,진단초음파-혈관-(하지-동맥)사지혈관 도플러,140760
행위료,EB488,혈관-사지혈관 도플러 초음파-하지-정맥,SEB488,진단초음파-혈관-(하지-정맥)사지혈관 도플러,140760
행위료,EB489,혈관-사지혈관 도플러 초음파-하지 정맥류 검사,SEB489,진단초음파-혈관-(하지 정맥류 검사를 실시)사지혈관 도플러,158090
행위료,EB490,혈관-대동맥 도플러 초음파,SEB490,진단초음파-혈관-대동맥 도플러,85750
행위료,HF101,특수자기공명영상진단-확산,RMHF101,MRI Diffusion,220650
행위료,HJ236,자기공명영상진단-기본검사-혈관[동맥 또는 정맥]-경부혈관-조영제 주입 전·후 촬영 판독-판독료,RMHJ236,MRI 경부혈관Neck MRA/판독료/조영제 사용,176650
행위료,HJ235,자기공명영상진단-기본검사-혈관[동맥 또는 정맥]-뇌혈관-조영제 주입 전·후 촬영 판독-판독료,RMHJ235,MRI뇌혈관Brain MRA/판독료/조영제 사용,176650
행위료,EB466,"근골격, 연부-관절 초음파-견관절(편측)",SEB466,진단초음파-관절-견관절(편측)Shoulder,89800
행위료,EB467,"근골격, 연부-관절 초음파-손목관절(편측)",SEB467,진단초음파-관절-손목관절(편측)Wrist,89800
행위료,EB468,"근골격, 연부-관절 초음파-발목관절(편측)",SEB468,진단초음파-관절-발목관절(편측)Ankle,89800
행위료,EB564,유도초음파(Ⅳ),SEB564,유도초음파-유도초음파(Ⅳ),318350
행위료,EB610,심장-선천성 심질환 경식도 심초음파,SEB610,특수초음파-심장-(선천성심질환에검사 별도산정)경식도 심초음파,106090
행위료,HE215,기본자기공명영상진단-근골격계-견관절-조영제주입전·후 촬영판독,RMHE215,MRI Shoulder 조영제사용,470000
행위료,HI240,자기공명영상진단-기본검사-혈관 [동맥 또는 정맥]-심혈관-조영제 주입 전·후 촬영 판독-촬영료 등,RMHI240,MRI 심혈관 Cardiovascular MRA 촬영료/조영제 사용 [테슬라1.5-3.0미만+품질관리적합],340040
행위료,HI138,자기공명영상진단-기본검사-혈관 [동맥 또는 정맥]-복부혈관-일반-촬영료 등,RMHI13801,MRI 복부혈관 Abdominal MRA 촬영료 [테슬라3.0이상+품질관리적합],279100
행위료,HI227,자기공명영상진단-기본검사-복부-복부-조영제 주입 전·후 촬영 판독-촬영료 등,RMHI22701,MRI 복부 Abdomen 촬영료/조영제 사용 [테슬라3.0이상+품질관리적합],369840
행위료,HI127,자기공명영상진단-기본검사-복부-복부-일반-촬영료 등,RMHI12701,MRI 복부 Abdomen 촬영료 [테슬라3.0이상+품질관리적합],278340
행위료,HI234,자기공명영상진단-기본검사-복부-전립선-조영제 주입 전·후 촬영 판독-촬영료 등,RMHI23401,MRI 전립선 Prostate 촬영료/조영제 사용 [테슬라3.0이상+품질관리적합],369840
행위료,EB415,두경부-경부 초음파-갑상선·부갑상선 제외한 경부,SEB415,진단초음파-경부-갑상선·부갑상선 제외한 경부,92020
행위료,EB436,심장-태아정밀 심초음파,SEB436,진단초음파-심장-태아정밀 심초음파,387390
행위료,EB450,복부-비뇨기계 초음파-방광,SEB450,진단초음파-비뇨기계-방광 Bladder,80080
행위료,EB611,심장-경식도 심초음파,SEB611,특수초음파-심장-경식도 심초음파,493340
행위료,EB612,심장-심장내 초음파,SEB612,특수초음파-심장-심장내 초음파 ,542670
행위료,EA004,진정내시경 환자관리료 Ⅳ,SEA004,진정내시경 환자관리료Ⅳ,181510
행위료,HI109,자기공명영상진단-기본검사-척추-경추-일반-촬영료 등,RMHI109,MRI 경추 촬영료 [테슬라1.5-3.0미만+품질관리적합],241480
행위료,HI109,자기공명영상진단-기본검사-척추-경추-일반-촬영료 등,RMHI10901,MRI 경추 촬영료[테슬라3.0이상+품질관리적합],263440
행위료,HI209,자기공명영상진단-기본검사-척추-경추-조영제 주입 전·후 촬영 판독-촬영료 등,RMHI20901,MRI 경추 촬영료/조영제사용[테슬라3.0이상+품질관리적합],349990
행위료,HI130,자기공명영상진단-기본검사-복부-신장 및 부신-일반-촬영료 등,RMHI130,MRI 신장 및 부신 Kidney and Adrenal 촬영료 [테슬라1.5-3.0미만+품질관리적합],255140
행위료,HI130,자기공명영상진단-기본검사-복부-신장 및 부신-일반-촬영료 등,RMHI13001,MRI 신장 및 부신 Kidney and Adrenal 촬영료 [테슬라3.0이상+품질관리적합],278340
행위료,HI232,자기공명영상진단-기본검사-복부-간-조영제 주입 전·후 촬영 판독-촬영료 등,RMHI23201,MRI 간 Liver 촬영료/조영제 사용 [테슬라3.0이상+품질관리적합],369840
행위료,HI132,자기공명영상진단-기본검사-복부-간-일반-촬영료 등,RMHI13201,MRI 간 Liver  촬영료 [테슬라3.0이상+품질관리적합],278340
행위료,EB465,"근골격, 연부-관절 초음파-고관절(편측)",SEB465,진단초음파-관절-고관절(편측)Hip,89800
행위료,HJ131,자기공명영상진단-기본검사-복부-음낭 및 음경-일반-판독료,RMHJ131,MRI 음낭 및 음경 Scrotum and Penile 일반 판독료 ,132540
행위료,HI237,자기공명영상진단-기본검사-혈관 [동맥 또는 정맥]-흉부혈관-조영제 주입 전·후 촬영 판독-촬영료 등,RMHI23701,MRI 흉부혈관 Thoracic MRA 촬영료/조영제 사용 [테슬라3.0이상+품질관리적합],370970
행위료,HI137,자기공명영상진단-기본검사-혈관 [동맥 또는 정맥]-흉부혈관-일반-촬영료 등,RMHI137,MRI 흉부혈관 Thoracic MRA 촬영료 [테슬라1.5-3.0미만+품질관리적합],255850
행위료,HI137,자기공명영상진단-기본검사-혈관 [동맥 또는 정맥]-흉부혈관-일반-촬영료 등,RMHI13701,MRI 흉부혈관 Thoracic MRA 촬영료 [테슬라3.0이상+품질관리적합],279100
행위료,HI126,자기공명영상진단-기본검사-흉부-유방-일반-촬영료 등,RMHI126,MRI 유방 Breast 촬영료 [테슬라1.5-3.0미만+품질관리적합],255140
행위료,HI126,자기공명영상진단-기본검사-흉부-유방-일반-촬영료 등,RMHI12601,MRI 유방 Breast 촬영료 [테슬라3.0이상+품질관리적합],278340
행위료,HI226,자기공명영상진단-기본검사-흉부-유방-조영제 주입 전·후 촬영 판독-촬영료 등,RMHI226,MRI 유방 Breast 촬영료/조영제 사용 [테슬라1.5-3.0미만+품질관리적합],339050
행위료,HI226,자기공명영상진단-기본검사-흉부-유방-조영제 주입 전·후 촬영 판독-촬영료 등,RMHI22601,MRI 유방 Breast  촬영료/조영제 사용 [테슬라3.0이상+품질관리적합],369870
행위료,HI124,자기공명영상진단-기본검사-심장-일반-촬영료 등,RMHI124,MRI 심장 Heart 촬영료 [테슬라1.5-3.0미만+품질관리적합],382360
행위료,HI124,자기공명영상진단-기본검사-심장-일반-촬영료 등,RMHI12401,MRI 심장 Heart 촬영료 [테슬라3.0이상+품질관리적합],417130
행위료,EB430,심장-선천성 심질환 경흉부 심초음파,SEB430,진단초음파-심장-(선천성심질환에검사별도산정)경흉부심초음파,106090
행위료,EA003,진정내시경 환자관리료 Ⅲ,SEA003,진정내시경 환자관리료Ⅲ,131240
행위료,HJ238,자기공명영상진단-기본검사-혈관 [동맥 또는 정맥]-복부혈관-조영제 주입 전·후 촬영 판독-판독료,RMHJ238,MRI 복부혈관 Abdominal MRA 조영제 주입 전후 판독료,176650
행위료,HJ208,자기공명영상진단-기본검사-두경부-경부-조영제 주입 전·후 촬영 판독-판독료,RMHJ208,MRI 경부 Neck /판독료/조영제 사용,176130
행위료,HI103,자기공명영상진단-기본검사-두경부-안면-일반-촬영료 등,RMHI103,MRI 안면 Face 촬영료 [테슬라1.5-3.0미만+품질관리적합],255140
행위료,HI104,자기공명영상진단-기본검사-두경부-부비동-일반-촬영료 등,RMHI104,MRI 부비동 PNS 촬영료 [테슬라1.5-3.0미만+품질관리적합],255140
행위료,HI105,자기공명영상진단-기본검사-두경부-안와-일반-촬영료 등,RMHI105,MRI 안와 Orbit  촬영료 [테슬라1.5-3.0미만+품질관리적합],255140
행위료,HI134,자기공명영상진단-기본검사-복부-전립선-일반-촬영료 등,RMHI13401,MRI 전립선 Prostate 촬영료 [테슬라3.0이상+품질관리적합],278340
행위료,HI230,자기공명영상진단-기본검사-복부-신장 및 부신-조영제 주입 전·후 촬영 판독-촬영료 등,RMHI23001,MRI 신장 및 부신 Kidney and Adrenal 촬영료/조영제 사용 [테슬라3.0이상+품질관리적합],369840
행위료,HI201,자기공명영상진단-기본검사-뇌-조영제 주입 전·후 촬영 판독-촬영료 등,RMHI20101,MRI Brain/촬영료/조영제 사용 [테슬라3.0이상+품질관리적합],340450
행위료,HI205,자기공명영상진단-기본검사-두경부-안와-조영제 주입 전·후 촬영 판독-촬영료 등,RMHI20501,MRI 안와 Orbit /촬영료/조영제 사용  [테슬라3.0이상+품질관리적합],369870
행위료,HI204,자기공명영상진단-기본검사-두경부-부비동-조영제 주입 전·후 촬영 판독-촬영료 등,RMHI20401,MRI 부비동 PNS /촬영료/조영제 사용 [테슬라3.0이상+품질관리적합],369870
행위료,HI104,자기공명영상진단-기본검사-두경부-부비동-일반-촬영료 등,RMHI10401,MRI 부비동 PNS  촬영료 [테슬라3.0이상+품질관리적합],278340
행위료,HI127,자기공명영상진단-기본검사-복부-복부-일반-촬영료 등,RMHI127,MRI 복부 Abdomen 촬영료 [테슬라1.5-3.0미만+품질관리적합],255140
행위료,HI125,자기공명영상진단-기본검사-흉부-흉부-일반-촬영료 등,RMHI125,MRI 흉부 Chest 촬영료 [테슬라1.5-3.0미만+품질관리적합],255140
행위료,HI125,자기공명영상진단-기본검사-흉부-흉부-일반-촬영료 등,RMHI12501,MRI 흉부 Chest 촬영료 [테슬라3.0이상+품질관리적합],278340
행위료,HI237,자기공명영상진단-기본검사-혈관 [동맥 또는 정맥]-흉부혈관-조영제 주입 전·후 촬영 판독-촬영료 등,RMHI237,MRI 흉부혈관 Thoracic MRA 촬영료/조영제 사용 [테슬라1.5-3.0미만+품질관리적합],340040
행위료,EB414,두경부-경부 초음파-갑상선·부갑상선,SEB414,진단초음파-경부-갑상선·부갑상선,92020
행위료,HI240,자기공명영상진단-기본검사-혈관 [동맥 또는 정맥]-심혈관-조영제 주입 전·후 촬영 판독-촬영료 등,RMHI24001,MRI 심혈관 Cardiovascular MRA 촬영료/조영제 사용 [테슬라3.0이상+품질관리적합],370970
행위료,HI106,자기공명영상진단-기본검사-두경부-측두골-일반-촬영료 등,RMHI10601,MRI 측두골 Temporal Bone 촬영료 [테슬라3.0이상+품질관리적합],278340
행위료,HI135,자기공명영상진단-기본검사-혈관[동맥 또는 정맥]-뇌혈관-일반-촬영료 등,RMHI13501,MRI뇌혈관Brain MRA촬영료 [테슬라3.0이상+품질관리적합],279100
행위료,HI203,자기공명영상진단-기본검사-두경부-안면-조영제 주입 전·후 촬영 판독-촬영료 등,RMHI20301,MRI 안면 Face /촬영료/조영제 사용 [테슬라3.0이상+품질관리적합],369870
행위료,HI236,자기공명영상진단-기본검사-혈관[동맥 또는 정맥]-경부혈관-조영제 주입 전·후 촬영 판독-촬영료 등,RMHI23601,MRI 경부혈관Neck MRA/ 촬영료/조영제 사용 [테슬라3.0이상+품질관리적합],370970
행위료,HI231,자기공명영상진단-기본검사-복부-음낭 및 음경-조영제 주입 전·후 촬영 판독-촬영료 등,RMHI231,MRI 음낭 및 음경/촬영료/조영제 사용 [테슬라1.5-3.0미만+품질관리적합],339020
행위료,EB512,임산부-제1삼분기-일반-임신 여부만 확인,SEB512,진단초음파-임산부-(임신여부만 확인)제1삼분기 ,55050
행위료,EB513,임산부-제1삼분기-정밀,SEB513,진단초음파-임산부-(정밀)제1삼분기 ,144760
행위료,EB514,임산부-제1삼분기-정밀-기형아 계측,SEB514,진단초음파-임산부-(기형아정밀계측)제1삼분기 ,185650
행위료,EB422,"흉부-흉벽, 흉막, 늑골 등 초음파",SEB42201,"진단초음파-흉부-흉벽,흉막,늑골 등 초음파(도플러)",85770
행위료,EB423,흉부-유방·액와부 초음파-정밀,SEB42301,진단초음파-흉부-유방·액와부 초음파(정밀-도플러),135640
행위료,EB421,흉부-유방·액와부 초음파-일반,SEB421,진단초음파-흉부-유방·액와부 초음파(일반),124010
행위료,HI231,자기공명영상진단-기본검사-복부-음낭 및 음경-조영제 주입 전·후 촬영 판독-촬영료 등,RMHI23101,MRI 음낭 및 음경 /촬영료/조영제 사용 [테슬라3.0이상+품질관리적합],369840
행위료,EB561,유도초음파(Ⅰ),SEB561,유도초음파-유도초음파(Ⅰ),53060
행위료,EB562,유도초음파(Ⅱ),SEB562,유도초음파-유도초음파(Ⅱ),106110
행위료,EB563,유도초음파(Ⅲ),SEB563,유도초음파-유도초음파(Ⅲ),127330
행위료,EB501,신경-중추신경계 초음파-경천문 뇌,SEB501,진단초음파-신경-(만1세미만소아 경천문 뇌)중추신경계,197680
행위료,EB502,신경-중추신경계 초음파-척수,SEB502,진단초음파-신경-(만1세미만소아 척수)중추신경계,197680
행위료,EB503,신경-말초신경 초음파(편측),SEB503,진단초음파-신경-말초신경 초음파(편측),58960
행위료,EB411,두경부-안 초음파-안구,SEB411,진단초음파-안-안구,91670
행위료,EB462,"근골격, 연부-관절 초음파-발가락(편측)",SEB462,진단초음파-관절-발가락(편측)Toe,65100
행위료,EB463,"근골격, 연부-관절 초음파-주관절(편측)",SEB463,진단초음파-관절-주관절(편측)Elbow,71720
행위료,EB464,"근골격, 연부-관절 초음파-슬관절(편측)",SEB464,진단초음파-관절-슬관절(편측)Knee,71720
행위료,HI235,자기공명영상진단-기본검사-혈관[동맥 또는 정맥]-뇌혈관-조영제 주입 전·후 촬영 판독-촬영료 등,RMHI23501,MRI뇌혈관Brain MRA/촬영료 /조영제 사용[테슬라3.0이상+품질관리적합],370970
행위료,HI206,자기공명영상진단-기본검사-두경부-측두골-조영제 주입 전·후 촬영 판독-촬영료 등,RMHI20601,MRI 측두골 Temporal Bone /촬영료/조영제 사용 [테슬라3.0이상+품질관리적합],369870
행위료,EB451,복부-남성생식기 초음파-전립선·정낭,SEB451,진단초음파-남성생식기-전립선·정낭(경직장으로 실시),115210
행위료,HI136,자기공명영상진단-기본검사-혈관[동맥 또는 정맥]-경부혈관-일반-촬영료 등,RMHI13601,MRI 경부혈관Neck MRA  촬영료 [테슬라3.0이상+품질관리적합],279100
행위료,HI228,자기공명영상진단-기본검사-복부-골반-조영제 주입 전·후 촬영 판독-촬영료 등,RMHI22801,MRI 골반 Pelvis 촬영료/조영제 사용 [테슬라3.0이상+품질관리적합],369840
행위료,HI128,자기공명영상진단-기본검사-복부-골반-일반-촬영료 등,RMHI128,MRI 골반 Pelvis 촬영료 [테슬라1.5-3.0미만+품질관리적합],255140
행위료,EB434,심장-부하 심초음파-약물부하,SEB434,진단초음파-심장-(약물)부하심초음파 ,521460
행위료,HJ206,자기공명영상진단-기본검사-두경부-측두골-조영제 주입 전·후 촬영 판독-판독료,RMHJ206,MRI 측두골 Temporal Bone/판독료/조영제 사용,176130
행위료,HJ137,자기공명영상진단-기본검사-혈관 [동맥 또는 정맥]-흉부혈관-일반-판독료,RMHJ137,MRI 흉부혈관 Thoracic MRA 일반 판독료 ,132900
행위료,HE216,기본자기공명영상진단-근골격계-주관절-조영제주입전·후 촬영판독,RMHE216,MRI Elbow 조영제사용,470000
행위료,HI238,자기공명영상진단-기본검사-혈관 [동맥 또는 정맥]-복부혈관-조영제 주입 전·후 촬영 판독-촬영료 등,RMHI23801,MRI 복부혈관 Abdominal MRA 촬영료/조영제 사용 [테슬라3.0이상+품질관리적합],370970
행위료,HI233,자기공명영상진단-기본검사-복부-담췌관-조영제 주입 전·후 촬영 판독-촬영료 등,RMHI233,MRI 담췌관 Cholangiogram 촬영료/조영제 사용 [테슬라1.5-3.0미만+품질관리적합],339020
행위료,HI233,자기공명영상진단-기본검사-복부-담췌관-조영제 주입 전·후 촬영 판독-촬영료 등,RMHI23301,MRI 담췌관 Cholangiogram  촬영료/조영제 사용 [테슬라3.0이상+품질관리적합],369840
행위료,HI133,자기공명영상진단-기본검사-복부-담췌관-일반-촬영료 등,RMHI13301,MRI 담췌관 Cholangiogram 촬영료 [테슬라3.0이상+품질관리적합],278340
행위료,HF202,특수자기공명영상진단-관류[3차원자기공명영상포함]-기본검사와동시실시,RMHF202,MRI Perfusion [기본MRI와 동시촬영],190690
행위료,EB443,복부-복부 초음파-충수,SEB443,진단초음파-복부-충수 Appendix,111460
행위료,EB444,복부-복부 초음파-소장·대장,SEB444,진단초음파-복부-소장·대장 Small Bowel·Colon,111540
행위료,EB445,복부-복부 초음파-서혜부,SEB445,진단초음파-복부-서혜부 Inguinal region,77020
행위료,EB446,복부-복부 초음파-직장·항문,SEB446,진단초음파-복부-직장·항문 Rectum·Anus,131280
행위료,EB447,복부-복부 초음파-항문,SEB447,진단초음파-복부-항문초음파만 시행한 경우,109390
행위료,EB448,복부-비뇨기계 초음파-신장·부신·방광,SEB448,진단초음파-비뇨기계-신장·부신·방광,98230
행위료,EB449,복부-비뇨기계 초음파-신장·부신,SEB449,진단초음파-비뇨기계-신장·부신,88770
행위료,HE120,기본자기공명영상진단-근골격계-슬관절-일반,RMHE120,MRI Knee,470000
행위료,HE119,기본자기공명영상진단-근골격계-천장골관절-일반,RMHE119,MRI Sacrum,470000
행위료,HE118,기본자기공명영상진단-근골격계-고관절-일반,RMHE118,MRI Hip,470000
행위료,HI204,자기공명영상진단-기본검사-두경부-부비동-조영제 주입 전·후 촬영 판독-촬영료 등,RMHI204,MRI 부비동 PNS /촬영료/조영제 사용 [테슬라1.5-3.0미만+품질관리적합],339050
행위료,HI205,자기공명영상진단-기본검사-두경부-안와-조영제 주입 전·후 촬영 판독-촬영료 등,RMHI205,MRI 안와 Orbit /촬영료/조영제 사용  [테슬라1.5-3.0미만+품질관리적합],339050
행위료,HI206,자기공명영상진단-기본검사-두경부-측두골-조영제 주입 전·후 촬영 판독-촬영료 등,RMHI206,MRI 측두골 Temporal Bone /촬영료/조영제 사용[테슬라1.5-3.0미만+품질관리적합],339050
행위료,HI207,자기공명영상진단-기본검사-두경부-측두하악관절-조영제 주입 전·후 촬영 판독-촬영료 등,RMHI207,MRI 측두하악관절 TM-Joint /촬영료/조영제 사용[테슬라1.5-3.0미만+품질관리적합],339050
행위료,HI208,자기공명영상진단-기본검사-두경부-경부-조영제 주입 전·후 촬영 판독-촬영료 등,RMHI208,MRI 경부 Neck /촬영료/조영제 사용[테슬라1.5-3.0미만+품질관리적합],339050
행위료,HI234,자기공명영상진단-기본검사-복부-전립선-조영제 주입 전·후 촬영 판독-촬영료 등,RMHI234,MRI 전립선 Prostate 촬영료/조영제 사용 [테슬라1.5-3.0미만+품질관리적합],339020
행위료,HI134,자기공명영상진단-기본검사-복부-전립선-일반-촬영료 등,RMHI134,MRI 전립선 Prostate 촬영료 [테슬라1.5-3.0미만+품질관리적합],255140
행위료,HI230,자기공명영상진단-기본검사-복부-신장 및 부신-조영제 주입 전·후 촬영 판독-촬영료 등,RMHI230,MRI 신장 및 부신 Kidney and Adrenal 촬영료/조영제 사용 [테슬라1.5-3.0미만+품질관리적합],339020
행위료,HI113,자기공명영상진단-기본검사-척추-전척추-일반-촬영료 등,RMHI11301,MRI 전척추 촬영료[테슬라3.0이상+품질관리적합],474180
행위료,HI113,자기공명영상진단-기본검사-척추-전척추-일반-촬영료 등,RMHI113,MRI 전척추 촬영료 [테슬라1.5-3.0미만+품질관리적합],434660
행위료,HI112,자기공명영상진단-기본검사-척추-척추강-일반-촬영료 등,RMHI112,MRI 척추강 촬영료 [테슬라1.5-3.0미만+품질관리적합],241480
행위료,HE117,기본자기공명영상진단-근골격계-수관절-일반,RMHE117,MRI Wrist,470000
행위료,EB469,"근골격, 연부-관절 초음파-류마티스 질환에 의한 다발성 관절염",SEB469,진단초음파-관절-류마티스성질환3부위이상관절종합,139320
행위료,HI140,자기공명영상진단-기본검사-혈관 [동맥 또는 정맥]-심혈관-일반-촬영료 등,RMHI140,MRI 심혈관 Cardiovascular MRA 촬영료 [테슬라1.5-3.0미만+품질관리적합],255850
행위료,HI140,자기공명영상진단-기본검사-혈관 [동맥 또는 정맥]-심혈관-일반-촬영료 등,RMHI14001,MRI 심혈관 Cardiovascular  MRA 촬영료 [테슬라3.0이상+품질관리적합],279100
행위료,HI235,자기공명영상진단-기본검사-혈관[동맥 또는 정맥]-뇌혈관-조영제 주입 전·후 촬영 판독-촬영료 등,RMHI235,MRI뇌혈관Brain MRA/촬영료/조영제 사용[테슬라1.5-3.0미만+품질관리적합],340040
행위료,HI236,자기공명영상진단-기본검사-혈관[동맥 또는 정맥]-경부혈관-조영제 주입 전·후 촬영 판독-촬영료 등,RMHI236,MRI 경부혈관Neck MRA 촬영료/조영제사용[테슬라1.5-3.0미만+품질관리적합],340040
행위료,HI201,자기공명영상진단-기본검사-뇌-조영제 주입 전·후 촬영 판독-촬영료 등,RMHI201,MRI Brain/촬영료/조영제 사용 [테슬라1.5-3.0미만+품질관리적합],312090
행위료,HJ201,자기공명영상진단-기본검사-뇌-조영제 주입 전·후 촬영 판독-판독료,RMHJ201,MRI Brain/판독료/조영제 사용,162120
행위료,HJ136,자기공명영상진단-기본검사-혈관[동맥 또는 정맥]-경부혈관-일반-판독료,RMHJ136,MRI 경부혈관Neck MRA 판독료,132900
행위료,HI225,자기공명영상진단-기본검사-흉부-흉부-조영제 주입 전·후 촬영 판독-촬영료 등,RMHI22501,MRI 흉부 Chest 촬영료/조영제 사용 [테슬라3.0이상+품질관리적합],369870
행위료,HI112,자기공명영상진단-기본검사-척추-척추강-일반-촬영료 등,RMHI11201,MRI 척추강 촬영료[테슬라3.0이상+품질관리적합],263440
행위료,HJ113,자기공명영상진단-기본검사-척추-전척추-일반-판독료,RMHJ113,MRI 전척추 판독료,225790
행위료,HJ213,자기공명영상진단-기본검사-척추-전척추-조영제 주입 전·후 촬영 판독-판독료,RMHJ213,MRI 전척추/조영제사용 판독료,299990
행위료,HJ212,자기공명영상진단-기본검사-척추-척추강-조영제 주입 전·후 촬영 판독-판독료,RMHJ212,MRI 척추강 /조영제사용 판독료,166660
행위료,HI213,자기공명영상진단-기본검사-척추-전척추-조영제 주입 전·후 촬영 판독-촬영료 등,RMHI213,MRI 전척추 촬영료/조영제사용 [테슬라1.5-3.0미만+품질관리적합],577480
행위료,HI213,자기공명영상진단-기본검사-척추-전척추-조영제 주입 전·후 촬영 판독-촬영료 등,RMHI21301,MRI 전척추 촬영료/조영제사용 [테슬라3.0이상+품질관리적합],629980
행위료,HJ112,자기공명영상진단-기본검사-척추-척추강-일반-판독료,RMHJ112,MRI 척추강 판독료,125440
행위료,HH002,자기공명영상진단-기본검사-척추-표준영상 범위 외 맥동파순서열을 추가 촬영한 경우-2개 추가,RMHH002,자기공명영상진단-기본검사-척추-표준영상 범위 외 맥동파순서열을 추가 촬영한 경우-2개 추가,125440
행위료,HH003,자기공명영상진단-기본검사-척추-표준영상 범위 외 맥동파순서열을 추가 촬영한 경우-3개 추가,RMHH003,자기공명영상진단-기본검사-척추-표준영상 범위 외 맥동파순서열을 추가 촬영한 경우-3개 추가,156810
행위료,HH001,자기공명영상진단-기본검사-척추-표준영상 범위 외 맥동파순서열을 추가 촬영한 경우-1개 추가,RMHH001,자기공명영상진단-기본검사-척추-표준영상 범위 외 맥동파순서열을 추가 촬영한 경우-1개 추가,62720
행위료,HF107,특수자기공명영상진단-기능적 [기본검사 및 3차원자기공명영상 포함],RMHF107,MRI Functional,569370
행위료,HI133,자기공명영상진단-기본검사-복부-담췌관-일반-촬영료 등,RMHI133,MRI 담췌관 Cholangiogram 촬영료 [테슬라1.5-3.0미만+품질관리적합],255140
행위료,HI232,자기공명영상진단-기본검사-복부-간-조영제 주입 전·후 촬영 판독-촬영료 등,RMHI232,MRI 간 Liver 촬영료/조영제 사용 [테슬라1.5-3.0미만+품질관리적합],339020
행위료,HI132,자기공명영상진단-기본검사-복부-간-일반-촬영료 등,RMHI132,MRI 간 Liver  촬영료 [테슬라1.5-3.0미만+품질관리적합],255140
행위료,EB401,단순초음파(Ⅰ),SEB401,기본초음파-단순초음파(Ⅰ) ,15540
행위료,EB402,단순초음파(Ⅱ),SEB402,기본초음파-단순초음파(Ⅱ) ,31080
행위료,HJ134,자기공명영상진단-기본검사-복부-전립선-일반-판독료,RMHJ134,MRI 전립선 Prostate 일반 판독료 ,132540
행위료,HJ128,자기공명영상진단-기본검사-복부-골반-일반-판독료,RMHJ128,MRI 골반 Pelvis 일반 판독료 ,132540
행위료,HJ228,자기공명영상진단-기본검사-복부-골반-조영제 주입 전·후 촬영 판독-판독료,RMHJ228,MRI 골반 Pelvis 조영제 주입 전후 판독료,176120
행위료,HE239,기본자기공명영상진단-혈관-사지혈관-조영제주입전·후 촬영판독,RMHE239,MRI 사지혈관Extremity Angio 조영제사용,400000
행위료,HE123,기본자기공명영상진단-근골격계-관절외하지-일반,RMHE123,MRI Lower extremity,470000
행위료,HE122,기본자기공명영상진단-근골격계-관절외상지-일반,RMHE122,MRI Upper extremity,470000
행위료,HE121,기본자기공명영상진단-근골격계-발목관절-일반,RMHE121,MRI Ankle joint,470000
행위료,HJ231,자기공명영상진단-기본검사-복부-음낭 및 음경-조영제 주입 전·후 촬영 판독-판독료,RMHJ231,MRI 음낭 및 음경 Scrotum and Penile 조영제 주입 전후 판독료,176120
행위료,HI138,자기공명영상진단-기본검사-혈관 [동맥 또는 정맥]-복부혈관-일반-촬영료 등,RMHI138,MRI 복부혈관 Abdominal MRA 촬영료 [테슬라1.5-3.0미만+품질관리적합],255850
행위료,HI238,자기공명영상진단-기본검사-혈관 [동맥 또는 정맥]-복부혈관-조영제 주입 전·후 촬영 판독-촬영료 등,RMHI238,MRI 복부혈관 Abdominal MRA 촬영료/조영제 사용 [테슬라1.5-3.0미만+품질관리적합],340040
행위료,HE142,기본자기공명영상진단-근골격계-관절조영,RMHE142,MRI 관절조영추가산정,
행위료,HE139,기본자기공명영상진단-혈관-사지혈관-일반,RMHE139,MRI 사지혈관Extremity Angio,400000
행위료,EA002,진정내시경 환자관리료 Ⅱ,SEA002,진정내시경 환자관리료Ⅱ,85630
행위료,EB504,신경-말초신경 초음파-사지신경 종합 검사,SEB504,진단초음파-신경-(사지신경 종합검사)말초신경 초음파,153800
행위료,EB511,임산부-제1삼분기-일반,SEB511,진단초음파-임산부-(일반)제1삼분기 ,81130
행위료,HE223,기본자기공명영상진단-근골격계-관절외하지-조영제주입전·후 촬영판독,RMHE223,MRI Lower extremity 조영제사용,470000
행위료,HE222,기본자기공명영상진단-근골격계-관절외상지-조영제주입전·후 촬영판독,RMHE222,MRI Upper extremity 조영제사용,470000
행위료,EB435,심장-부하 심초음파-운동부하,SEB435,진단초음파-심장-(운동)부하심초음파 ,495810
행위료,EB431,심장-경흉부 심초음파-단순,SEB431,진단초음파-심장-(단순)경흉부심초음파,112010
행위료,EB431020,심장-경흉부 심초음파-단순,SEB431020,심장-경흉부 심초음파-단순/조영제 사용,145610
행위료,EB432,심장-경흉부 심초음파-일반,SEB432,진단초음파-심장-(일반)경흉부심초음파,176810
행위료,EB433,심장-경흉부 심초음파-전문,SEB433,진단초음파-심장-(전문)경흉부심초음파,257800
행위료,EB441,복부-복부 초음파-간·담낭·담도·비장·췌장-일반,SEB44105,(검진목적)진단초음파-복부-(일반)간·담낭·담도·비장·췌장,122110
행위료,AA154,"초진진찰료-의원,보건의료원 내 의과",A190000,촉탁의 초진 활동비,17610
행위료,AA254,"재진진찰료-의원,보건의료원 내 의과",A190001,촉탁의 재진 활동비,12590
제증명료,,,AQA00201,방문간호지시서(의료기관방문),21860
제증명료,,,AQA00202,치매진단 확인이 필요한 자에 대한 의견(노인장기요양),25930
치료재료대,BZ001004,,3012300133,"Urine Bottle (소변기 1000cc)/1EA(본인이 파손하거나, 귀가시 휴대하여 갈 경우 본인부담)",1252
치료재료대,VM061,,3012300023,Arm Sling(adult)/1EA,1058
치료재료대,BI001015,,4020400068,SL-NS(시력보정용안경),5500
치료재료대,681800010,박티그라(초산클로르헥시딘),4020900172,박티그라(초산클로르헥시딘)(스미스앤드네퓨)),2510
치료재료대,681800010,박티그라(초산클로르헥시딘),3010600041,박티그라(초산클로르헥시딘)(스미스앤드네퓨)),2510
치료재료대,20330,목발,3010600023,Crutch (대)/1EA,13880
치료재료대,20330,목발,3010600025,Crutch(중),13880
약제비,659900050,로와콜연질캡슐,DROWA,로와콜연질캅셀,352
행위료,643604611,페라미플루주15ml(페라미비르수화물)(174.6mg/15mL),MPERAMIFLU,페라미플루주15ml(페라미비르수화물),10987
행위료,56400041,,MZOSTA,스카이조스터주(대상포진생바이러스백신)(0.5mL),140000
행위료,670500530,보령세포배양일본뇌염백신주 (건조세포배양일본뇌염백신),MJBEC,보령세포배양일본뇌염백신주 0.7ml(보령바이오파마),40000
행위료,,,MJEVAX05,씨디제박스 주 백신[지원],40000
행위료,,,MZCOVID,코로나백신예방접종비(백신제외),19610
행위료,,,MSIVM-F,노인인플루엔자접종비(백신제외),19610
행위료,,,MZPVENAR13,[소아]폐렴구균 백신 - 박스뉴반스 프리필드시린지 [지원]-현물,19610
행위료,,,MHPV,여성청소년 사람유두종바이러스(HPV) 예방접종비(백신제외),19610
행위료,665900221,박씨그리프테트라주(인플루엔자분할백신)(0.5mL),MFLU05,(소방공무원지원백신)박씨그리프테트라주(사노피파스퇴르),14354
행위료,0,,MHBIG,B형간염 백신 헤파빅 1ml,34465
행위료,,,MTETRA,"테트락심 백신(DPT,소아마비 혼합)[지원]",50000
행위료,665900010,뉴모-23 폐렴구균백신주사(정제폐렴구균협막다당류),MPNEUMO,뉴모-23 폐렴구균백신주사(정제폐렴구균협막다당류),50000
행위료,,,MPDTIPV,인판릭스주(DTAP- IPV )0.5ml콤보백신[지원],50000
행위료,655500030,로타텍액[경구용 약독화 로타생바이러스백신(사람-소 재배열)],DROTAV,로타텍(로타바이러스)예방접종약(백신),80000
행위료,,,MHBV,B형간염 백신 헤파뮨프리필드시린지[성인],30000
행위료,,,MJBE,일본뇌염 백신1ml[지원],30000
행위료,670501031,보령플루Ⅷ테트라백신주(프리필드시린지)(인플루엔자분할백신)(0.5mL),MFLU4-A,4가 인플루엔자(독감)백신,30000
행위료,,,MBIKEN,수두 백신[지원],30000
행위료,,,MHPIB,악티브주 백신[지원],30000
행위료,644704382,,MSKYFLU4,스카이셀플루4가프리필드S.-만3세이상 사비소아과만,30000
행위료,,,MJBEC04,일본뇌염 보령(베로세포유래)배양일본뇌염백신주 0.4ml[지원],30000
행위료,642507441,백시플루4가주사액프리필드시린지(인플루엔자분할백신),MFLU4,4가 인플루엔자(독감) 백신[소아],30000
행위료,643605911,배리셀라주(수두생바이러스백신)(3800이상PFU),MBIKEN24,수두 백신[지원] 배리셀라주,30000
행위료,655501730,박타프리필드시린지(A형간염백신),MHAV,박타프리필드시린지(A형간염백신),30000
행위료,,,MIMOPV,소아마비 백신(폴리오) [지원],30000
행위료,650014200,,MMMR2,엠엠알II주 백신[지원](프리오릭스주),30000
행위료,,,MPDT05,인판릭스주 백신[지원]DPT소아,30000
행위료,643605311,녹십자티디백신프리필드시린지주(0.5mL),MTD,티디주 백신[지원],30000
행위료,,,MBCGP,경피용건조 BCG 백신,60000
행위료,665900111,"아다셀주(성인용 흡착 디프테리아, 파상풍톡소이드 및 정제 백일해 혼합백신)(0.5mL)",MADAC,아다셀주(DPT 백신)11세이상[지원],40000
행위료,655501930,"가다실 9 프리필드시린지[인유두종바이러스9가(6, 11, 16, 18, 31, 33, 45, 52, 58형)백신(유전자재조합)]",MGDS9,가다실 9 프리필드시린지[인유두종바이러스9가](유전자재조합)](MSD),180000
행위료,,,MHBVC,B형간염 백신 헤파박스 0.5ml [소아] - 지원,20000
행위료,650003220,싱그릭스주[대상포진바이러스백신(유전자재조합)](0.05mg/1세트),MSHINGRIX,싱그릭스주[대상포진바이러스백신(유전자재조합)](0.05mg/1세트) ,200000
행위료,,,MPVENAR13,[소아]폐렴구균 백신 - 프리베나 13주[지원],90000
행위료,665900210,"펜탁심주(흡착디프테리아, 파상풍 톡소이드, 정제 백일해, 개량 불활화 폴리오 및 헤모필루스인플루엔자비형-파상풍 톡소이드 접합 혼합백신)",MPENTAXIM,펜탁심주(DTaP-IPV-Hib) 백신[지원],70000
행위료,,,MPVENAR-A,[성인]폐렴구균백신-프리베나13(면역부전환자만 지원),90000
행위료,,,MHAV1,하브릭스주 성인용 백신,70000
행위료,,,MFLU25,독감 백신 0.25ml ,25000
행위료,,,MMENVEO,"멘비오(수막구균 A,C,W135 & Y-CRM197 단백 접합백신)",130000
행위료,655500020,"가다실 프리필드시린지[인유두종바이러스 4가(6,11,16,18형) 백신(유전자재조합)]",MGDS,"가다실[인유두종바이러스 4가(6,11,16,18형) 백신",120000
